-52,77,UkbY5CPdmecPHq9cVqu90eW6JGk=,dk8BnN4C846ZyalXWRGv+KPXML0=
-53,77,UkbY5CPdmecPHq9cVqu90eW6JGk=,dk8BnN4C846ZyalXWRGv+KPXML0=
-51,77,UkbY5CPdmecPHq9cVqu90eW6JGk=,dk8BnN4C846ZyalXWRGv+KPXML0=
-54,77,UkbY5CPdmecPHq9cVqu90eW6JGk=,dk8BnN4C846ZyalXWRGv+KPXML0=
-50,77,UkbY5CPdmecPHq9cVqu90eW6JGk=,dk8BnN4C846ZyalXWRGv+KPXML0=
-55,77,UkbY5CPdmecPHq9cVqu90eW6JGk=,dk8BnN4C846ZyalXWRGv+KPXML0=
-50,76,UkbY5CPdmecPHq9cVqu90eW6JGk=,dk8BnN4C846ZyalXWRGv+KPXML0=
-55,78,UkbY5CPdmecPHq9cVqu90eW6JGk=,dk8BnN4C846ZyalXWRGv+KPXML0=
-56,77,UkbY5CPdmecPHq9cVqu90eW6JGk=,dk8BnN4C846ZyalXWRGv+KPXML0=
-57,78,JO7gKoWUuFXp23n2wGQqFPCjjeY=,rezmBUpbN4kEbZaIrdj4C1mZ19Y=
-58,78,JO7gKoWUuFXp23n2wGQqFPCjjeY=,rezmBUpbN4kEbZaIrdj4C1mZ19Y=
-54,78,UkbY5CPdmecPHq9cVqu90eW6JGk=,dk8BnN4C846ZyalXWRGv+KPXML0=
-59,78,JO7gKoWUuFXp23n2wGQqFPCjjeY=,rezmBUpbN4kEbZaIrdj4C1mZ19Y=
-60,78,Ukdq1gYpZXUzd5qK+mxyKySuPtw=,rezmBUpbN4kEbZaIrdj4C1mZ19Y=
-51,76,UkbY5CPdmecPHq9cVqu90eW6JGk=,dk8BnN4C846ZyalXWRGv+KPXML0=
-53,78,UkbY5CPdmecPHq9cVqu90eW6JGk=,dk8BnN4C846ZyalXWRGv+KPXML0=
-61,78,SFkBMkCwTpGOxVbbZRdbl8gIkBQ=,rezmBUpbN4kEbZaIrdj4C1mZ19Y=
-62,78,SFkBMkCwTpGOxVbbZRdbl8gIkBQ=,rezmBUpbN4kEbZaIrdj4C1mZ19Y=
-52,78,UkbY5CPdmecPHq9cVqu90eW6JGk=,dk8BnN4C846ZyalXWRGv+KPXML0=
-56,76,UkbY5CPdmecPHq9cVqu90eW6JGk=,dk8BnN4C846ZyalXWRGv+KPXML0=
-52,76,UkbY5CPdmecPHq9cVqu90eW6JGk=,dk8BnN4C846ZyalXWRGv+KPXML0=
-51,78,UkbY5CPdmecPHq9cVqu90eW6JGk=,dk8BnN4C846ZyalXWRGv+KPXML0=
-63,78,SFkBMkCwTpGOxVbbZRdbl8gIkBQ=,rezmBUpbN4kEbZaIrdj4C1mZ19Y=
-57,77,UkbY5CPdmecPHq9cVqu90eW6JGk=,rezmBUpbN4kEbZaIrdj4C1mZ19Y=
-55,73,JO7gKoWUuFXp23n2wGQqFPCjjeY=,dk8BnN4C846ZyalXWRGv+KPXML0=
-53,76,UkbY5CPdmecPHq9cVqu90eW6JGk=,dk8BnN4C846ZyalXWRGv+KPXML0=
-58,77,UkbY5CPdmecPHq9cVqu90eW6JGk=,rezmBUpbN4kEbZaIrdj4C1mZ19Y=
-54,73,JO7gKoWUuFXp23n2wGQqFPCjjeY=,dk8BnN4C846ZyalXWRGv+KPXML0=
-59,77,UkbY5CPdmecPHq9cVqu90eW6JGk=,rezmBUpbN4kEbZaIrdj4C1mZ19Y=
-60,77,UkbY5CPdmecPHq9cVqu90eW6JGk=,rezmBUpbN4kEbZaIrdj4C1mZ19Y=
-53,73,JO7gKoWUuFXp23n2wGQqFPCjjeY=,dk8BnN4C846ZyalXWRGv+KPXML0=
-61,77,SFkBMkCwTpGOxVbbZRdbl8gIkBQ=,rezmBUpbN4kEbZaIrdj4C1mZ19Y=
-62,77,SFkBMkCwTpGOxVbbZRdbl8gIkBQ=,rezmBUpbN4kEbZaIrdj4C1mZ19Y=
-52,73,UkbY5CPdmecPHq9cVqu90eW6JGk=,dk8BnN4C846ZyalXWRGv+KPXML0=
-63,77,SFkBMkCwTpGOxVbbZRdbl8gIkBQ=,rezmBUpbN4kEbZaIrdj4C1mZ19Y=
-57,76,UkbY5CPdmecPHq9cVqu90eW6JGk=,rezmBUpbN4kEbZaIrdj4C1mZ19Y=
-51,73,UkbY5CPdmecPHq9cVqu90eW6JGk=,dk8BnN4C846ZyalXWRGv+KPXML0=
-58,76,UkbY5CPdmecPHq9cVqu90eW6JGk=,rezmBUpbN4kEbZaIrdj4C1mZ19Y=
-59,76,UkbY5CPdmecPHq9cVqu90eW6JGk=,rezmBUpbN4kEbZaIrdj4C1mZ19Y=
-60,71,JO7gKoWUuFXp23n2wGQqFPCjjeY=,VyA5WGgwvEoHDhVVfxGE3rxY3lc=
-50,73,UkbY5CPdmecPHq9cVqu90eW6JGk=,dk8BnN4C846ZyalXWRGv+KPXML0=
-59,70,Ukdq1gYpZXUzd5qK+mxyKySuPtw=,VyA5WGgwvEoHDhVVfxGE3rxY3lc=
-60,76,UkbY5CPdmecPHq9cVqu90eW6JGk=,rezmBUpbN4kEbZaIrdj4C1mZ19Y=
-59,71,JO7gKoWUuFXp23n2wGQqFPCjjeY=,VyA5WGgwvEoHDhVVfxGE3rxY3lc=
-50,78,UkbY5CPdmecPHq9cVqu90eW6JGk=,dk8BnN4C846ZyalXWRGv+KPXML0=
-58,68,Ukdq1gYpZXUzd5qK+mxyKySuPtw=,VyA5WGgwvEoHDhVVfxGE3rxY3lc=
-61,76,SFkBMkCwTpGOxVbbZRdbl8gIkBQ=,rezmBUpbN4kEbZaIrdj4C1mZ19Y=
-61,71,SFkBMkCwTpGOxVbbZRdbl8gIkBQ=,VyA5WGgwvEoHDhVVfxGE3rxY3lc=
-62,66,SFkBMkCwTpGOxVbbZRdbl8gIkBQ=,VyA5WGgwvEoHDhVVfxGE3rxY3lc=
-55,74,JO7gKoWUuFXp23n2wGQqFPCjjeY=,dk8BnN4C846ZyalXWRGv+KPXML0=
-62,71,SFkBMkCwTpGOxVbbZRdbl8gIkBQ=,VyA5WGgwvEoHDhVVfxGE3rxY3lc=
-62,76,SFkBMkCwTpGOxVbbZRdbl8gIkBQ=,rezmBUpbN4kEbZaIrdj4C1mZ19Y=
-58,71,JO7gKoWUuFXp23n2wGQqFPCjjeY=,VyA5WGgwvEoHDhVVfxGE3rxY3lc=
-54,74,JO7gKoWUuFXp23n2wGQqFPCjjeY=,dk8BnN4C846ZyalXWRGv+KPXML0=
-63,76,UkbY5CPdmecPHq9cVqu90eW6JGk=,rezmBUpbN4kEbZaIrdj4C1mZ19Y=
-56,75,JO7gKoWUuFXp23n2wGQqFPCjjeY=,dk8BnN4C846ZyalXWRGv+KPXML0=
-57,75,JO7gKoWUuFXp23n2wGQqFPCjjeY=,rezmBUpbN4kEbZaIrdj4C1mZ19Y=
-53,74,JO7gKoWUuFXp23n2wGQqFPCjjeY=,dk8BnN4C846ZyalXWRGv+KPXML0=
-63,68,SFkBMkCwTpGOxVbbZRdbl8gIkBQ=,VyA5WGgwvEoHDhVVfxGE3rxY3lc=
-54,76,UkbY5CPdmecPHq9cVqu90eW6JGk=,dk8BnN4C846ZyalXWRGv+KPXML0=
-59,68,Ukdq1gYpZXUzd5qK+mxyKySuPtw=,VyA5WGgwvEoHDhVVfxGE3rxY3lc=
-60,70,Ukdq1gYpZXUzd5qK+mxyKySuPtw=,VyA5WGgwvEoHDhVVfxGE3rxY3lc=
-52,74,UkbY5CPdmecPHq9cVqu90eW6JGk=,dk8BnN4C846ZyalXWRGv+KPXML0=
-58,75,JO7gKoWUuFXp23n2wGQqFPCjjeY=,rezmBUpbN4kEbZaIrdj4C1mZ19Y=
-62,68,SFkBMkCwTpGOxVbbZRdbl8gIkBQ=,VyA5WGgwvEoHDhVVfxGE3rxY3lc=
-55,76,UkbY5CPdmecPHq9cVqu90eW6JGk=,dk8BnN4C846ZyalXWRGv+KPXML0=
-63,66,SFkBMkCwTpGOxVbbZRdbl8gIkBQ=,VyA5WGgwvEoHDhVVfxGE3rxY3lc=
-51,74,UkbY5CPdmecPHq9cVqu90eW6JGk=,dk8BnN4C846ZyalXWRGv+KPXML0=
-61,68,SFkBMkCwTpGOxVbbZRdbl8gIkBQ=,VyA5WGgwvEoHDhVVfxGE3rxY3lc=
-63,71,SFkBMkCwTpGOxVbbZRdbl8gIkBQ=,VyA5WGgwvEoHDhVVfxGE3rxY3lc=
-50,74,UkbY5CPdmecPHq9cVqu90eW6JGk=,dk8BnN4C846ZyalXWRGv+KPXML0=
-59,75,JO7gKoWUuFXp23n2wGQqFPCjjeY=,rezmBUpbN4kEbZaIrdj4C1mZ19Y=
-61,66,SFkBMkCwTpGOxVbbZRdbl8gIkBQ=,VyA5WGgwvEoHDhVVfxGE3rxY3lc=
-58,70,JO7gKoWUuFXp23n2wGQqFPCjjeY=,VyA5WGgwvEoHDhVVfxGE3rxY3lc=
-60,75,JO7gKoWUuFXp23n2wGQqFPCjjeY=,rezmBUpbN4kEbZaIrdj4C1mZ19Y=
-55,75,JO7gKoWUuFXp23n2wGQqFPCjjeY=,dk8BnN4C846ZyalXWRGv+KPXML0=
-63,72,UkbY5CPdmecPHq9cVqu90eW6JGk=,rezmBUpbN4kEbZaIrdj4C1mZ19Y=
-61,75,UkbY5CPdmecPHq9cVqu90eW6JGk=,rezmBUpbN4kEbZaIrdj4C1mZ19Y=
-54,75,JO7gKoWUuFXp23n2wGQqFPCjjeY=,dk8BnN4C846ZyalXWRGv+KPXML0=
-58,67,JO7gKoWUuFXp23n2wGQqFPCjjeY=,VyA5WGgwvEoHDhVVfxGE3rxY3lc=
-62,72,UkbY5CPdmecPHq9cVqu90eW6JGk=,rezmBUpbN4kEbZaIrdj4C1mZ19Y=
-53,75,JO7gKoWUuFXp23n2wGQqFPCjjeY=,dk8BnN4C846ZyalXWRGv+KPXML0=
-63,75,UkbY5CPdmecPHq9cVqu90eW6JGk=,rezmBUpbN4kEbZaIrdj4C1mZ19Y=
-62,75,SFkBMkCwTpGOxVbbZRdbl8gIkBQ=,rezmBUpbN4kEbZaIrdj4C1mZ19Y=
-52,75,UkbY5CPdmecPHq9cVqu90eW6JGk=,dk8BnN4C846ZyalXWRGv+KPXML0=
-61,70,SFkBMkCwTpGOxVbbZRdbl8gIkBQ=,VyA5WGgwvEoHDhVVfxGE3rxY3lc=
-61,72,SFkBMkCwTpGOxVbbZRdbl8gIkBQ=,rezmBUpbN4kEbZaIrdj4C1mZ19Y=
-56,78,JO7gKoWUuFXp23n2wGQqFPCjjeY=,dk8BnN4C846ZyalXWRGv+KPXML0=
-51,75,UkbY5CPdmecPHq9cVqu90eW6JGk=,dk8BnN4C846ZyalXWRGv+KPXML0=
-63,73,SFkBMkCwTpGOxVbbZRdbl8gIkBQ=,rezmBUpbN4kEbZaIrdj4C1mZ19Y=
-58,69,Ukdq1gYpZXUzd5qK+mxyKySuPtw=,VyA5WGgwvEoHDhVVfxGE3rxY3lc=
-56,73,JO7gKoWUuFXp23n2wGQqFPCjjeY=,dk8BnN4C846ZyalXWRGv+KPXML0=
-60,72,JO7gKoWUuFXp23n2wGQqFPCjjeY=,rezmBUpbN4kEbZaIrdj4C1mZ19Y=
-59,72,JO7gKoWUuFXp23n2wGQqFPCjjeY=,rezmBUpbN4kEbZaIrdj4C1mZ19Y=
-62,73,SFkBMkCwTpGOxVbbZRdbl8gIkBQ=,rezmBUpbN4kEbZaIrdj4C1mZ19Y=
-58,72,JO7gKoWUuFXp23n2wGQqFPCjjeY=,rezmBUpbN4kEbZaIrdj4C1mZ19Y=
-57,74,JO7gKoWUuFXp23n2wGQqFPCjjeY=,rezmBUpbN4kEbZaIrdj4C1mZ19Y=
-61,73,SFkBMkCwTpGOxVbbZRdbl8gIkBQ=,rezmBUpbN4kEbZaIrdj4C1mZ19Y=
-62,67,SFkBMkCwTpGOxVbbZRdbl8gIkBQ=,VyA5WGgwvEoHDhVVfxGE3rxY3lc=
-60,73,JO7gKoWUuFXp23n2wGQqFPCjjeY=,rezmBUpbN4kEbZaIrdj4C1mZ19Y=
-60,68,JO7gKoWUuFXp23n2wGQqFPCjjeY=,VyA5WGgwvEoHDhVVfxGE3rxY3lc=
-59,73,JO7gKoWUuFXp23n2wGQqFPCjjeY=,rezmBUpbN4kEbZaIrdj4C1mZ19Y=
-59,67,JO7gKoWUuFXp23n2wGQqFPCjjeY=,VyA5WGgwvEoHDhVVfxGE3rxY3lc=
-63,67,SFkBMkCwTpGOxVbbZRdbl8gIkBQ=,VyA5WGgwvEoHDhVVfxGE3rxY3lc=
-63,69,SFkBMkCwTpGOxVbbZRdbl8gIkBQ=,VyA5WGgwvEoHDhVVfxGE3rxY3lc=
-50,75,UkbY5CPdmecPHq9cVqu90eW6JGk=,dk8BnN4C846ZyalXWRGv+KPXML0=
-58,73,JO7gKoWUuFXp23n2wGQqFPCjjeY=,rezmBUpbN4kEbZaIrdj4C1mZ19Y=
-62,69,SFkBMkCwTpGOxVbbZRdbl8gIkBQ=,VyA5WGgwvEoHDhVVfxGE3rxY3lc=
-56,74,JO7gKoWUuFXp23n2wGQqFPCjjeY=,dk8BnN4C846ZyalXWRGv+KPXML0=
-61,69,SFkBMkCwTpGOxVbbZRdbl8gIkBQ=,VyA5WGgwvEoHDhVVfxGE3rxY3lc=
-57,73,3GbeoV0FclnHXSfQHny1/NjeRfo=,rezmBUpbN4kEbZaIrdj4C1mZ19Y=
-60,66,UkbY5CPdmecPHq9cVqu90eW6JGk=,VyA5WGgwvEoHDhVVfxGE3rxY3lc=
-63,74,UkbY5CPdmecPHq9cVqu90eW6JGk=,rezmBUpbN4kEbZaIrdj4C1mZ19Y=
-63,70,SFkBMkCwTpGOxVbbZRdbl8gIkBQ=,VyA5WGgwvEoHDhVVfxGE3rxY3lc=
-62,74,UkbY5CPdmecPHq9cVqu90eW6JGk=,rezmBUpbN4kEbZaIrdj4C1mZ19Y=
-59,66,UkbY5CPdmecPHq9cVqu90eW6JGk=,VyA5WGgwvEoHDhVVfxGE3rxY3lc=
-61,74,UkbY5CPdmecPHq9cVqu90eW6JGk=,rezmBUpbN4kEbZaIrdj4C1mZ19Y=
-61,67,SFkBMkCwTpGOxVbbZRdbl8gIkBQ=,VyA5WGgwvEoHDhVVfxGE3rxY3lc=
-60,74,JO7gKoWUuFXp23n2wGQqFPCjjeY=,rezmBUpbN4kEbZaIrdj4C1mZ19Y=
-59,74,Ukdq1gYpZXUzd5qK+mxyKySuPtw=,rezmBUpbN4kEbZaIrdj4C1mZ19Y=
-60,69,Ukdq1gYpZXUzd5qK+mxyKySuPtw=,VyA5WGgwvEoHDhVVfxGE3rxY3lc=
-49,77,UkbY5CPdmecPHq9cVqu90eW6JGk=,dk8BnN4C846ZyalXWRGv+KPXML0=
-58,66,UkbY5CPdmecPHq9cVqu90eW6JGk=,VyA5WGgwvEoHDhVVfxGE3rxY3lc=
-58,74,Ukdq1gYpZXUzd5qK+mxyKySuPtw=,rezmBUpbN4kEbZaIrdj4C1mZ19Y=
-49,73,JO7gKoWUuFXp23n2wGQqFPCjjeY=,dk8BnN4C846ZyalXWRGv+KPXML0=
-60,65,UkbY5CPdmecPHq9cVqu90eW6JGk=,VyA5WGgwvEoHDhVVfxGE3rxY3lc=
-49,78,UkbY5CPdmecPHq9cVqu90eW6JGk=,dk8BnN4C846ZyalXWRGv+KPXML0=
-49,74,UkbY5CPdmecPHq9cVqu90eW6JGk=,dk8BnN4C846ZyalXWRGv+KPXML0=
-59,65,UkbY5CPdmecPHq9cVqu90eW6JGk=,VyA5WGgwvEoHDhVVfxGE3rxY3lc=
-59,69,Ukdq1gYpZXUzd5qK+mxyKySuPtw=,VyA5WGgwvEoHDhVVfxGE3rxY3lc=
-49,75,UkbY5CPdmecPHq9cVqu90eW6JGk=,dk8BnN4C846ZyalXWRGv+KPXML0=
-58,65,UkbY5CPdmecPHq9cVqu90eW6JGk=,VyA5WGgwvEoHDhVVfxGE3rxY3lc=
-49,76,UkbY5CPdmecPHq9cVqu90eW6JGk=,dk8BnN4C846ZyalXWRGv+KPXML0=
-62,70,SFkBMkCwTpGOxVbbZRdbl8gIkBQ=,VyA5WGgwvEoHDhVVfxGE3rxY3lc=
-60,67,JO7gKoWUuFXp23n2wGQqFPCjjeY=,VyA5WGgwvEoHDhVVfxGE3rxY3lc=
-62,64,SFkBMkCwTpGOxVbbZRdbl8gIkBQ=,VyA5WGgwvEoHDhVVfxGE3rxY3lc=
-63,65,SFkBMkCwTpGOxVbbZRdbl8gIkBQ=,VyA5WGgwvEoHDhVVfxGE3rxY3lc=
-62,65,SFkBMkCwTpGOxVbbZRdbl8gIkBQ=,VyA5WGgwvEoHDhVVfxGE3rxY3lc=
-60,64,JO7gKoWUuFXp23n2wGQqFPCjjeY=,VyA5WGgwvEoHDhVVfxGE3rxY3lc=
-59,64,JO7gKoWUuFXp23n2wGQqFPCjjeY=,VyA5WGgwvEoHDhVVfxGE3rxY3lc=
-61,65,SFkBMkCwTpGOxVbbZRdbl8gIkBQ=,VyA5WGgwvEoHDhVVfxGE3rxY3lc=
-58,64,3GbeoV0FclnHXSfQHny1/NjeRfo=,VyA5WGgwvEoHDhVVfxGE3rxY3lc=
-63,64,SFkBMkCwTpGOxVbbZRdbl8gIkBQ=,VyA5WGgwvEoHDhVVfxGE3rxY3lc=
-61,64,SFkBMkCwTpGOxVbbZRdbl8gIkBQ=,VyA5WGgwvEoHDhVVfxGE3rxY3lc=
-64,68,SFkBMkCwTpGOxVbbZRdbl8gIkBQ=,VyA5WGgwvEoHDhVVfxGE3rxY3lc=
-64,72,SFkBMkCwTpGOxVbbZRdbl8gIkBQ=,rezmBUpbN4kEbZaIrdj4C1mZ19Y=
-60,79,3GbeoV0FclnHXSfQHny1/NjeRfo=,rezmBUpbN4kEbZaIrdj4C1mZ19Y=
-59,79,3GbeoV0FclnHXSfQHny1/NjeRfo=,rezmBUpbN4kEbZaIrdj4C1mZ19Y=
-63,79,3GbeoV0FclnHXSfQHny1/NjeRfo=,rezmBUpbN4kEbZaIrdj4C1mZ19Y=
-58,79,3GbeoV0FclnHXSfQHny1/NjeRfo=,rezmBUpbN4kEbZaIrdj4C1mZ19Y=
-62,79,3GbeoV0FclnHXSfQHny1/NjeRfo=,rezmBUpbN4kEbZaIrdj4C1mZ19Y=
-61,79,3GbeoV0FclnHXSfQHny1/NjeRfo=,rezmBUpbN4kEbZaIrdj4C1mZ19Y=
-64,70,SFkBMkCwTpGOxVbbZRdbl8gIkBQ=,VyA5WGgwvEoHDhVVfxGE3rxY3lc=
-64,73,SFkBMkCwTpGOxVbbZRdbl8gIkBQ=,rezmBUpbN4kEbZaIrdj4C1mZ19Y=
-64,69,SFkBMkCwTpGOxVbbZRdbl8gIkBQ=,VyA5WGgwvEoHDhVVfxGE3rxY3lc=
-64,74,SFkBMkCwTpGOxVbbZRdbl8gIkBQ=,rezmBUpbN4kEbZaIrdj4C1mZ19Y=
-64,67,SFkBMkCwTpGOxVbbZRdbl8gIkBQ=,VyA5WGgwvEoHDhVVfxGE3rxY3lc=
-64,75,SFkBMkCwTpGOxVbbZRdbl8gIkBQ=,rezmBUpbN4kEbZaIrdj4C1mZ19Y=
-64,65,SFkBMkCwTpGOxVbbZRdbl8gIkBQ=,VyA5WGgwvEoHDhVVfxGE3rxY3lc=
-64,76,SFkBMkCwTpGOxVbbZRdbl8gIkBQ=,rezmBUpbN4kEbZaIrdj4C1mZ19Y=
-57,79,JO7gKoWUuFXp23n2wGQqFPCjjeY=,rezmBUpbN4kEbZaIrdj4C1mZ19Y=
-56,79,JO7gKoWUuFXp23n2wGQqFPCjjeY=,dk8BnN4C846ZyalXWRGv+KPXML0=
-55,79,JO7gKoWUuFXp23n2wGQqFPCjjeY=,dk8BnN4C846ZyalXWRGv+KPXML0=
-54,79,UkbY5CPdmecPHq9cVqu90eW6JGk=,dk8BnN4C846ZyalXWRGv+KPXML0=
-53,79,UkbY5CPdmecPHq9cVqu90eW6JGk=,dk8BnN4C846ZyalXWRGv+KPXML0=
-52,79,UkbY5CPdmecPHq9cVqu90eW6JGk=,dk8BnN4C846ZyalXWRGv+KPXML0=
-51,79,UkbY5CPdmecPHq9cVqu90eW6JGk=,dk8BnN4C846ZyalXWRGv+KPXML0=
-64,66,SFkBMkCwTpGOxVbbZRdbl8gIkBQ=,VyA5WGgwvEoHDhVVfxGE3rxY3lc=
-64,71,UkbY5CPdmecPHq9cVqu90eW6JGk=,VyA5WGgwvEoHDhVVfxGE3rxY3lc=
-64,77,SFkBMkCwTpGOxVbbZRdbl8gIkBQ=,rezmBUpbN4kEbZaIrdj4C1mZ19Y=
-49,79,UkbY5CPdmecPHq9cVqu90eW6JGk=,dk8BnN4C846ZyalXWRGv+KPXML0=
-64,79,UkbY5CPdmecPHq9cVqu90eW6JGk=,rezmBUpbN4kEbZaIrdj4C1mZ19Y=
-64,78,SFkBMkCwTpGOxVbbZRdbl8gIkBQ=,rezmBUpbN4kEbZaIrdj4C1mZ19Y=
-50,79,UkbY5CPdmecPHq9cVqu90eW6JGk=,dk8BnN4C846ZyalXWRGv+KPXML0=
-64,64,SFkBMkCwTpGOxVbbZRdbl8gIkBQ=,VyA5WGgwvEoHDhVVfxGE3rxY3lc=
-53,67,Ukdq1gYpZXUzd5qK+mxyKySuPtw=,MkopNp9/thAyEDKv97uD6J+7T30=
-52,67,Ukdq1gYpZXUzd5qK+mxyKySuPtw=,MkopNp9/thAyEDKv97uD6J+7T30=
-49,71,JO7gKoWUuFXp23n2wGQqFPCjjeY=,MkopNp9/thAyEDKv97uD6J+7T30=
-54,67,Ukdq1gYpZXUzd5qK+mxyKySuPtw=,MkopNp9/thAyEDKv97uD6J+7T30=
-55,67,Ukdq1gYpZXUzd5qK+mxyKySuPtw=,MkopNp9/thAyEDKv97uD6J+7T30=
-57,68,Ukdq1gYpZXUzd5qK+mxyKySuPtw=,VyA5WGgwvEoHDhVVfxGE3rxY3lc=
-51,71,UkbY5CPdmecPHq9cVqu90eW6JGk=,MkopNp9/thAyEDKv97uD6J+7T30=
-50,71,UkbY5CPdmecPHq9cVqu90eW6JGk=,MkopNp9/thAyEDKv97uD6J+7T30=
-56,67,UkbY5CPdmecPHq9cVqu90eW6JGk=,MkopNp9/thAyEDKv97uD6J+7T30=
-49,66,UkbY5CPdmecPHq9cVqu90eW6JGk=,MkopNp9/thAyEDKv97uD6J+7T30=
-52,66,UkbY5CPdmecPHq9cVqu90eW6JGk=,MkopNp9/thAyEDKv97uD6J+7T30=
-51,67,Ukdq1gYpZXUzd5qK+mxyKySuPtw=,MkopNp9/thAyEDKv97uD6J+7T30=
-53,66,Ukdq1gYpZXUzd5qK+mxyKySuPtw=,MkopNp9/thAyEDKv97uD6J+7T30=
-51,66,UkbY5CPdmecPHq9cVqu90eW6JGk=,MkopNp9/thAyEDKv97uD6J+7T30=
-54,66,UkbY5CPdmecPHq9cVqu90eW6JGk=,MkopNp9/thAyEDKv97uD6J+7T30=
-50,66,UkbY5CPdmecPHq9cVqu90eW6JGk=,MkopNp9/thAyEDKv97uD6J+7T30=
-56,66,UkbY5CPdmecPHq9cVqu90eW6JGk=,MkopNp9/thAyEDKv97uD6J+7T30=
-55,66,UkbY5CPdmecPHq9cVqu90eW6JGk=,MkopNp9/thAyEDKv97uD6J+7T30=
-53,71,JO7gKoWUuFXp23n2wGQqFPCjjeY=,MkopNp9/thAyEDKv97uD6J+7T30=
-52,71,JO7gKoWUuFXp23n2wGQqFPCjjeY=,MkopNp9/thAyEDKv97uD6J+7T30=
-57,71,3GbeoV0FclnHXSfQHny1/NjeRfo=,VyA5WGgwvEoHDhVVfxGE3rxY3lc=
-50,65,UkbY5CPdmecPHq9cVqu90eW6JGk=,MkopNp9/thAyEDKv97uD6J+7T30=
-54,71,JO7gKoWUuFXp23n2wGQqFPCjjeY=,MkopNp9/thAyEDKv97uD6J+7T30=
-49,65,UkbY5CPdmecPHq9cVqu90eW6JGk=,MkopNp9/thAyEDKv97uD6J+7T30=
-51,65,UkbY5CPdmecPHq9cVqu90eW6JGk=,MkopNp9/thAyEDKv97uD6J+7T30=
-53,65,UkbY5CPdmecPHq9cVqu90eW6JGk=,MkopNp9/thAyEDKv97uD6J+7T30=
-52,65,JO7gKoWUuFXp23n2wGQqFPCjjeY=,MkopNp9/thAyEDKv97uD6J+7T30=
-54,65,UkbY5CPdmecPHq9cVqu90eW6JGk=,MkopNp9/thAyEDKv97uD6J+7T30=
-57,67,Ukdq1gYpZXUzd5qK+mxyKySuPtw=,VyA5WGgwvEoHDhVVfxGE3rxY3lc=
-55,65,UkbY5CPdmecPHq9cVqu90eW6JGk=,MkopNp9/thAyEDKv97uD6J+7T30=
-56,65,UkbY5CPdmecPHq9cVqu90eW6JGk=,MkopNp9/thAyEDKv97uD6J+7T30=
-50,67,Ukdq1gYpZXUzd5qK+mxyKySuPtw=,MkopNp9/thAyEDKv97uD6J+7T30=
-50,64,UkbY5CPdmecPHq9cVqu90eW6JGk=,MkopNp9/thAyEDKv97uD6J+7T30=
-55,71,JO7gKoWUuFXp23n2wGQqFPCjjeY=,MkopNp9/thAyEDKv97uD6J+7T30=
-51,64,UkbY5CPdmecPHq9cVqu90eW6JGk=,MkopNp9/thAyEDKv97uD6J+7T30=
-52,64,UkbY5CPdmecPHq9cVqu90eW6JGk=,MkopNp9/thAyEDKv97uD6J+7T30=
-49,64,JO7gKoWUuFXp23n2wGQqFPCjjeY=,MkopNp9/thAyEDKv97uD6J+7T30=
-55,64,JO7gKoWUuFXp23n2wGQqFPCjjeY=,MkopNp9/thAyEDKv97uD6J+7T30=
-53,64,JO7gKoWUuFXp23n2wGQqFPCjjeY=,MkopNp9/thAyEDKv97uD6J+7T30=
-56,71,JO7gKoWUuFXp23n2wGQqFPCjjeY=,MkopNp9/thAyEDKv97uD6J+7T30=
-49,70,JO7gKoWUuFXp23n2wGQqFPCjjeY=,MkopNp9/thAyEDKv97uD6J+7T30=
-49,67,JO7gKoWUuFXp23n2wGQqFPCjjeY=,MkopNp9/thAyEDKv97uD6J+7T30=
-54,64,JO7gKoWUuFXp23n2wGQqFPCjjeY=,MkopNp9/thAyEDKv97uD6J+7T30=
-50,70,UkbY5CPdmecPHq9cVqu90eW6JGk=,MkopNp9/thAyEDKv97uD6J+7T30=
-56,64,3GbeoV0FclnHXSfQHny1/NjeRfo=,MkopNp9/thAyEDKv97uD6J+7T30=
-51,70,UkbY5CPdmecPHq9cVqu90eW6JGk=,MkopNp9/thAyEDKv97uD6J+7T30=
-57,64,3GbeoV0FclnHXSfQHny1/NjeRfo=,VyA5WGgwvEoHDhVVfxGE3rxY3lc=
-52,70,UkbY5CPdmecPHq9cVqu90eW6JGk=,MkopNp9/thAyEDKv97uD6J+7T30=
-53,70,JO7gKoWUuFXp23n2wGQqFPCjjeY=,MkopNp9/thAyEDKv97uD6J+7T30=
-54,70,JO7gKoWUuFXp23n2wGQqFPCjjeY=,MkopNp9/thAyEDKv97uD6J+7T30=
-57,65,JO7gKoWUuFXp23n2wGQqFPCjjeY=,VyA5WGgwvEoHDhVVfxGE3rxY3lc=
-55,70,JO7gKoWUuFXp23n2wGQqFPCjjeY=,MkopNp9/thAyEDKv97uD6J+7T30=
-56,68,Ukdq1gYpZXUzd5qK+mxyKySuPtw=,MkopNp9/thAyEDKv97uD6J+7T30=
-49,69,JO7gKoWUuFXp23n2wGQqFPCjjeY=,MkopNp9/thAyEDKv97uD6J+7T30=
-56,70,3GbeoV0FclnHXSfQHny1/NjeRfo=,MkopNp9/thAyEDKv97uD6J+7T30=
-57,66,JO7gKoWUuFXp23n2wGQqFPCjjeY=,VyA5WGgwvEoHDhVVfxGE3rxY3lc=
-50,69,UkbY5CPdmecPHq9cVqu90eW6JGk=,MkopNp9/thAyEDKv97uD6J+7T30=
-52,69,Ukdq1gYpZXUzd5qK+mxyKySuPtw=,MkopNp9/thAyEDKv97uD6J+7T30=
-51,69,UkbY5CPdmecPHq9cVqu90eW6JGk=,MkopNp9/thAyEDKv97uD6J+7T30=
-54,69,3GbeoV0FclnHXSfQHny1/NjeRfo=,MkopNp9/thAyEDKv97uD6J+7T30=
-53,69,3GbeoV0FclnHXSfQHny1/NjeRfo=,MkopNp9/thAyEDKv97uD6J+7T30=
-56,69,Ukdq1gYpZXUzd5qK+mxyKySuPtw=,MkopNp9/thAyEDKv97uD6J+7T30=
-49,68,Ukdq1gYpZXUzd5qK+mxyKySuPtw=,MkopNp9/thAyEDKv97uD6J+7T30=
-50,68,UkbY5CPdmecPHq9cVqu90eW6JGk=,MkopNp9/thAyEDKv97uD6J+7T30=
-55,68,Ukdq1gYpZXUzd5qK+mxyKySuPtw=,MkopNp9/thAyEDKv97uD6J+7T30=
-57,70,3GbeoV0FclnHXSfQHny1/NjeRfo=,VyA5WGgwvEoHDhVVfxGE3rxY3lc=
-57,69,3GbeoV0FclnHXSfQHny1/NjeRfo=,VyA5WGgwvEoHDhVVfxGE3rxY3lc=
-50,72,UkbY5CPdmecPHq9cVqu90eW6JGk=,dk8BnN4C846ZyalXWRGv+KPXML0=
-49,72,UkbY5CPdmecPHq9cVqu90eW6JGk=,dk8BnN4C846ZyalXWRGv+KPXML0=
-51,72,Ukdq1gYpZXUzd5qK+mxyKySuPtw=,dk8BnN4C846ZyalXWRGv+KPXML0=
-52,72,UkbY5CPdmecPHq9cVqu90eW6JGk=,dk8BnN4C846ZyalXWRGv+KPXML0=
-53,72,Ukdq1gYpZXUzd5qK+mxyKySuPtw=,dk8BnN4C846ZyalXWRGv+KPXML0=
-55,69,3GbeoV0FclnHXSfQHny1/NjeRfo=,MkopNp9/thAyEDKv97uD6J+7T30=
-51,68,UkbY5CPdmecPHq9cVqu90eW6JGk=,MkopNp9/thAyEDKv97uD6J+7T30=
-54,72,Ukdq1gYpZXUzd5qK+mxyKySuPtw=,dk8BnN4C846ZyalXWRGv+KPXML0=
-54,68,Ukdq1gYpZXUzd5qK+mxyKySuPtw=,MkopNp9/thAyEDKv97uD6J+7T30=
-55,72,Ukdq1gYpZXUzd5qK+mxyKySuPtw=,dk8BnN4C846ZyalXWRGv+KPXML0=
-57,72,3GbeoV0FclnHXSfQHny1/NjeRfo=,rezmBUpbN4kEbZaIrdj4C1mZ19Y=
-52,68,UkbY5CPdmecPHq9cVqu90eW6JGk=,MkopNp9/thAyEDKv97uD6J+7T30=
-56,72,Ukdq1gYpZXUzd5qK+mxyKySuPtw=,dk8BnN4C846ZyalXWRGv+KPXML0=
-53,68,Ukdq1gYpZXUzd5qK+mxyKySuPtw=,MkopNp9/thAyEDKv97uD6J+7T30=
-54,87,SFkBMkCwTpGOxVbbZRdbl8gIkBQ=,sYS3xgKEelgBuPvC1N0eFk572ro=
-52,87,SFkBMkCwTpGOxVbbZRdbl8gIkBQ=,sYS3xgKEelgBuPvC1N0eFk572ro=
-53,87,SFkBMkCwTpGOxVbbZRdbl8gIkBQ=,sYS3xgKEelgBuPvC1N0eFk572ro=
-55,87,SFkBMkCwTpGOxVbbZRdbl8gIkBQ=,sYS3xgKEelgBuPvC1N0eFk572ro=
-50,86,SFkBMkCwTpGOxVbbZRdbl8gIkBQ=,sYS3xgKEelgBuPvC1N0eFk572ro=
-51,86,SFkBMkCwTpGOxVbbZRdbl8gIkBQ=,sYS3xgKEelgBuPvC1N0eFk572ro=
-49,86,SFkBMkCwTpGOxVbbZRdbl8gIkBQ=,sYS3xgKEelgBuPvC1N0eFk572ro=
-52,86,SFkBMkCwTpGOxVbbZRdbl8gIkBQ=,sYS3xgKEelgBuPvC1N0eFk572ro=
-54,86,SFkBMkCwTpGOxVbbZRdbl8gIkBQ=,sYS3xgKEelgBuPvC1N0eFk572ro=
-53,86,SFkBMkCwTpGOxVbbZRdbl8gIkBQ=,sYS3xgKEelgBuPvC1N0eFk572ro=
-55,86,SFkBMkCwTpGOxVbbZRdbl8gIkBQ=,sYS3xgKEelgBuPvC1N0eFk572ro=
-49,85,SFkBMkCwTpGOxVbbZRdbl8gIkBQ=,sYS3xgKEelgBuPvC1N0eFk572ro=
-52,85,SFkBMkCwTpGOxVbbZRdbl8gIkBQ=,sYS3xgKEelgBuPvC1N0eFk572ro=
-50,85,SFkBMkCwTpGOxVbbZRdbl8gIkBQ=,sYS3xgKEelgBuPvC1N0eFk572ro=
-51,85,SFkBMkCwTpGOxVbbZRdbl8gIkBQ=,sYS3xgKEelgBuPvC1N0eFk572ro=
-53,85,SFkBMkCwTpGOxVbbZRdbl8gIkBQ=,sYS3xgKEelgBuPvC1N0eFk572ro=
-54,85,SFkBMkCwTpGOxVbbZRdbl8gIkBQ=,sYS3xgKEelgBuPvC1N0eFk572ro=
-55,85,SFkBMkCwTpGOxVbbZRdbl8gIkBQ=,sYS3xgKEelgBuPvC1N0eFk572ro=
-50,84,SFkBMkCwTpGOxVbbZRdbl8gIkBQ=,sYS3xgKEelgBuPvC1N0eFk572ro=
-52,84,SFkBMkCwTpGOxVbbZRdbl8gIkBQ=,sYS3xgKEelgBuPvC1N0eFk572ro=
-49,84,SFkBMkCwTpGOxVbbZRdbl8gIkBQ=,sYS3xgKEelgBuPvC1N0eFk572ro=
-53,84,SFkBMkCwTpGOxVbbZRdbl8gIkBQ=,sYS3xgKEelgBuPvC1N0eFk572ro=
-51,84,SFkBMkCwTpGOxVbbZRdbl8gIkBQ=,sYS3xgKEelgBuPvC1N0eFk572ro=
-55,84,SFkBMkCwTpGOxVbbZRdbl8gIkBQ=,sYS3xgKEelgBuPvC1N0eFk572ro=
-54,84,SFkBMkCwTpGOxVbbZRdbl8gIkBQ=,sYS3xgKEelgBuPvC1N0eFk572ro=
-49,83,SFkBMkCwTpGOxVbbZRdbl8gIkBQ=,sYS3xgKEelgBuPvC1N0eFk572ro=
-50,83,SFkBMkCwTpGOxVbbZRdbl8gIkBQ=,sYS3xgKEelgBuPvC1N0eFk572ro=
-51,83,SFkBMkCwTpGOxVbbZRdbl8gIkBQ=,sYS3xgKEelgBuPvC1N0eFk572ro=
-52,83,SFkBMkCwTpGOxVbbZRdbl8gIkBQ=,sYS3xgKEelgBuPvC1N0eFk572ro=
-53,83,SFkBMkCwTpGOxVbbZRdbl8gIkBQ=,sYS3xgKEelgBuPvC1N0eFk572ro=
-54,83,SFkBMkCwTpGOxVbbZRdbl8gIkBQ=,sYS3xgKEelgBuPvC1N0eFk572ro=
-55,83,SFkBMkCwTpGOxVbbZRdbl8gIkBQ=,sYS3xgKEelgBuPvC1N0eFk572ro=
-50,82,SFkBMkCwTpGOxVbbZRdbl8gIkBQ=,sYS3xgKEelgBuPvC1N0eFk572ro=
-49,82,SFkBMkCwTpGOxVbbZRdbl8gIkBQ=,sYS3xgKEelgBuPvC1N0eFk572ro=
-52,82,SFkBMkCwTpGOxVbbZRdbl8gIkBQ=,sYS3xgKEelgBuPvC1N0eFk572ro=
-51,82,SFkBMkCwTpGOxVbbZRdbl8gIkBQ=,sYS3xgKEelgBuPvC1N0eFk572ro=
-53,82,SFkBMkCwTpGOxVbbZRdbl8gIkBQ=,sYS3xgKEelgBuPvC1N0eFk572ro=
-55,82,SFkBMkCwTpGOxVbbZRdbl8gIkBQ=,sYS3xgKEelgBuPvC1N0eFk572ro=
-49,81,SFkBMkCwTpGOxVbbZRdbl8gIkBQ=,sYS3xgKEelgBuPvC1N0eFk572ro=
-50,81,SFkBMkCwTpGOxVbbZRdbl8gIkBQ=,sYS3xgKEelgBuPvC1N0eFk572ro=
-54,82,SFkBMkCwTpGOxVbbZRdbl8gIkBQ=,sYS3xgKEelgBuPvC1N0eFk572ro=
-51,81,SFkBMkCwTpGOxVbbZRdbl8gIkBQ=,sYS3xgKEelgBuPvC1N0eFk572ro=
-53,81,SFkBMkCwTpGOxVbbZRdbl8gIkBQ=,sYS3xgKEelgBuPvC1N0eFk572ro=
-52,81,SFkBMkCwTpGOxVbbZRdbl8gIkBQ=,sYS3xgKEelgBuPvC1N0eFk572ro=
-55,81,SFkBMkCwTpGOxVbbZRdbl8gIkBQ=,sYS3xgKEelgBuPvC1N0eFk572ro=
-49,80,SFkBMkCwTpGOxVbbZRdbl8gIkBQ=,sYS3xgKEelgBuPvC1N0eFk572ro=
-50,80,SFkBMkCwTpGOxVbbZRdbl8gIkBQ=,sYS3xgKEelgBuPvC1N0eFk572ro=
-51,80,SFkBMkCwTpGOxVbbZRdbl8gIkBQ=,sYS3xgKEelgBuPvC1N0eFk572ro=
-53,80,SFkBMkCwTpGOxVbbZRdbl8gIkBQ=,sYS3xgKEelgBuPvC1N0eFk572ro=
-52,80,SFkBMkCwTpGOxVbbZRdbl8gIkBQ=,sYS3xgKEelgBuPvC1N0eFk572ro=
-54,80,SFkBMkCwTpGOxVbbZRdbl8gIkBQ=,sYS3xgKEelgBuPvC1N0eFk572ro=
-55,80,SFkBMkCwTpGOxVbbZRdbl8gIkBQ=,sYS3xgKEelgBuPvC1N0eFk572ro=
-49,87,SFkBMkCwTpGOxVbbZRdbl8gIkBQ=,sYS3xgKEelgBuPvC1N0eFk572ro=
-50,87,SFkBMkCwTpGOxVbbZRdbl8gIkBQ=,sYS3xgKEelgBuPvC1N0eFk572ro=
-51,87,SFkBMkCwTpGOxVbbZRdbl8gIkBQ=,sYS3xgKEelgBuPvC1N0eFk572ro=
-57,85,SFkBMkCwTpGOxVbbZRdbl8gIkBQ=,qooL8I01t1WVEeDMbAHshZtOCbE=
-61,87,SFkBMkCwTpGOxVbbZRdbl8gIkBQ=,qooL8I01t1WVEeDMbAHshZtOCbE=
-58,85,SFkBMkCwTpGOxVbbZRdbl8gIkBQ=,qooL8I01t1WVEeDMbAHshZtOCbE=
-58,81,SFkBMkCwTpGOxVbbZRdbl8gIkBQ=,qooL8I01t1WVEeDMbAHshZtOCbE=
-54,81,SFkBMkCwTpGOxVbbZRdbl8gIkBQ=,sYS3xgKEelgBuPvC1N0eFk572ro=
-57,84,SFkBMkCwTpGOxVbbZRdbl8gIkBQ=,qooL8I01t1WVEeDMbAHshZtOCbE=
-57,81,SFkBMkCwTpGOxVbbZRdbl8gIkBQ=,qooL8I01t1WVEeDMbAHshZtOCbE=
-63,80,SFkBMkCwTpGOxVbbZRdbl8gIkBQ=,qooL8I01t1WVEeDMbAHshZtOCbE=
-64,82,SFkBMkCwTpGOxVbbZRdbl8gIkBQ=,qooL8I01t1WVEeDMbAHshZtOCbE=
-59,85,SFkBMkCwTpGOxVbbZRdbl8gIkBQ=,qooL8I01t1WVEeDMbAHshZtOCbE=
-61,81,SFkBMkCwTpGOxVbbZRdbl8gIkBQ=,qooL8I01t1WVEeDMbAHshZtOCbE=
-62,87,SFkBMkCwTpGOxVbbZRdbl8gIkBQ=,qooL8I01t1WVEeDMbAHshZtOCbE=
-56,86,SFkBMkCwTpGOxVbbZRdbl8gIkBQ=,sYS3xgKEelgBuPvC1N0eFk572ro=
-57,83,SFkBMkCwTpGOxVbbZRdbl8gIkBQ=,qooL8I01t1WVEeDMbAHshZtOCbE=
-57,82,SFkBMkCwTpGOxVbbZRdbl8gIkBQ=,qooL8I01t1WVEeDMbAHshZtOCbE=
-59,86,SFkBMkCwTpGOxVbbZRdbl8gIkBQ=,qooL8I01t1WVEeDMbAHshZtOCbE=
-64,83,SFkBMkCwTpGOxVbbZRdbl8gIkBQ=,qooL8I01t1WVEeDMbAHshZtOCbE=
-56,87,SFkBMkCwTpGOxVbbZRdbl8gIkBQ=,sYS3xgKEelgBuPvC1N0eFk572ro=
-58,84,SFkBMkCwTpGOxVbbZRdbl8gIkBQ=,qooL8I01t1WVEeDMbAHshZtOCbE=
-60,81,SFkBMkCwTpGOxVbbZRdbl8gIkBQ=,qooL8I01t1WVEeDMbAHshZtOCbE=
-56,85,SFkBMkCwTpGOxVbbZRdbl8gIkBQ=,sYS3xgKEelgBuPvC1N0eFk572ro=
-60,86,SFkBMkCwTpGOxVbbZRdbl8gIkBQ=,qooL8I01t1WVEeDMbAHshZtOCbE=
-64,86,SFkBMkCwTpGOxVbbZRdbl8gIkBQ=,qooL8I01t1WVEeDMbAHshZtOCbE=
-63,86,SFkBMkCwTpGOxVbbZRdbl8gIkBQ=,qooL8I01t1WVEeDMbAHshZtOCbE=
-58,82,SFkBMkCwTpGOxVbbZRdbl8gIkBQ=,qooL8I01t1WVEeDMbAHshZtOCbE=
-62,86,SFkBMkCwTpGOxVbbZRdbl8gIkBQ=,qooL8I01t1WVEeDMbAHshZtOCbE=
-56,84,SFkBMkCwTpGOxVbbZRdbl8gIkBQ=,sYS3xgKEelgBuPvC1N0eFk572ro=
-63,87,SFkBMkCwTpGOxVbbZRdbl8gIkBQ=,qooL8I01t1WVEeDMbAHshZtOCbE=
-58,83,SFkBMkCwTpGOxVbbZRdbl8gIkBQ=,qooL8I01t1WVEeDMbAHshZtOCbE=
-60,87,SFkBMkCwTpGOxVbbZRdbl8gIkBQ=,qooL8I01t1WVEeDMbAHshZtOCbE=
-60,85,SFkBMkCwTpGOxVbbZRdbl8gIkBQ=,qooL8I01t1WVEeDMbAHshZtOCbE=
-59,83,SFkBMkCwTpGOxVbbZRdbl8gIkBQ=,qooL8I01t1WVEeDMbAHshZtOCbE=
-60,84,SFkBMkCwTpGOxVbbZRdbl8gIkBQ=,qooL8I01t1WVEeDMbAHshZtOCbE=
-62,80,SFkBMkCwTpGOxVbbZRdbl8gIkBQ=,qooL8I01t1WVEeDMbAHshZtOCbE=
-62,81,SFkBMkCwTpGOxVbbZRdbl8gIkBQ=,qooL8I01t1WVEeDMbAHshZtOCbE=
-59,82,SFkBMkCwTpGOxVbbZRdbl8gIkBQ=,qooL8I01t1WVEeDMbAHshZtOCbE=
-61,84,SFkBMkCwTpGOxVbbZRdbl8gIkBQ=,qooL8I01t1WVEeDMbAHshZtOCbE=
-60,83,SFkBMkCwTpGOxVbbZRdbl8gIkBQ=,qooL8I01t1WVEeDMbAHshZtOCbE=
-59,87,SFkBMkCwTpGOxVbbZRdbl8gIkBQ=,qooL8I01t1WVEeDMbAHshZtOCbE=
-63,81,SFkBMkCwTpGOxVbbZRdbl8gIkBQ=,qooL8I01t1WVEeDMbAHshZtOCbE=
-62,84,SFkBMkCwTpGOxVbbZRdbl8gIkBQ=,qooL8I01t1WVEeDMbAHshZtOCbE=
-56,83,SFkBMkCwTpGOxVbbZRdbl8gIkBQ=,sYS3xgKEelgBuPvC1N0eFk572ro=
-64,81,SFkBMkCwTpGOxVbbZRdbl8gIkBQ=,qooL8I01t1WVEeDMbAHshZtOCbE=
-63,84,SFkBMkCwTpGOxVbbZRdbl8gIkBQ=,qooL8I01t1WVEeDMbAHshZtOCbE=
-63,83,SFkBMkCwTpGOxVbbZRdbl8gIkBQ=,qooL8I01t1WVEeDMbAHshZtOCbE=
-60,82,SFkBMkCwTpGOxVbbZRdbl8gIkBQ=,qooL8I01t1WVEeDMbAHshZtOCbE=
-64,87,SFkBMkCwTpGOxVbbZRdbl8gIkBQ=,qooL8I01t1WVEeDMbAHshZtOCbE=
-58,87,SFkBMkCwTpGOxVbbZRdbl8gIkBQ=,qooL8I01t1WVEeDMbAHshZtOCbE=
-64,80,SFkBMkCwTpGOxVbbZRdbl8gIkBQ=,qooL8I01t1WVEeDMbAHshZtOCbE=
-64,84,SFkBMkCwTpGOxVbbZRdbl8gIkBQ=,qooL8I01t1WVEeDMbAHshZtOCbE=
-57,80,SFkBMkCwTpGOxVbbZRdbl8gIkBQ=,qooL8I01t1WVEeDMbAHshZtOCbE=
-61,82,SFkBMkCwTpGOxVbbZRdbl8gIkBQ=,qooL8I01t1WVEeDMbAHshZtOCbE=
-58,80,SFkBMkCwTpGOxVbbZRdbl8gIkBQ=,qooL8I01t1WVEeDMbAHshZtOCbE=
-59,80,SFkBMkCwTpGOxVbbZRdbl8gIkBQ=,qooL8I01t1WVEeDMbAHshZtOCbE=
-57,86,SFkBMkCwTpGOxVbbZRdbl8gIkBQ=,qooL8I01t1WVEeDMbAHshZtOCbE=
-57,87,SFkBMkCwTpGOxVbbZRdbl8gIkBQ=,qooL8I01t1WVEeDMbAHshZtOCbE=
-62,85,SFkBMkCwTpGOxVbbZRdbl8gIkBQ=,qooL8I01t1WVEeDMbAHshZtOCbE=
-61,85,SFkBMkCwTpGOxVbbZRdbl8gIkBQ=,qooL8I01t1WVEeDMbAHshZtOCbE=
-56,82,SFkBMkCwTpGOxVbbZRdbl8gIkBQ=,sYS3xgKEelgBuPvC1N0eFk572ro=
-60,80,SFkBMkCwTpGOxVbbZRdbl8gIkBQ=,qooL8I01t1WVEeDMbAHshZtOCbE=
-63,85,SFkBMkCwTpGOxVbbZRdbl8gIkBQ=,qooL8I01t1WVEeDMbAHshZtOCbE=
-62,82,SFkBMkCwTpGOxVbbZRdbl8gIkBQ=,qooL8I01t1WVEeDMbAHshZtOCbE=
-56,81,SFkBMkCwTpGOxVbbZRdbl8gIkBQ=,sYS3xgKEelgBuPvC1N0eFk572ro=
-61,86,SFkBMkCwTpGOxVbbZRdbl8gIkBQ=,qooL8I01t1WVEeDMbAHshZtOCbE=
-63,82,SFkBMkCwTpGOxVbbZRdbl8gIkBQ=,qooL8I01t1WVEeDMbAHshZtOCbE=
-59,81,SFkBMkCwTpGOxVbbZRdbl8gIkBQ=,qooL8I01t1WVEeDMbAHshZtOCbE=
-58,86,SFkBMkCwTpGOxVbbZRdbl8gIkBQ=,qooL8I01t1WVEeDMbAHshZtOCbE=
-56,80,SFkBMkCwTpGOxVbbZRdbl8gIkBQ=,sYS3xgKEelgBuPvC1N0eFk572ro=
-61,80,SFkBMkCwTpGOxVbbZRdbl8gIkBQ=,qooL8I01t1WVEeDMbAHshZtOCbE=
-64,85,SFkBMkCwTpGOxVbbZRdbl8gIkBQ=,qooL8I01t1WVEeDMbAHshZtOCbE=
-62,83,SFkBMkCwTpGOxVbbZRdbl8gIkBQ=,qooL8I01t1WVEeDMbAHshZtOCbE=
-59,84,SFkBMkCwTpGOxVbbZRdbl8gIkBQ=,qooL8I01t1WVEeDMbAHshZtOCbE=
-61,83,SFkBMkCwTpGOxVbbZRdbl8gIkBQ=,qooL8I01t1WVEeDMbAHshZtOCbE=
-38,87,aMwS+cEfahB0OfeuQaBiInFewaA=,SKLYuOJzKBJ3IHTbv95Z0+Gyk3E=
-37,87,aMwS+cEfahB0OfeuQaBiInFewaA=,SKLYuOJzKBJ3IHTbv95Z0+Gyk3E=
-39,87,aMwS+cEfahB0OfeuQaBiInFewaA=,SKLYuOJzKBJ3IHTbv95Z0+Gyk3E=
-33,86,aMwS+cEfahB0OfeuQaBiInFewaA=,SKLYuOJzKBJ3IHTbv95Z0+Gyk3E=
-36,87,aMwS+cEfahB0OfeuQaBiInFewaA=,SKLYuOJzKBJ3IHTbv95Z0+Gyk3E=
-34,86,aMwS+cEfahB0OfeuQaBiInFewaA=,SKLYuOJzKBJ3IHTbv95Z0+Gyk3E=
-35,86,aMwS+cEfahB0OfeuQaBiInFewaA=,SKLYuOJzKBJ3IHTbv95Z0+Gyk3E=
-35,87,aMwS+cEfahB0OfeuQaBiInFewaA=,SKLYuOJzKBJ3IHTbv95Z0+Gyk3E=
-36,86,aMwS+cEfahB0OfeuQaBiInFewaA=,SKLYuOJzKBJ3IHTbv95Z0+Gyk3E=
-34,87,aMwS+cEfahB0OfeuQaBiInFewaA=,SKLYuOJzKBJ3IHTbv95Z0+Gyk3E=
-37,86,aMwS+cEfahB0OfeuQaBiInFewaA=,SKLYuOJzKBJ3IHTbv95Z0+Gyk3E=
-38,86,aMwS+cEfahB0OfeuQaBiInFewaA=,SKLYuOJzKBJ3IHTbv95Z0+Gyk3E=
-33,87,aMwS+cEfahB0OfeuQaBiInFewaA=,SKLYuOJzKBJ3IHTbv95Z0+Gyk3E=
-33,85,aMwS+cEfahB0OfeuQaBiInFewaA=,SKLYuOJzKBJ3IHTbv95Z0+Gyk3E=
-39,80,aMwS+cEfahB0OfeuQaBiInFewaA=,SKLYuOJzKBJ3IHTbv95Z0+Gyk3E=
-39,86,aMwS+cEfahB0OfeuQaBiInFewaA=,SKLYuOJzKBJ3IHTbv95Z0+Gyk3E=
-37,80,aMwS+cEfahB0OfeuQaBiInFewaA=,SKLYuOJzKBJ3IHTbv95Z0+Gyk3E=
-38,80,aMwS+cEfahB0OfeuQaBiInFewaA=,SKLYuOJzKBJ3IHTbv95Z0+Gyk3E=
-35,85,aMwS+cEfahB0OfeuQaBiInFewaA=,SKLYuOJzKBJ3IHTbv95Z0+Gyk3E=
-34,85,aMwS+cEfahB0OfeuQaBiInFewaA=,SKLYuOJzKBJ3IHTbv95Z0+Gyk3E=
-36,80,aMwS+cEfahB0OfeuQaBiInFewaA=,SKLYuOJzKBJ3IHTbv95Z0+Gyk3E=
-37,85,aMwS+cEfahB0OfeuQaBiInFewaA=,SKLYuOJzKBJ3IHTbv95Z0+Gyk3E=
-36,85,aMwS+cEfahB0OfeuQaBiInFewaA=,SKLYuOJzKBJ3IHTbv95Z0+Gyk3E=
-38,85,aMwS+cEfahB0OfeuQaBiInFewaA=,SKLYuOJzKBJ3IHTbv95Z0+Gyk3E=
-39,85,aMwS+cEfahB0OfeuQaBiInFewaA=,SKLYuOJzKBJ3IHTbv95Z0+Gyk3E=
-35,80,aMwS+cEfahB0OfeuQaBiInFewaA=,SKLYuOJzKBJ3IHTbv95Z0+Gyk3E=
-33,84,aMwS+cEfahB0OfeuQaBiInFewaA=,SKLYuOJzKBJ3IHTbv95Z0+Gyk3E=
-34,80,aMwS+cEfahB0OfeuQaBiInFewaA=,SKLYuOJzKBJ3IHTbv95Z0+Gyk3E=
-34,84,aMwS+cEfahB0OfeuQaBiInFewaA=,SKLYuOJzKBJ3IHTbv95Z0+Gyk3E=
-36,84,aMwS+cEfahB0OfeuQaBiInFewaA=,SKLYuOJzKBJ3IHTbv95Z0+Gyk3E=
-35,84,aMwS+cEfahB0OfeuQaBiInFewaA=,SKLYuOJzKBJ3IHTbv95Z0+Gyk3E=
-37,84,aMwS+cEfahB0OfeuQaBiInFewaA=,SKLYuOJzKBJ3IHTbv95Z0+Gyk3E=
-33,80,aMwS+cEfahB0OfeuQaBiInFewaA=,SKLYuOJzKBJ3IHTbv95Z0+Gyk3E=
-38,84,aMwS+cEfahB0OfeuQaBiInFewaA=,SKLYuOJzKBJ3IHTbv95Z0+Gyk3E=
-39,81,aMwS+cEfahB0OfeuQaBiInFewaA=,SKLYuOJzKBJ3IHTbv95Z0+Gyk3E=
-39,84,aMwS+cEfahB0OfeuQaBiInFewaA=,SKLYuOJzKBJ3IHTbv95Z0+Gyk3E=
-33,83,aMwS+cEfahB0OfeuQaBiInFewaA=,SKLYuOJzKBJ3IHTbv95Z0+Gyk3E=
-38,81,aMwS+cEfahB0OfeuQaBiInFewaA=,SKLYuOJzKBJ3IHTbv95Z0+Gyk3E=
-34,83,aMwS+cEfahB0OfeuQaBiInFewaA=,SKLYuOJzKBJ3IHTbv95Z0+Gyk3E=
-37,81,aMwS+cEfahB0OfeuQaBiInFewaA=,SKLYuOJzKBJ3IHTbv95Z0+Gyk3E=
-35,83,aMwS+cEfahB0OfeuQaBiInFewaA=,SKLYuOJzKBJ3IHTbv95Z0+Gyk3E=
-36,83,aMwS+cEfahB0OfeuQaBiInFewaA=,SKLYuOJzKBJ3IHTbv95Z0+Gyk3E=
-38,83,aMwS+cEfahB0OfeuQaBiInFewaA=,SKLYuOJzKBJ3IHTbv95Z0+Gyk3E=
-36,81,aMwS+cEfahB0OfeuQaBiInFewaA=,SKLYuOJzKBJ3IHTbv95Z0+Gyk3E=
-39,83,aMwS+cEfahB0OfeuQaBiInFewaA=,SKLYuOJzKBJ3IHTbv95Z0+Gyk3E=
-37,83,aMwS+cEfahB0OfeuQaBiInFewaA=,SKLYuOJzKBJ3IHTbv95Z0+Gyk3E=
-33,82,aMwS+cEfahB0OfeuQaBiInFewaA=,SKLYuOJzKBJ3IHTbv95Z0+Gyk3E=
-35,81,aMwS+cEfahB0OfeuQaBiInFewaA=,SKLYuOJzKBJ3IHTbv95Z0+Gyk3E=
-34,82,aMwS+cEfahB0OfeuQaBiInFewaA=,SKLYuOJzKBJ3IHTbv95Z0+Gyk3E=
-34,81,aMwS+cEfahB0OfeuQaBiInFewaA=,SKLYuOJzKBJ3IHTbv95Z0+Gyk3E=
-33,81,aMwS+cEfahB0OfeuQaBiInFewaA=,SKLYuOJzKBJ3IHTbv95Z0+Gyk3E=
-35,82,aMwS+cEfahB0OfeuQaBiInFewaA=,SKLYuOJzKBJ3IHTbv95Z0+Gyk3E=
-39,82,aMwS+cEfahB0OfeuQaBiInFewaA=,SKLYuOJzKBJ3IHTbv95Z0+Gyk3E=
-38,82,aMwS+cEfahB0OfeuQaBiInFewaA=,SKLYuOJzKBJ3IHTbv95Z0+Gyk3E=
-36,82,aMwS+cEfahB0OfeuQaBiInFewaA=,SKLYuOJzKBJ3IHTbv95Z0+Gyk3E=
-37,82,aMwS+cEfahB0OfeuQaBiInFewaA=,SKLYuOJzKBJ3IHTbv95Z0+Gyk3E=
-43,86,aMwS+cEfahB0OfeuQaBiInFewaA=,PRY+wjDGOD+V5JzjXo82D0BOoss=
-47,82,aMwS+cEfahB0OfeuQaBiInFewaA=,PRY+wjDGOD+V5JzjXo82D0BOoss=
-44,86,aMwS+cEfahB0OfeuQaBiInFewaA=,PRY+wjDGOD+V5JzjXo82D0BOoss=
-45,87,aMwS+cEfahB0OfeuQaBiInFewaA=,PRY+wjDGOD+V5JzjXo82D0BOoss=
-41,84,aMwS+cEfahB0OfeuQaBiInFewaA=,PRY+wjDGOD+V5JzjXo82D0BOoss=
-40,87,aMwS+cEfahB0OfeuQaBiInFewaA=,SKLYuOJzKBJ3IHTbv95Z0+Gyk3E=
-41,83,aMwS+cEfahB0OfeuQaBiInFewaA=,PRY+wjDGOD+V5JzjXo82D0BOoss=
-46,87,aMwS+cEfahB0OfeuQaBiInFewaA=,PRY+wjDGOD+V5JzjXo82D0BOoss=
-47,80,aMwS+cEfahB0OfeuQaBiInFewaA=,PRY+wjDGOD+V5JzjXo82D0BOoss=
-48,82,aMwS+cEfahB0OfeuQaBiInFewaA=,PRY+wjDGOD+V5JzjXo82D0BOoss=
-41,81,aMwS+cEfahB0OfeuQaBiInFewaA=,PRY+wjDGOD+V5JzjXo82D0BOoss=
-40,86,aMwS+cEfahB0OfeuQaBiInFewaA=,SKLYuOJzKBJ3IHTbv95Z0+Gyk3E=
-47,87,aMwS+cEfahB0OfeuQaBiInFewaA=,PRY+wjDGOD+V5JzjXo82D0BOoss=
-40,85,aMwS+cEfahB0OfeuQaBiInFewaA=,SKLYuOJzKBJ3IHTbv95Z0+Gyk3E=
-42,83,aMwS+cEfahB0OfeuQaBiInFewaA=,PRY+wjDGOD+V5JzjXo82D0BOoss=
-47,83,aMwS+cEfahB0OfeuQaBiInFewaA=,PRY+wjDGOD+V5JzjXo82D0BOoss=
-48,83,aMwS+cEfahB0OfeuQaBiInFewaA=,PRY+wjDGOD+V5JzjXo82D0BOoss=
-40,84,aMwS+cEfahB0OfeuQaBiInFewaA=,SKLYuOJzKBJ3IHTbv95Z0+Gyk3E=
-43,83,aMwS+cEfahB0OfeuQaBiInFewaA=,PRY+wjDGOD+V5JzjXo82D0BOoss=
-44,87,aMwS+cEfahB0OfeuQaBiInFewaA=,PRY+wjDGOD+V5JzjXo82D0BOoss=
-45,86,aMwS+cEfahB0OfeuQaBiInFewaA=,PRY+wjDGOD+V5JzjXo82D0BOoss=
-42,84,aMwS+cEfahB0OfeuQaBiInFewaA=,PRY+wjDGOD+V5JzjXo82D0BOoss=
-42,82,aMwS+cEfahB0OfeuQaBiInFewaA=,PRY+wjDGOD+V5JzjXo82D0BOoss=
-43,84,aMwS+cEfahB0OfeuQaBiInFewaA=,PRY+wjDGOD+V5JzjXo82D0BOoss=
-43,85,aMwS+cEfahB0OfeuQaBiInFewaA=,PRY+wjDGOD+V5JzjXo82D0BOoss=
-44,85,aMwS+cEfahB0OfeuQaBiInFewaA=,PRY+wjDGOD+V5JzjXo82D0BOoss=
-44,83,aMwS+cEfahB0OfeuQaBiInFewaA=,PRY+wjDGOD+V5JzjXo82D0BOoss=
-41,86,aMwS+cEfahB0OfeuQaBiInFewaA=,PRY+wjDGOD+V5JzjXo82D0BOoss=
-46,86,aMwS+cEfahB0OfeuQaBiInFewaA=,PRY+wjDGOD+V5JzjXo82D0BOoss=
-45,80,aMwS+cEfahB0OfeuQaBiInFewaA=,PRY+wjDGOD+V5JzjXo82D0BOoss=
-43,87,aMwS+cEfahB0OfeuQaBiInFewaA=,PRY+wjDGOD+V5JzjXo82D0BOoss=
-43,82,aMwS+cEfahB0OfeuQaBiInFewaA=,PRY+wjDGOD+V5JzjXo82D0BOoss=
-45,84,aMwS+cEfahB0OfeuQaBiInFewaA=,PRY+wjDGOD+V5JzjXo82D0BOoss=
-46,85,aMwS+cEfahB0OfeuQaBiInFewaA=,PRY+wjDGOD+V5JzjXo82D0BOoss=
-45,85,aMwS+cEfahB0OfeuQaBiInFewaA=,PRY+wjDGOD+V5JzjXo82D0BOoss=
-44,84,aMwS+cEfahB0OfeuQaBiInFewaA=,PRY+wjDGOD+V5JzjXo82D0BOoss=
-48,85,aMwS+cEfahB0OfeuQaBiInFewaA=,PRY+wjDGOD+V5JzjXo82D0BOoss=
-40,83,aMwS+cEfahB0OfeuQaBiInFewaA=,SKLYuOJzKBJ3IHTbv95Z0+Gyk3E=
-47,86,aMwS+cEfahB0OfeuQaBiInFewaA=,PRY+wjDGOD+V5JzjXo82D0BOoss=
-40,82,aMwS+cEfahB0OfeuQaBiInFewaA=,SKLYuOJzKBJ3IHTbv95Z0+Gyk3E=
-46,84,aMwS+cEfahB0OfeuQaBiInFewaA=,PRY+wjDGOD+V5JzjXo82D0BOoss=
-44,81,aMwS+cEfahB0OfeuQaBiInFewaA=,PRY+wjDGOD+V5JzjXo82D0BOoss=
-48,86,aMwS+cEfahB0OfeuQaBiInFewaA=,PRY+wjDGOD+V5JzjXo82D0BOoss=
-47,85,aMwS+cEfahB0OfeuQaBiInFewaA=,PRY+wjDGOD+V5JzjXo82D0BOoss=
-44,82,aMwS+cEfahB0OfeuQaBiInFewaA=,PRY+wjDGOD+V5JzjXo82D0BOoss=
-46,80,aMwS+cEfahB0OfeuQaBiInFewaA=,PRY+wjDGOD+V5JzjXo82D0BOoss=
-48,87,aMwS+cEfahB0OfeuQaBiInFewaA=,PRY+wjDGOD+V5JzjXo82D0BOoss=
-42,87,aMwS+cEfahB0OfeuQaBiInFewaA=,PRY+wjDGOD+V5JzjXo82D0BOoss=
-45,83,aMwS+cEfahB0OfeuQaBiInFewaA=,PRY+wjDGOD+V5JzjXo82D0BOoss=
-47,84,aMwS+cEfahB0OfeuQaBiInFewaA=,PRY+wjDGOD+V5JzjXo82D0BOoss=
-48,80,aMwS+cEfahB0OfeuQaBiInFewaA=,PRY+wjDGOD+V5JzjXo82D0BOoss=
-47,81,aMwS+cEfahB0OfeuQaBiInFewaA=,PRY+wjDGOD+V5JzjXo82D0BOoss=
-48,81,aMwS+cEfahB0OfeuQaBiInFewaA=,PRY+wjDGOD+V5JzjXo82D0BOoss=
-42,80,aMwS+cEfahB0OfeuQaBiInFewaA=,PRY+wjDGOD+V5JzjXo82D0BOoss=
-45,82,aMwS+cEfahB0OfeuQaBiInFewaA=,PRY+wjDGOD+V5JzjXo82D0BOoss=
-45,81,aMwS+cEfahB0OfeuQaBiInFewaA=,PRY+wjDGOD+V5JzjXo82D0BOoss=
-46,81,aMwS+cEfahB0OfeuQaBiInFewaA=,PRY+wjDGOD+V5JzjXo82D0BOoss=
-43,81,aMwS+cEfahB0OfeuQaBiInFewaA=,PRY+wjDGOD+V5JzjXo82D0BOoss=
-43,80,aMwS+cEfahB0OfeuQaBiInFewaA=,PRY+wjDGOD+V5JzjXo82D0BOoss=
-41,80,aMwS+cEfahB0OfeuQaBiInFewaA=,PRY+wjDGOD+V5JzjXo82D0BOoss=
-46,82,aMwS+cEfahB0OfeuQaBiInFewaA=,PRY+wjDGOD+V5JzjXo82D0BOoss=
-40,81,aMwS+cEfahB0OfeuQaBiInFewaA=,SKLYuOJzKBJ3IHTbv95Z0+Gyk3E=
-41,85,aMwS+cEfahB0OfeuQaBiInFewaA=,PRY+wjDGOD+V5JzjXo82D0BOoss=
-40,80,aMwS+cEfahB0OfeuQaBiInFewaA=,SKLYuOJzKBJ3IHTbv95Z0+Gyk3E=
-48,84,aMwS+cEfahB0OfeuQaBiInFewaA=,PRY+wjDGOD+V5JzjXo82D0BOoss=
-44,80,aMwS+cEfahB0OfeuQaBiInFewaA=,PRY+wjDGOD+V5JzjXo82D0BOoss=
-41,87,aMwS+cEfahB0OfeuQaBiInFewaA=,PRY+wjDGOD+V5JzjXo82D0BOoss=
-42,86,aMwS+cEfahB0OfeuQaBiInFewaA=,PRY+wjDGOD+V5JzjXo82D0BOoss=
-46,83,aMwS+cEfahB0OfeuQaBiInFewaA=,PRY+wjDGOD+V5JzjXo82D0BOoss=
-42,85,aMwS+cEfahB0OfeuQaBiInFewaA=,PRY+wjDGOD+V5JzjXo82D0BOoss=
-42,81,aMwS+cEfahB0OfeuQaBiInFewaA=,PRY+wjDGOD+V5JzjXo82D0BOoss=
-41,82,aMwS+cEfahB0OfeuQaBiInFewaA=,PRY+wjDGOD+V5JzjXo82D0BOoss=
-36,77,+ZzNdJ6PNr9bvGdmMPLk+6wwqhA=,x7AL0rBkN0qttUJMqufKcSuin4o=
-35,77,+ZzNdJ6PNr9bvGdmMPLk+6wwqhA=,x7AL0rBkN0qttUJMqufKcSuin4o=
-34,77,WA4DLfNthSTl1zaxQi4C+vZuQ+o=,x7AL0rBkN0qttUJMqufKcSuin4o=
-39,78,+ZzNdJ6PNr9bvGdmMPLk+6wwqhA=,x7AL0rBkN0qttUJMqufKcSuin4o=
-38,78,+ZzNdJ6PNr9bvGdmMPLk+6wwqhA=,x7AL0rBkN0qttUJMqufKcSuin4o=
-37,78,+ZzNdJ6PNr9bvGdmMPLk+6wwqhA=,x7AL0rBkN0qttUJMqufKcSuin4o=
-36,78,QqE0XToO7YF1JYXdVp3GLSKJNPU=,x7AL0rBkN0qttUJMqufKcSuin4o=
-35,78,QqE0XToO7YF1JYXdVp3GLSKJNPU=,x7AL0rBkN0qttUJMqufKcSuin4o=
-39,73,vXYTUXM3EBXjLYfcP95RDBonIhE=,x7AL0rBkN0qttUJMqufKcSuin4o=
-38,73,vXYTUXM3EBXjLYfcP95RDBonIhE=,x7AL0rBkN0qttUJMqufKcSuin4o=
-37,77,+ZzNdJ6PNr9bvGdmMPLk+6wwqhA=,x7AL0rBkN0qttUJMqufKcSuin4o=
-44,75,SL6LfTNIeMVzvae93mGo20czyPU=,n+cSaHh6artC0fju/834mjyGJlc=
-43,75,SL6LfTNIeMVzvae93mGo20czyPU=,n+cSaHh6artC0fju/834mjyGJlc=
-42,75,SL6LfTNIeMVzvae93mGo20czyPU=,n+cSaHh6artC0fju/834mjyGJlc=
-36,67,vXYTUXM3EBXjLYfcP95RDBonIhE=,SpkubpQwZ1FU07xAsShiEJgK5yg=
-35,67,SL6LfTNIeMVzvae93mGo20czyPU=,SpkubpQwZ1FU07xAsShiEJgK5yg=
-41,75,SL6LfTNIeMVzvae93mGo20czyPU=,n+cSaHh6artC0fju/834mjyGJlc=
-34,67,SL6LfTNIeMVzvae93mGo20czyPU=,SpkubpQwZ1FU07xAsShiEJgK5yg=
-40,78,vXYTUXM3EBXjLYfcP95RDBonIhE=,x7AL0rBkN0qttUJMqufKcSuin4o=
-37,67,ex9p4rszNxWZj9EaUe62in7LUMI=,SpkubpQwZ1FU07xAsShiEJgK5yg=
-39,68,QqE0XToO7YF1JYXdVp3GLSKJNPU=,SpkubpQwZ1FU07xAsShiEJgK5yg=
-47,76,WA4DLfNthSTl1zaxQi4C+vZuQ+o=,n+cSaHh6artC0fju/834mjyGJlc=
-38,68,QqE0XToO7YF1JYXdVp3GLSKJNPU=,SpkubpQwZ1FU07xAsShiEJgK5yg=
-46,76,WA4DLfNthSTl1zaxQi4C+vZuQ+o=,n+cSaHh6artC0fju/834mjyGJlc=
-39,72,vXYTUXM3EBXjLYfcP95RDBonIhE=,x7AL0rBkN0qttUJMqufKcSuin4o=
-45,76,QqE0XToO7YF1JYXdVp3GLSKJNPU=,n+cSaHh6artC0fju/834mjyGJlc=
-38,72,vXYTUXM3EBXjLYfcP95RDBonIhE=,x7AL0rBkN0qttUJMqufKcSuin4o=
-40,73,SL6LfTNIeMVzvae93mGo20czyPU=,x7AL0rBkN0qttUJMqufKcSuin4o=
-37,72,vXYTUXM3EBXjLYfcP95RDBonIhE=,x7AL0rBkN0qttUJMqufKcSuin4o=
-44,76,vXYTUXM3EBXjLYfcP95RDBonIhE=,n+cSaHh6artC0fju/834mjyGJlc=
-36,72,ex9p4rszNxWZj9EaUe62in7LUMI=,x7AL0rBkN0qttUJMqufKcSuin4o=
-43,76,vXYTUXM3EBXjLYfcP95RDBonIhE=,n+cSaHh6artC0fju/834mjyGJlc=
-35,72,ex9p4rszNxWZj9EaUe62in7LUMI=,x7AL0rBkN0qttUJMqufKcSuin4o=
-34,72,ex9p4rszNxWZj9EaUe62in7LUMI=,x7AL0rBkN0qttUJMqufKcSuin4o=
-42,76,SL6LfTNIeMVzvae93mGo20czyPU=,n+cSaHh6artC0fju/834mjyGJlc=
-37,68,QqE0XToO7YF1JYXdVp3GLSKJNPU=,SpkubpQwZ1FU07xAsShiEJgK5yg=
-41,76,SL6LfTNIeMVzvae93mGo20czyPU=,n+cSaHh6artC0fju/834mjyGJlc=
-36,68,ex9p4rszNxWZj9EaUe62in7LUMI=,SpkubpQwZ1FU07xAsShiEJgK5yg=
-47,77,QqE0XToO7YF1JYXdVp3GLSKJNPU=,n+cSaHh6artC0fju/834mjyGJlc=
-38,77,+ZzNdJ6PNr9bvGdmMPLk+6wwqhA=,x7AL0rBkN0qttUJMqufKcSuin4o=
-35,68,ex9p4rszNxWZj9EaUe62in7LUMI=,SpkubpQwZ1FU07xAsShiEJgK5yg=
-46,77,QqE0XToO7YF1JYXdVp3GLSKJNPU=,n+cSaHh6artC0fju/834mjyGJlc=
-34,68,WA4DLfNthSTl1zaxQi4C+vZuQ+o=,SpkubpQwZ1FU07xAsShiEJgK5yg=
-45,77,QqE0XToO7YF1JYXdVp3GLSKJNPU=,n+cSaHh6artC0fju/834mjyGJlc=
-39,69,vXYTUXM3EBXjLYfcP95RDBonIhE=,SpkubpQwZ1FU07xAsShiEJgK5yg=
-44,77,SL6LfTNIeMVzvae93mGo20czyPU=,n+cSaHh6artC0fju/834mjyGJlc=
-38,69,QqE0XToO7YF1JYXdVp3GLSKJNPU=,SpkubpQwZ1FU07xAsShiEJgK5yg=
-37,69,QqE0XToO7YF1JYXdVp3GLSKJNPU=,SpkubpQwZ1FU07xAsShiEJgK5yg=
-39,77,+ZzNdJ6PNr9bvGdmMPLk+6wwqhA=,x7AL0rBkN0qttUJMqufKcSuin4o=
-43,77,SL6LfTNIeMVzvae93mGo20czyPU=,n+cSaHh6artC0fju/834mjyGJlc=
-36,69,WA4DLfNthSTl1zaxQi4C+vZuQ+o=,SpkubpQwZ1FU07xAsShiEJgK5yg=
-42,77,ex9p4rszNxWZj9EaUe62in7LUMI=,n+cSaHh6artC0fju/834mjyGJlc=
-40,77,QqE0XToO7YF1JYXdVp3GLSKJNPU=,x7AL0rBkN0qttUJMqufKcSuin4o=
-35,69,QqE0XToO7YF1JYXdVp3GLSKJNPU=,SpkubpQwZ1FU07xAsShiEJgK5yg=
-41,77,ex9p4rszNxWZj9EaUe62in7LUMI=,n+cSaHh6artC0fju/834mjyGJlc=
-34,69,QqE0XToO7YF1JYXdVp3GLSKJNPU=,SpkubpQwZ1FU07xAsShiEJgK5yg=
-40,74,SL6LfTNIeMVzvae93mGo20czyPU=,x7AL0rBkN0qttUJMqufKcSuin4o=
-34,76,+ZzNdJ6PNr9bvGdmMPLk+6wwqhA=,x7AL0rBkN0qttUJMqufKcSuin4o=
-39,70,vXYTUXM3EBXjLYfcP95RDBonIhE=,SpkubpQwZ1FU07xAsShiEJgK5yg=
-47,78,WA4DLfNthSTl1zaxQi4C+vZuQ+o=,n+cSaHh6artC0fju/834mjyGJlc=
-38,70,vXYTUXM3EBXjLYfcP95RDBonIhE=,SpkubpQwZ1FU07xAsShiEJgK5yg=
-46,78,WA4DLfNthSTl1zaxQi4C+vZuQ+o=,n+cSaHh6artC0fju/834mjyGJlc=
-35,76,WA4DLfNthSTl1zaxQi4C+vZuQ+o=,x7AL0rBkN0qttUJMqufKcSuin4o=
-45,78,WA4DLfNthSTl1zaxQi4C+vZuQ+o=,n+cSaHh6artC0fju/834mjyGJlc=
-37,70,vXYTUXM3EBXjLYfcP95RDBonIhE=,SpkubpQwZ1FU07xAsShiEJgK5yg=
-36,70,vXYTUXM3EBXjLYfcP95RDBonIhE=,SpkubpQwZ1FU07xAsShiEJgK5yg=
-44,78,WA4DLfNthSTl1zaxQi4C+vZuQ+o=,n+cSaHh6artC0fju/834mjyGJlc=
-35,70,vXYTUXM3EBXjLYfcP95RDBonIhE=,SpkubpQwZ1FU07xAsShiEJgK5yg=
-43,78,WA4DLfNthSTl1zaxQi4C+vZuQ+o=,n+cSaHh6artC0fju/834mjyGJlc=
-36,76,WA4DLfNthSTl1zaxQi4C+vZuQ+o=,x7AL0rBkN0qttUJMqufKcSuin4o=
-45,75,WA4DLfNthSTl1zaxQi4C+vZuQ+o=,n+cSaHh6artC0fju/834mjyGJlc=
-34,70,SL6LfTNIeMVzvae93mGo20czyPU=,SpkubpQwZ1FU07xAsShiEJgK5yg=
-39,71,vXYTUXM3EBXjLYfcP95RDBonIhE=,SpkubpQwZ1FU07xAsShiEJgK5yg=
-42,78,QqE0XToO7YF1JYXdVp3GLSKJNPU=,n+cSaHh6artC0fju/834mjyGJlc=
-41,78,vXYTUXM3EBXjLYfcP95RDBonIhE=,n+cSaHh6artC0fju/834mjyGJlc=
-40,75,SL6LfTNIeMVzvae93mGo20czyPU=,x7AL0rBkN0qttUJMqufKcSuin4o=
-38,71,vXYTUXM3EBXjLYfcP95RDBonIhE=,SpkubpQwZ1FU07xAsShiEJgK5yg=
-39,65,vXYTUXM3EBXjLYfcP95RDBonIhE=,SpkubpQwZ1FU07xAsShiEJgK5yg=
-38,65,vXYTUXM3EBXjLYfcP95RDBonIhE=,SpkubpQwZ1FU07xAsShiEJgK5yg=
-46,73,+ZzNdJ6PNr9bvGdmMPLk+6wwqhA=,n+cSaHh6artC0fju/834mjyGJlc=
-47,73,WA4DLfNthSTl1zaxQi4C+vZuQ+o=,n+cSaHh6artC0fju/834mjyGJlc=
-37,65,SL6LfTNIeMVzvae93mGo20czyPU=,SpkubpQwZ1FU07xAsShiEJgK5yg=
-45,73,+ZzNdJ6PNr9bvGdmMPLk+6wwqhA=,n+cSaHh6artC0fju/834mjyGJlc=
-36,65,WA4DLfNthSTl1zaxQi4C+vZuQ+o=,SpkubpQwZ1FU07xAsShiEJgK5yg=
-47,75,+ZzNdJ6PNr9bvGdmMPLk+6wwqhA=,n+cSaHh6artC0fju/834mjyGJlc=
-44,73,SL6LfTNIeMVzvae93mGo20czyPU=,n+cSaHh6artC0fju/834mjyGJlc=
-37,71,vXYTUXM3EBXjLYfcP95RDBonIhE=,SpkubpQwZ1FU07xAsShiEJgK5yg=
-46,75,WA4DLfNthSTl1zaxQi4C+vZuQ+o=,n+cSaHh6artC0fju/834mjyGJlc=
-38,67,ex9p4rszNxWZj9EaUe62in7LUMI=,SpkubpQwZ1FU07xAsShiEJgK5yg=
-41,74,SL6LfTNIeMVzvae93mGo20czyPU=,n+cSaHh6artC0fju/834mjyGJlc=
-42,74,SL6LfTNIeMVzvae93mGo20czyPU=,n+cSaHh6artC0fju/834mjyGJlc=
-43,74,SL6LfTNIeMVzvae93mGo20czyPU=,n+cSaHh6artC0fju/834mjyGJlc=
-37,76,+ZzNdJ6PNr9bvGdmMPLk+6wwqhA=,x7AL0rBkN0qttUJMqufKcSuin4o=
-39,67,SL6LfTNIeMVzvae93mGo20czyPU=,SpkubpQwZ1FU07xAsShiEJgK5yg=
-43,73,SL6LfTNIeMVzvae93mGo20czyPU=,n+cSaHh6artC0fju/834mjyGJlc=
-38,76,+ZzNdJ6PNr9bvGdmMPLk+6wwqhA=,x7AL0rBkN0qttUJMqufKcSuin4o=
-44,74,SL6LfTNIeMVzvae93mGo20czyPU=,n+cSaHh6artC0fju/834mjyGJlc=
-36,71,SL6LfTNIeMVzvae93mGo20czyPU=,SpkubpQwZ1FU07xAsShiEJgK5yg=
-40,76,WA4DLfNthSTl1zaxQi4C+vZuQ+o=,x7AL0rBkN0qttUJMqufKcSuin4o=
-34,71,ex9p4rszNxWZj9EaUe62in7LUMI=,SpkubpQwZ1FU07xAsShiEJgK5yg=
-39,76,WA4DLfNthSTl1zaxQi4C+vZuQ+o=,x7AL0rBkN0qttUJMqufKcSuin4o=
-34,75,ex9p4rszNxWZj9EaUe62in7LUMI=,x7AL0rBkN0qttUJMqufKcSuin4o=
-42,73,SL6LfTNIeMVzvae93mGo20czyPU=,n+cSaHh6artC0fju/834mjyGJlc=
-45,74,+ZzNdJ6PNr9bvGdmMPLk+6wwqhA=,n+cSaHh6artC0fju/834mjyGJlc=
-35,65,WA4DLfNthSTl1zaxQi4C+vZuQ+o=,SpkubpQwZ1FU07xAsShiEJgK5yg=
-36,75,aMwS+cEfahB0OfeuQaBiInFewaA=,x7AL0rBkN0qttUJMqufKcSuin4o=
-37,75,vXYTUXM3EBXjLYfcP95RDBonIhE=,x7AL0rBkN0qttUJMqufKcSuin4o=
-35,71,SL6LfTNIeMVzvae93mGo20czyPU=,SpkubpQwZ1FU07xAsShiEJgK5yg=
-46,74,+ZzNdJ6PNr9bvGdmMPLk+6wwqhA=,n+cSaHh6artC0fju/834mjyGJlc=
-35,75,aMwS+cEfahB0OfeuQaBiInFewaA=,x7AL0rBkN0qttUJMqufKcSuin4o=
-47,74,+ZzNdJ6PNr9bvGdmMPLk+6wwqhA=,n+cSaHh6artC0fju/834mjyGJlc=
-34,65,QqE0XToO7YF1JYXdVp3GLSKJNPU=,SpkubpQwZ1FU07xAsShiEJgK5yg=
-41,73,SL6LfTNIeMVzvae93mGo20czyPU=,n+cSaHh6artC0fju/834mjyGJlc=
-34,66,vXYTUXM3EBXjLYfcP95RDBonIhE=,SpkubpQwZ1FU07xAsShiEJgK5yg=
-39,66,SL6LfTNIeMVzvae93mGo20czyPU=,SpkubpQwZ1FU07xAsShiEJgK5yg=
-36,66,QqE0XToO7YF1JYXdVp3GLSKJNPU=,SpkubpQwZ1FU07xAsShiEJgK5yg=
-38,66,SL6LfTNIeMVzvae93mGo20czyPU=,SpkubpQwZ1FU07xAsShiEJgK5yg=
-35,66,vXYTUXM3EBXjLYfcP95RDBonIhE=,SpkubpQwZ1FU07xAsShiEJgK5yg=
-34,74,ex9p4rszNxWZj9EaUe62in7LUMI=,x7AL0rBkN0qttUJMqufKcSuin4o=
-39,75,vXYTUXM3EBXjLYfcP95RDBonIhE=,x7AL0rBkN0qttUJMqufKcSuin4o=
-35,74,SL6LfTNIeMVzvae93mGo20czyPU=,x7AL0rBkN0qttUJMqufKcSuin4o=
-37,66,SL6LfTNIeMVzvae93mGo20czyPU=,SpkubpQwZ1FU07xAsShiEJgK5yg=
-33,66,ex9p4rszNxWZj9EaUe62in7LUMI=,SpkubpQwZ1FU07xAsShiEJgK5yg=
-33,67,ex9p4rszNxWZj9EaUe62in7LUMI=,SpkubpQwZ1FU07xAsShiEJgK5yg=
-33,65,SL6LfTNIeMVzvae93mGo20czyPU=,SpkubpQwZ1FU07xAsShiEJgK5yg=
-36,74,SL6LfTNIeMVzvae93mGo20czyPU=,x7AL0rBkN0qttUJMqufKcSuin4o=
-38,74,vXYTUXM3EBXjLYfcP95RDBonIhE=,x7AL0rBkN0qttUJMqufKcSuin4o=
-39,74,vXYTUXM3EBXjLYfcP95RDBonIhE=,x7AL0rBkN0qttUJMqufKcSuin4o=
-33,70,aMwS+cEfahB0OfeuQaBiInFewaA=,SpkubpQwZ1FU07xAsShiEJgK5yg=
-37,74,vXYTUXM3EBXjLYfcP95RDBonIhE=,x7AL0rBkN0qttUJMqufKcSuin4o=
-33,68,ex9p4rszNxWZj9EaUe62in7LUMI=,SpkubpQwZ1FU07xAsShiEJgK5yg=
-35,73,SL6LfTNIeMVzvae93mGo20czyPU=,x7AL0rBkN0qttUJMqufKcSuin4o=
-33,69,ex9p4rszNxWZj9EaUe62in7LUMI=,SpkubpQwZ1FU07xAsShiEJgK5yg=
-37,73,vXYTUXM3EBXjLYfcP95RDBonIhE=,x7AL0rBkN0qttUJMqufKcSuin4o=
-34,78,vXYTUXM3EBXjLYfcP95RDBonIhE=,x7AL0rBkN0qttUJMqufKcSuin4o=
-34,73,SL6LfTNIeMVzvae93mGo20czyPU=,x7AL0rBkN0qttUJMqufKcSuin4o=
-42,67,QqE0XToO7YF1JYXdVp3GLSKJNPU=,woTPHYSv41GhcaKOT02k7QhadJc=
-36,73,ex9p4rszNxWZj9EaUe62in7LUMI=,x7AL0rBkN0qttUJMqufKcSuin4o=
-41,67,QqE0XToO7YF1JYXdVp3GLSKJNPU=,woTPHYSv41GhcaKOT02k7QhadJc=
-46,79,ex9p4rszNxWZj9EaUe62in7LUMI=,n+cSaHh6artC0fju/834mjyGJlc=
-47,79,ex9p4rszNxWZj9EaUe62in7LUMI=,n+cSaHh6artC0fju/834mjyGJlc=
-45,79,ex9p4rszNxWZj9EaUe62in7LUMI=,n+cSaHh6artC0fju/834mjyGJlc=
-44,79,ex9p4rszNxWZj9EaUe62in7LUMI=,n+cSaHh6artC0fju/834mjyGJlc=
-43,79,ex9p4rszNxWZj9EaUe62in7LUMI=,n+cSaHh6artC0fju/834mjyGJlc=
-42,79,ex9p4rszNxWZj9EaUe62in7LUMI=,n+cSaHh6artC0fju/834mjyGJlc=
-45,69,WA4DLfNthSTl1zaxQi4C+vZuQ+o=,woTPHYSv41GhcaKOT02k7QhadJc=
-40,67,QqE0XToO7YF1JYXdVp3GLSKJNPU=,SpkubpQwZ1FU07xAsShiEJgK5yg=
-41,65,QqE0XToO7YF1JYXdVp3GLSKJNPU=,woTPHYSv41GhcaKOT02k7QhadJc=
-40,64,WA4DLfNthSTl1zaxQi4C+vZuQ+o=,SpkubpQwZ1FU07xAsShiEJgK5yg=
-42,68,WA4DLfNthSTl1zaxQi4C+vZuQ+o=,woTPHYSv41GhcaKOT02k7QhadJc=
-48,75,WA4DLfNthSTl1zaxQi4C+vZuQ+o=,n+cSaHh6artC0fju/834mjyGJlc=
-40,79,ex9p4rszNxWZj9EaUe62in7LUMI=,x7AL0rBkN0qttUJMqufKcSuin4o=
-39,79,aMwS+cEfahB0OfeuQaBiInFewaA=,x7AL0rBkN0qttUJMqufKcSuin4o=
-37,79,aMwS+cEfahB0OfeuQaBiInFewaA=,x7AL0rBkN0qttUJMqufKcSuin4o=
-36,79,aMwS+cEfahB0OfeuQaBiInFewaA=,x7AL0rBkN0qttUJMqufKcSuin4o=
-38,79,aMwS+cEfahB0OfeuQaBiInFewaA=,x7AL0rBkN0qttUJMqufKcSuin4o=
-35,79,aMwS+cEfahB0OfeuQaBiInFewaA=,x7AL0rBkN0qttUJMqufKcSuin4o=
-34,79,aMwS+cEfahB0OfeuQaBiInFewaA=,x7AL0rBkN0qttUJMqufKcSuin4o=
-41,79,ex9p4rszNxWZj9EaUe62in7LUMI=,n+cSaHh6artC0fju/834mjyGJlc=
-48,76,SL6LfTNIeMVzvae93mGo20czyPU=,n+cSaHh6artC0fju/834mjyGJlc=
-39,64,WA4DLfNthSTl1zaxQi4C+vZuQ+o=,SpkubpQwZ1FU07xAsShiEJgK5yg=
-46,69,WA4DLfNthSTl1zaxQi4C+vZuQ+o=,woTPHYSv41GhcaKOT02k7QhadJc=
-48,68,ex9p4rszNxWZj9EaUe62in7LUMI=,woTPHYSv41GhcaKOT02k7QhadJc=
-40,66,aMwS+cEfahB0OfeuQaBiInFewaA=,SpkubpQwZ1FU07xAsShiEJgK5yg=
-48,74,SL6LfTNIeMVzvae93mGo20czyPU=,n+cSaHh6artC0fju/834mjyGJlc=
-34,64,ex9p4rszNxWZj9EaUe62in7LUMI=,SpkubpQwZ1FU07xAsShiEJgK5yg=
-48,77,SL6LfTNIeMVzvae93mGo20czyPU=,n+cSaHh6artC0fju/834mjyGJlc=
-38,64,WA4DLfNthSTl1zaxQi4C+vZuQ+o=,SpkubpQwZ1FU07xAsShiEJgK5yg=
-40,68,QqE0XToO7YF1JYXdVp3GLSKJNPU=,SpkubpQwZ1FU07xAsShiEJgK5yg=
-48,71,ex9p4rszNxWZj9EaUe62in7LUMI=,woTPHYSv41GhcaKOT02k7QhadJc=
-37,64,WA4DLfNthSTl1zaxQi4C+vZuQ+o=,SpkubpQwZ1FU07xAsShiEJgK5yg=
-44,68,QqE0XToO7YF1JYXdVp3GLSKJNPU=,woTPHYSv41GhcaKOT02k7QhadJc=
-33,79,ex9p4rszNxWZj9EaUe62in7LUMI=,x7AL0rBkN0qttUJMqufKcSuin4o=
-48,78,vXYTUXM3EBXjLYfcP95RDBonIhE=,n+cSaHh6artC0fju/834mjyGJlc=
-41,68,QqE0XToO7YF1JYXdVp3GLSKJNPU=,woTPHYSv41GhcaKOT02k7QhadJc=
-35,64,ex9p4rszNxWZj9EaUe62in7LUMI=,SpkubpQwZ1FU07xAsShiEJgK5yg=
-43,67,WA4DLfNthSTl1zaxQi4C+vZuQ+o=,woTPHYSv41GhcaKOT02k7QhadJc=
-48,73,SL6LfTNIeMVzvae93mGo20czyPU=,n+cSaHh6artC0fju/834mjyGJlc=
-48,79,ex9p4rszNxWZj9EaUe62in7LUMI=,n+cSaHh6artC0fju/834mjyGJlc=
-36,64,ex9p4rszNxWZj9EaUe62in7LUMI=,SpkubpQwZ1FU07xAsShiEJgK5yg=
-33,77,SL6LfTNIeMVzvae93mGo20czyPU=,x7AL0rBkN0qttUJMqufKcSuin4o=
-33,71,ex9p4rszNxWZj9EaUe62in7LUMI=,SpkubpQwZ1FU07xAsShiEJgK5yg=
-47,69,WA4DLfNthSTl1zaxQi4C+vZuQ+o=,woTPHYSv41GhcaKOT02k7QhadJc=
-48,72,vXYTUXM3EBXjLYfcP95RDBonIhE=,n+cSaHh6artC0fju/834mjyGJlc=
-41,64,aMwS+cEfahB0OfeuQaBiInFewaA=,woTPHYSv41GhcaKOT02k7QhadJc=
-33,76,vXYTUXM3EBXjLYfcP95RDBonIhE=,x7AL0rBkN0qttUJMqufKcSuin4o=
-47,68,QqE0XToO7YF1JYXdVp3GLSKJNPU=,woTPHYSv41GhcaKOT02k7QhadJc=
-33,72,ex9p4rszNxWZj9EaUe62in7LUMI=,x7AL0rBkN0qttUJMqufKcSuin4o=
-45,68,QqE0XToO7YF1JYXdVp3GLSKJNPU=,woTPHYSv41GhcaKOT02k7QhadJc=
-47,65,WA4DLfNthSTl1zaxQi4C+vZuQ+o=,woTPHYSv41GhcaKOT02k7QhadJc=
-33,64,ex9p4rszNxWZj9EaUe62in7LUMI=,SpkubpQwZ1FU07xAsShiEJgK5yg=
-46,68,QqE0XToO7YF1JYXdVp3GLSKJNPU=,woTPHYSv41GhcaKOT02k7QhadJc=
-33,75,ex9p4rszNxWZj9EaUe62in7LUMI=,x7AL0rBkN0qttUJMqufKcSuin4o=
-48,64,WA4DLfNthSTl1zaxQi4C+vZuQ+o=,woTPHYSv41GhcaKOT02k7QhadJc=
-33,74,ex9p4rszNxWZj9EaUe62in7LUMI=,x7AL0rBkN0qttUJMqufKcSuin4o=
-33,73,ex9p4rszNxWZj9EaUe62in7LUMI=,x7AL0rBkN0qttUJMqufKcSuin4o=
-48,67,WA4DLfNthSTl1zaxQi4C+vZuQ+o=,woTPHYSv41GhcaKOT02k7QhadJc=
-33,78,SL6LfTNIeMVzvae93mGo20czyPU=,x7AL0rBkN0qttUJMqufKcSuin4o=
-40,65,ex9p4rszNxWZj9EaUe62in7LUMI=,SpkubpQwZ1FU07xAsShiEJgK5yg=
-48,65,WA4DLfNthSTl1zaxQi4C+vZuQ+o=,woTPHYSv41GhcaKOT02k7QhadJc=
-42,65,aMwS+cEfahB0OfeuQaBiInFewaA=,woTPHYSv41GhcaKOT02k7QhadJc=
-44,67,QqE0XToO7YF1JYXdVp3GLSKJNPU=,woTPHYSv41GhcaKOT02k7QhadJc=
-42,72,ex9p4rszNxWZj9EaUe62in7LUMI=,n+cSaHh6artC0fju/834mjyGJlc=
-40,71,ex9p4rszNxWZj9EaUe62in7LUMI=,SpkubpQwZ1FU07xAsShiEJgK5yg=
-41,72,ex9p4rszNxWZj9EaUe62in7LUMI=,n+cSaHh6artC0fju/834mjyGJlc=
-48,69,ex9p4rszNxWZj9EaUe62in7LUMI=,woTPHYSv41GhcaKOT02k7QhadJc=
-45,64,WA4DLfNthSTl1zaxQi4C+vZuQ+o=,woTPHYSv41GhcaKOT02k7QhadJc=
-43,72,ex9p4rszNxWZj9EaUe62in7LUMI=,n+cSaHh6artC0fju/834mjyGJlc=
-42,64,ex9p4rszNxWZj9EaUe62in7LUMI=,woTPHYSv41GhcaKOT02k7QhadJc=
-44,72,ex9p4rszNxWZj9EaUe62in7LUMI=,n+cSaHh6artC0fju/834mjyGJlc=
-45,72,vXYTUXM3EBXjLYfcP95RDBonIhE=,n+cSaHh6artC0fju/834mjyGJlc=
-46,72,vXYTUXM3EBXjLYfcP95RDBonIhE=,n+cSaHh6artC0fju/834mjyGJlc=
-42,71,SL6LfTNIeMVzvae93mGo20czyPU=,woTPHYSv41GhcaKOT02k7QhadJc=
-46,65,WA4DLfNthSTl1zaxQi4C+vZuQ+o=,woTPHYSv41GhcaKOT02k7QhadJc=
-47,72,vXYTUXM3EBXjLYfcP95RDBonIhE=,n+cSaHh6artC0fju/834mjyGJlc=
-40,70,WA4DLfNthSTl1zaxQi4C+vZuQ+o=,SpkubpQwZ1FU07xAsShiEJgK5yg=
-44,71,SL6LfTNIeMVzvae93mGo20czyPU=,woTPHYSv41GhcaKOT02k7QhadJc=
-45,71,ex9p4rszNxWZj9EaUe62in7LUMI=,woTPHYSv41GhcaKOT02k7QhadJc=
-43,71,SL6LfTNIeMVzvae93mGo20czyPU=,woTPHYSv41GhcaKOT02k7QhadJc=
-43,64,ex9p4rszNxWZj9EaUe62in7LUMI=,woTPHYSv41GhcaKOT02k7QhadJc=
-46,71,aMwS+cEfahB0OfeuQaBiInFewaA=,woTPHYSv41GhcaKOT02k7QhadJc=
-47,71,QqE0XToO7YF1JYXdVp3GLSKJNPU=,woTPHYSv41GhcaKOT02k7QhadJc=
-41,70,WA4DLfNthSTl1zaxQi4C+vZuQ+o=,woTPHYSv41GhcaKOT02k7QhadJc=
-38,75,vXYTUXM3EBXjLYfcP95RDBonIhE=,x7AL0rBkN0qttUJMqufKcSuin4o=
-48,66,WA4DLfNthSTl1zaxQi4C+vZuQ+o=,woTPHYSv41GhcaKOT02k7QhadJc=
-42,70,QqE0XToO7YF1JYXdVp3GLSKJNPU=,woTPHYSv41GhcaKOT02k7QhadJc=
-43,70,QqE0XToO7YF1JYXdVp3GLSKJNPU=,woTPHYSv41GhcaKOT02k7QhadJc=
-43,65,WA4DLfNthSTl1zaxQi4C+vZuQ+o=,woTPHYSv41GhcaKOT02k7QhadJc=
-44,70,aMwS+cEfahB0OfeuQaBiInFewaA=,woTPHYSv41GhcaKOT02k7QhadJc=
-44,65,QqE0XToO7YF1JYXdVp3GLSKJNPU=,woTPHYSv41GhcaKOT02k7QhadJc=
-44,64,ex9p4rszNxWZj9EaUe62in7LUMI=,woTPHYSv41GhcaKOT02k7QhadJc=
-45,70,ex9p4rszNxWZj9EaUe62in7LUMI=,woTPHYSv41GhcaKOT02k7QhadJc=
-45,67,+ZzNdJ6PNr9bvGdmMPLk+6wwqhA=,woTPHYSv41GhcaKOT02k7QhadJc=
-46,64,+ZzNdJ6PNr9bvGdmMPLk+6wwqhA=,woTPHYSv41GhcaKOT02k7QhadJc=
-46,70,QqE0XToO7YF1JYXdVp3GLSKJNPU=,woTPHYSv41GhcaKOT02k7QhadJc=
-47,70,QqE0XToO7YF1JYXdVp3GLSKJNPU=,woTPHYSv41GhcaKOT02k7QhadJc=
-48,70,ex9p4rszNxWZj9EaUe62in7LUMI=,woTPHYSv41GhcaKOT02k7QhadJc=
-40,69,QqE0XToO7YF1JYXdVp3GLSKJNPU=,SpkubpQwZ1FU07xAsShiEJgK5yg=
-45,65,WA4DLfNthSTl1zaxQi4C+vZuQ+o=,woTPHYSv41GhcaKOT02k7QhadJc=
-42,69,QqE0XToO7YF1JYXdVp3GLSKJNPU=,woTPHYSv41GhcaKOT02k7QhadJc=
-41,66,ex9p4rszNxWZj9EaUe62in7LUMI=,woTPHYSv41GhcaKOT02k7QhadJc=
-46,67,WA4DLfNthSTl1zaxQi4C+vZuQ+o=,woTPHYSv41GhcaKOT02k7QhadJc=
-41,69,QqE0XToO7YF1JYXdVp3GLSKJNPU=,woTPHYSv41GhcaKOT02k7QhadJc=
-47,67,WA4DLfNthSTl1zaxQi4C+vZuQ+o=,woTPHYSv41GhcaKOT02k7QhadJc=
-43,68,QqE0XToO7YF1JYXdVp3GLSKJNPU=,woTPHYSv41GhcaKOT02k7QhadJc=
-47,64,+ZzNdJ6PNr9bvGdmMPLk+6wwqhA=,woTPHYSv41GhcaKOT02k7QhadJc=
-44,69,ex9p4rszNxWZj9EaUe62in7LUMI=,woTPHYSv41GhcaKOT02k7QhadJc=
-43,69,QqE0XToO7YF1JYXdVp3GLSKJNPU=,woTPHYSv41GhcaKOT02k7QhadJc=
-44,66,QqE0XToO7YF1JYXdVp3GLSKJNPU=,woTPHYSv41GhcaKOT02k7QhadJc=
-43,66,QqE0XToO7YF1JYXdVp3GLSKJNPU=,woTPHYSv41GhcaKOT02k7QhadJc=
-42,66,QqE0XToO7YF1JYXdVp3GLSKJNPU=,woTPHYSv41GhcaKOT02k7QhadJc=
-40,72,QqE0XToO7YF1JYXdVp3GLSKJNPU=,x7AL0rBkN0qttUJMqufKcSuin4o=
-45,66,WA4DLfNthSTl1zaxQi4C+vZuQ+o=,woTPHYSv41GhcaKOT02k7QhadJc=
-41,71,ex9p4rszNxWZj9EaUe62in7LUMI=,woTPHYSv41GhcaKOT02k7QhadJc=
-47,66,WA4DLfNthSTl1zaxQi4C+vZuQ+o=,woTPHYSv41GhcaKOT02k7QhadJc=
-46,66,WA4DLfNthSTl1zaxQi4C+vZuQ+o=,woTPHYSv41GhcaKOT02k7QhadJc=
