-36,-77,Ma/bcynxc0nzVPOP36kR0Dlr1yE=,UyQzSmy+u+3+qXekyESOWIXh9Bk=
-35,-77,Ma/bcynxc0nzVPOP36kR0Dlr1yE=,UyQzSmy+u+3+qXekyESOWIXh9Bk=
-34,-77,Ma/bcynxc0nzVPOP36kR0Dlr1yE=,UyQzSmy+u+3+qXekyESOWIXh9Bk=
-39,-76,7LP9VPkveYyG19fdNyND0dv70ds=,UyQzSmy+u+3+qXekyESOWIXh9Bk=
-38,-76,7LP9VPkveYyG19fdNyND0dv70ds=,UyQzSmy+u+3+qXekyESOWIXh9Bk=
-37,-76,7LP9VPkveYyG19fdNyND0dv70ds=,UyQzSmy+u+3+qXekyESOWIXh9Bk=
-36,-76,RZ/cErshAReE6nLN0lHybVUqjt0=,UyQzSmy+u+3+qXekyESOWIXh9Bk=
-35,-76,RZ/cErshAReE6nLN0lHybVUqjt0=,UyQzSmy+u+3+qXekyESOWIXh9Bk=
-34,-76,RZ/cErshAReE6nLN0lHybVUqjt0=,UyQzSmy+u+3+qXekyESOWIXh9Bk=
-44,-69,AzSBE3MBipzkygq1YluWwVbGF/w=,ZMFEEZl0PvcsIG+08eVtDHNIoOc=
-39,-75,7LP9VPkveYyG19fdNyND0dv70ds=,UyQzSmy+u+3+qXekyESOWIXh9Bk=
-43,-69,AzSBE3MBipzkygq1YluWwVbGF/w=,ZMFEEZl0PvcsIG+08eVtDHNIoOc=
-38,-75,7LP9VPkveYyG19fdNyND0dv70ds=,UyQzSmy+u+3+qXekyESOWIXh9Bk=
-42,-69,AzSBE3MBipzkygq1YluWwVbGF/w=,ZMFEEZl0PvcsIG+08eVtDHNIoOc=
-47,-68,Ma/bcynxc0nzVPOP36kR0Dlr1yE=,ZMFEEZl0PvcsIG+08eVtDHNIoOc=
-37,-75,7LP9VPkveYyG19fdNyND0dv70ds=,UyQzSmy+u+3+qXekyESOWIXh9Bk=
-46,-68,Ma/bcynxc0nzVPOP36kR0Dlr1yE=,ZMFEEZl0PvcsIG+08eVtDHNIoOc=
-36,-75,RZ/cErshAReE6nLN0lHybVUqjt0=,UyQzSmy+u+3+qXekyESOWIXh9Bk=
-45,-68,Ma/bcynxc0nzVPOP36kR0Dlr1yE=,ZMFEEZl0PvcsIG+08eVtDHNIoOc=
-35,-75,RZ/cErshAReE6nLN0lHybVUqjt0=,UyQzSmy+u+3+qXekyESOWIXh9Bk=
-44,-68,5nPVQvEwfi927fYibca7Viy/790=,ZMFEEZl0PvcsIG+08eVtDHNIoOc=
-43,-68,5nPVQvEwfi927fYibca7Viy/790=,ZMFEEZl0PvcsIG+08eVtDHNIoOc=
-42,-68,5nPVQvEwfi927fYibca7Viy/790=,ZMFEEZl0PvcsIG+08eVtDHNIoOc=
-47,-67,7LP9VPkveYyG19fdNyND0dv70ds=,ZMFEEZl0PvcsIG+08eVtDHNIoOc=
-46,-67,7LP9VPkveYyG19fdNyND0dv70ds=,ZMFEEZl0PvcsIG+08eVtDHNIoOc=
-45,-67,7LP9VPkveYyG19fdNyND0dv70ds=,ZMFEEZl0PvcsIG+08eVtDHNIoOc=
-44,-67,5nPVQvEwfi927fYibca7Viy/790=,ZMFEEZl0PvcsIG+08eVtDHNIoOc=
-43,-67,5nPVQvEwfi927fYibca7Viy/790=,ZMFEEZl0PvcsIG+08eVtDHNIoOc=
-42,-67,5nPVQvEwfi927fYibca7Viy/790=,ZMFEEZl0PvcsIG+08eVtDHNIoOc=
-47,-66,7LP9VPkveYyG19fdNyND0dv70ds=,ZMFEEZl0PvcsIG+08eVtDHNIoOc=
-46,-66,7LP9VPkveYyG19fdNyND0dv70ds=,ZMFEEZl0PvcsIG+08eVtDHNIoOc=
-45,-66,7LP9VPkveYyG19fdNyND0dv70ds=,ZMFEEZl0PvcsIG+08eVtDHNIoOc=
-45,-69,AzSBE3MBipzkygq1YluWwVbGF/w=,ZMFEEZl0PvcsIG+08eVtDHNIoOc=
-44,-66,Ma/bcynxc0nzVPOP36kR0Dlr1yE=,ZMFEEZl0PvcsIG+08eVtDHNIoOc=
-37,-77,7LP9VPkveYyG19fdNyND0dv70ds=,UyQzSmy+u+3+qXekyESOWIXh9Bk=
-43,-66,Ma/bcynxc0nzVPOP36kR0Dlr1yE=,ZMFEEZl0PvcsIG+08eVtDHNIoOc=
-47,-71,RZ/cErshAReE6nLN0lHybVUqjt0=,ZMFEEZl0PvcsIG+08eVtDHNIoOc=
-46,-71,RZ/cErshAReE6nLN0lHybVUqjt0=,ZMFEEZl0PvcsIG+08eVtDHNIoOc=
-46,-69,AzSBE3MBipzkygq1YluWwVbGF/w=,ZMFEEZl0PvcsIG+08eVtDHNIoOc=
-45,-71,RZ/cErshAReE6nLN0lHybVUqjt0=,ZMFEEZl0PvcsIG+08eVtDHNIoOc=
-38,-77,7LP9VPkveYyG19fdNyND0dv70ds=,UyQzSmy+u+3+qXekyESOWIXh9Bk=
-44,-71,RZ/cErshAReE6nLN0lHybVUqjt0=,ZMFEEZl0PvcsIG+08eVtDHNIoOc=
-43,-71,RZ/cErshAReE6nLN0lHybVUqjt0=,ZMFEEZl0PvcsIG+08eVtDHNIoOc=
-42,-71,RZ/cErshAReE6nLN0lHybVUqjt0=,ZMFEEZl0PvcsIG+08eVtDHNIoOc=
-47,-69,AzSBE3MBipzkygq1YluWwVbGF/w=,ZMFEEZl0PvcsIG+08eVtDHNIoOc=
-42,-66,Ma/bcynxc0nzVPOP36kR0Dlr1yE=,ZMFEEZl0PvcsIG+08eVtDHNIoOc=
-42,-70,AzSBE3MBipzkygq1YluWwVbGF/w=,ZMFEEZl0PvcsIG+08eVtDHNIoOc=
-47,-70,RZ/cErshAReE6nLN0lHybVUqjt0=,ZMFEEZl0PvcsIG+08eVtDHNIoOc=
-43,-70,AzSBE3MBipzkygq1YluWwVbGF/w=,ZMFEEZl0PvcsIG+08eVtDHNIoOc=
-46,-70,AzSBE3MBipzkygq1YluWwVbGF/w=,ZMFEEZl0PvcsIG+08eVtDHNIoOc=
-45,-70,AzSBE3MBipzkygq1YluWwVbGF/w=,ZMFEEZl0PvcsIG+08eVtDHNIoOc=
-39,-77,7LP9VPkveYyG19fdNyND0dv70ds=,UyQzSmy+u+3+qXekyESOWIXh9Bk=
-35,-78,Ma/bcynxc0nzVPOP36kR0Dlr1yE=,UyQzSmy+u+3+qXekyESOWIXh9Bk=
-34,-78,Ma/bcynxc0nzVPOP36kR0Dlr1yE=,UyQzSmy+u+3+qXekyESOWIXh9Bk=
-36,-78,Ma/bcynxc0nzVPOP36kR0Dlr1yE=,UyQzSmy+u+3+qXekyESOWIXh9Bk=
-33,-77,Ma/bcynxc0nzVPOP36kR0Dlr1yE=,UyQzSmy+u+3+qXekyESOWIXh9Bk=
-33,-79,Ma/bcynxc0nzVPOP36kR0Dlr1yE=,UyQzSmy+u+3+qXekyESOWIXh9Bk=
-33,-78,Ma/bcynxc0nzVPOP36kR0Dlr1yE=,UyQzSmy+u+3+qXekyESOWIXh9Bk=
-33,-74,7LP9VPkveYyG19fdNyND0dv70ds=,UyQzSmy+u+3+qXekyESOWIXh9Bk=
-34,-74,RZ/cErshAReE6nLN0lHybVUqjt0=,UyQzSmy+u+3+qXekyESOWIXh9Bk=
-33,-75,Ma/bcynxc0nzVPOP36kR0Dlr1yE=,UyQzSmy+u+3+qXekyESOWIXh9Bk=
-33,-76,7LP9VPkveYyG19fdNyND0dv70ds=,UyQzSmy+u+3+qXekyESOWIXh9Bk=
-37,-78,7LP9VPkveYyG19fdNyND0dv70ds=,UyQzSmy+u+3+qXekyESOWIXh9Bk=
-35,-74,RZ/cErshAReE6nLN0lHybVUqjt0=,UyQzSmy+u+3+qXekyESOWIXh9Bk=
-38,-78,7LP9VPkveYyG19fdNyND0dv70ds=,UyQzSmy+u+3+qXekyESOWIXh9Bk=
-34,-79,Ma/bcynxc0nzVPOP36kR0Dlr1yE=,UyQzSmy+u+3+qXekyESOWIXh9Bk=
-36,-79,Ma/bcynxc0nzVPOP36kR0Dlr1yE=,UyQzSmy+u+3+qXekyESOWIXh9Bk=
-35,-79,Ma/bcynxc0nzVPOP36kR0Dlr1yE=,UyQzSmy+u+3+qXekyESOWIXh9Bk=
-38,-79,7LP9VPkveYyG19fdNyND0dv70ds=,UyQzSmy+u+3+qXekyESOWIXh9Bk=
-39,-79,7LP9VPkveYyG19fdNyND0dv70ds=,UyQzSmy+u+3+qXekyESOWIXh9Bk=
-37,-79,7LP9VPkveYyG19fdNyND0dv70ds=,UyQzSmy+u+3+qXekyESOWIXh9Bk=
-36,-74,7LP9VPkveYyG19fdNyND0dv70ds=,UyQzSmy+u+3+qXekyESOWIXh9Bk=
-39,-78,7LP9VPkveYyG19fdNyND0dv70ds=,UyQzSmy+u+3+qXekyESOWIXh9Bk=
-37,-74,7LP9VPkveYyG19fdNyND0dv70ds=,UyQzSmy+u+3+qXekyESOWIXh9Bk=
-38,-74,7LP9VPkveYyG19fdNyND0dv70ds=,UyQzSmy+u+3+qXekyESOWIXh9Bk=
-39,-74,7LP9VPkveYyG19fdNyND0dv70ds=,UyQzSmy+u+3+qXekyESOWIXh9Bk=
-34,-75,RZ/cErshAReE6nLN0lHybVUqjt0=,UyQzSmy+u+3+qXekyESOWIXh9Bk=
-44,-70,AzSBE3MBipzkygq1YluWwVbGF/w=,ZMFEEZl0PvcsIG+08eVtDHNIoOc=
-47,-80,5nPVQvEwfi927fYibca7Viy/790=,PIThzwO6LbcfSn36XPJdyxPwqds=
-46,-80,5nPVQvEwfi927fYibca7Viy/790=,PIThzwO6LbcfSn36XPJdyxPwqds=
-45,-80,5nPVQvEwfi927fYibca7Viy/790=,PIThzwO6LbcfSn36XPJdyxPwqds=
-44,-80,5nPVQvEwfi927fYibca7Viy/790=,PIThzwO6LbcfSn36XPJdyxPwqds=
-43,-80,5nPVQvEwfi927fYibca7Viy/790=,PIThzwO6LbcfSn36XPJdyxPwqds=
-42,-80,5nPVQvEwfi927fYibca7Viy/790=,PIThzwO6LbcfSn36XPJdyxPwqds=
-45,-75,7LP9VPkveYyG19fdNyND0dv70ds=,PIThzwO6LbcfSn36XPJdyxPwqds=
-46,-75,7LP9VPkveYyG19fdNyND0dv70ds=,PIThzwO6LbcfSn36XPJdyxPwqds=
-44,-75,Ma/bcynxc0nzVPOP36kR0Dlr1yE=,PIThzwO6LbcfSn36XPJdyxPwqds=
-34,-69,AzSBE3MBipzkygq1YluWwVbGF/w=,hP4JMK7qy5HtL8v95nmHb0SmNqg=
-47,-75,7LP9VPkveYyG19fdNyND0dv70ds=,PIThzwO6LbcfSn36XPJdyxPwqds=
-41,-76,7LP9VPkveYyG19fdNyND0dv70ds=,PIThzwO6LbcfSn36XPJdyxPwqds=
-40,-77,Ma/bcynxc0nzVPOP36kR0Dlr1yE=,UyQzSmy+u+3+qXekyESOWIXh9Bk=
-43,-75,Ma/bcynxc0nzVPOP36kR0Dlr1yE=,PIThzwO6LbcfSn36XPJdyxPwqds=
-38,-71,Ma/bcynxc0nzVPOP36kR0Dlr1yE=,hP4JMK7qy5HtL8v95nmHb0SmNqg=
-37,-67,Ma/bcynxc0nzVPOP36kR0Dlr1yE=,hP4JMK7qy5HtL8v95nmHb0SmNqg=
-33,-73,5nPVQvEwfi927fYibca7Viy/790=,UyQzSmy+u+3+qXekyESOWIXh9Bk=
-34,-73,RZ/cErshAReE6nLN0lHybVUqjt0=,UyQzSmy+u+3+qXekyESOWIXh9Bk=
-35,-68,RZ/cErshAReE6nLN0lHybVUqjt0=,hP4JMK7qy5HtL8v95nmHb0SmNqg=
-35,-73,RZ/cErshAReE6nLN0lHybVUqjt0=,UyQzSmy+u+3+qXekyESOWIXh9Bk=
-36,-73,RZ/cErshAReE6nLN0lHybVUqjt0=,UyQzSmy+u+3+qXekyESOWIXh9Bk=
-36,-68,RZ/cErshAReE6nLN0lHybVUqjt0=,hP4JMK7qy5HtL8v95nmHb0SmNqg=
-37,-68,Ma/bcynxc0nzVPOP36kR0Dlr1yE=,hP4JMK7qy5HtL8v95nmHb0SmNqg=
-40,-65,5nPVQvEwfi927fYibca7Viy/790=,hP4JMK7qy5HtL8v95nmHb0SmNqg=
-42,-76,7LP9VPkveYyG19fdNyND0dv70ds=,PIThzwO6LbcfSn36XPJdyxPwqds=
-33,-69,RZ/cErshAReE6nLN0lHybVUqjt0=,hP4JMK7qy5HtL8v95nmHb0SmNqg=
-43,-76,7LP9VPkveYyG19fdNyND0dv70ds=,PIThzwO6LbcfSn36XPJdyxPwqds=
-37,-72,Ma/bcynxc0nzVPOP36kR0Dlr1yE=,hP4JMK7qy5HtL8v95nmHb0SmNqg=
-44,-76,7LP9VPkveYyG19fdNyND0dv70ds=,PIThzwO6LbcfSn36XPJdyxPwqds=
-37,-73,Ma/bcynxc0nzVPOP36kR0Dlr1yE=,UyQzSmy+u+3+qXekyESOWIXh9Bk=
-40,-78,Ma/bcynxc0nzVPOP36kR0Dlr1yE=,UyQzSmy+u+3+qXekyESOWIXh9Bk=
-45,-76,7LP9VPkveYyG19fdNyND0dv70ds=,PIThzwO6LbcfSn36XPJdyxPwqds=
-46,-76,7LP9VPkveYyG19fdNyND0dv70ds=,PIThzwO6LbcfSn36XPJdyxPwqds=
-47,-65,7LP9VPkveYyG19fdNyND0dv70ds=,ZMFEEZl0PvcsIG+08eVtDHNIoOc=
-41,-65,5nPVQvEwfi927fYibca7Viy/790=,ZMFEEZl0PvcsIG+08eVtDHNIoOc=
-38,-73,Ma/bcynxc0nzVPOP36kR0Dlr1yE=,UyQzSmy+u+3+qXekyESOWIXh9Bk=
-34,-68,RZ/cErshAReE6nLN0lHybVUqjt0=,hP4JMK7qy5HtL8v95nmHb0SmNqg=
-47,-76,RZ/cErshAReE6nLN0lHybVUqjt0=,PIThzwO6LbcfSn36XPJdyxPwqds=
-35,-69,AzSBE3MBipzkygq1YluWwVbGF/w=,hP4JMK7qy5HtL8v95nmHb0SmNqg=
-42,-65,5nPVQvEwfi927fYibca7Viy/790=,ZMFEEZl0PvcsIG+08eVtDHNIoOc=
-41,-70,AzSBE3MBipzkygq1YluWwVbGF/w=,ZMFEEZl0PvcsIG+08eVtDHNIoOc=
-41,-77,RZ/cErshAReE6nLN0lHybVUqjt0=,PIThzwO6LbcfSn36XPJdyxPwqds=
-38,-72,Ma/bcynxc0nzVPOP36kR0Dlr1yE=,hP4JMK7qy5HtL8v95nmHb0SmNqg=
-38,-67,5nPVQvEwfi927fYibca7Viy/790=,hP4JMK7qy5HtL8v95nmHb0SmNqg=
-46,-65,7LP9VPkveYyG19fdNyND0dv70ds=,ZMFEEZl0PvcsIG+08eVtDHNIoOc=
-43,-65,Ma/bcynxc0nzVPOP36kR0Dlr1yE=,ZMFEEZl0PvcsIG+08eVtDHNIoOc=
-33,-68,RZ/cErshAReE6nLN0lHybVUqjt0=,hP4JMK7qy5HtL8v95nmHb0SmNqg=
-42,-72,AzSBE3MBipzkygq1YluWwVbGF/w=,ZMFEEZl0PvcsIG+08eVtDHNIoOc=
-36,-69,RZ/cErshAReE6nLN0lHybVUqjt0=,hP4JMK7qy5HtL8v95nmHb0SmNqg=
-43,-72,AzSBE3MBipzkygq1YluWwVbGF/w=,ZMFEEZl0PvcsIG+08eVtDHNIoOc=
-40,-79,Ma/bcynxc0nzVPOP36kR0Dlr1yE=,UyQzSmy+u+3+qXekyESOWIXh9Bk=
-37,-69,Ma/bcynxc0nzVPOP36kR0Dlr1yE=,hP4JMK7qy5HtL8v95nmHb0SmNqg=
-41,-66,Ma/bcynxc0nzVPOP36kR0Dlr1yE=,ZMFEEZl0PvcsIG+08eVtDHNIoOc=
-39,-73,Ma/bcynxc0nzVPOP36kR0Dlr1yE=,UyQzSmy+u+3+qXekyESOWIXh9Bk=
-33,-71,RZ/cErshAReE6nLN0lHybVUqjt0=,hP4JMK7qy5HtL8v95nmHb0SmNqg=
-41,-71,RZ/cErshAReE6nLN0lHybVUqjt0=,ZMFEEZl0PvcsIG+08eVtDHNIoOc=
-42,-77,RZ/cErshAReE6nLN0lHybVUqjt0=,PIThzwO6LbcfSn36XPJdyxPwqds=
-45,-65,7LP9VPkveYyG19fdNyND0dv70ds=,ZMFEEZl0PvcsIG+08eVtDHNIoOc=
-40,-70,Ma/bcynxc0nzVPOP36kR0Dlr1yE=,hP4JMK7qy5HtL8v95nmHb0SmNqg=
-43,-77,RZ/cErshAReE6nLN0lHybVUqjt0=,PIThzwO6LbcfSn36XPJdyxPwqds=
-44,-65,Ma/bcynxc0nzVPOP36kR0Dlr1yE=,ZMFEEZl0PvcsIG+08eVtDHNIoOc=
-44,-77,RZ/cErshAReE6nLN0lHybVUqjt0=,PIThzwO6LbcfSn36XPJdyxPwqds=
-39,-71,Ma/bcynxc0nzVPOP36kR0Dlr1yE=,hP4JMK7qy5HtL8v95nmHb0SmNqg=
-40,-71,5nPVQvEwfi927fYibca7Viy/790=,hP4JMK7qy5HtL8v95nmHb0SmNqg=
-41,-72,AzSBE3MBipzkygq1YluWwVbGF/w=,ZMFEEZl0PvcsIG+08eVtDHNIoOc=
-45,-77,AzSBE3MBipzkygq1YluWwVbGF/w=,PIThzwO6LbcfSn36XPJdyxPwqds=
-40,-73,Ma/bcynxc0nzVPOP36kR0Dlr1yE=,UyQzSmy+u+3+qXekyESOWIXh9Bk=
-33,-72,AzSBE3MBipzkygq1YluWwVbGF/w=,hP4JMK7qy5HtL8v95nmHb0SmNqg=
-36,-67,7LP9VPkveYyG19fdNyND0dv70ds=,hP4JMK7qy5HtL8v95nmHb0SmNqg=
-34,-71,AzSBE3MBipzkygq1YluWwVbGF/w=,hP4JMK7qy5HtL8v95nmHb0SmNqg=
-46,-77,AzSBE3MBipzkygq1YluWwVbGF/w=,PIThzwO6LbcfSn36XPJdyxPwqds=
-41,-67,Ma/bcynxc0nzVPOP36kR0Dlr1yE=,ZMFEEZl0PvcsIG+08eVtDHNIoOc=
-40,-69,5nPVQvEwfi927fYibca7Viy/790=,hP4JMK7qy5HtL8v95nmHb0SmNqg=
-44,-72,AzSBE3MBipzkygq1YluWwVbGF/w=,ZMFEEZl0PvcsIG+08eVtDHNIoOc=
-34,-65,RZ/cErshAReE6nLN0lHybVUqjt0=,hP4JMK7qy5HtL8v95nmHb0SmNqg=
-47,-77,AzSBE3MBipzkygq1YluWwVbGF/w=,PIThzwO6LbcfSn36XPJdyxPwqds=
-35,-65,RZ/cErshAReE6nLN0lHybVUqjt0=,hP4JMK7qy5HtL8v95nmHb0SmNqg=
-39,-67,7LP9VPkveYyG19fdNyND0dv70ds=,hP4JMK7qy5HtL8v95nmHb0SmNqg=
-45,-72,AzSBE3MBipzkygq1YluWwVbGF/w=,ZMFEEZl0PvcsIG+08eVtDHNIoOc=
-48,-68,7LP9VPkveYyG19fdNyND0dv70ds=,ZMFEEZl0PvcsIG+08eVtDHNIoOc=
-41,-78,7LP9VPkveYyG19fdNyND0dv70ds=,PIThzwO6LbcfSn36XPJdyxPwqds=
-48,-69,AzSBE3MBipzkygq1YluWwVbGF/w=,ZMFEEZl0PvcsIG+08eVtDHNIoOc=
-40,-67,Ma/bcynxc0nzVPOP36kR0Dlr1yE=,hP4JMK7qy5HtL8v95nmHb0SmNqg=
-36,-65,RZ/cErshAReE6nLN0lHybVUqjt0=,hP4JMK7qy5HtL8v95nmHb0SmNqg=
-34,-72,RZ/cErshAReE6nLN0lHybVUqjt0=,hP4JMK7qy5HtL8v95nmHb0SmNqg=
-48,-70,AzSBE3MBipzkygq1YluWwVbGF/w=,ZMFEEZl0PvcsIG+08eVtDHNIoOc=
-38,-65,Ma/bcynxc0nzVPOP36kR0Dlr1yE=,hP4JMK7qy5HtL8v95nmHb0SmNqg=
-37,-65,Ma/bcynxc0nzVPOP36kR0Dlr1yE=,hP4JMK7qy5HtL8v95nmHb0SmNqg=
-46,-72,AzSBE3MBipzkygq1YluWwVbGF/w=,ZMFEEZl0PvcsIG+08eVtDHNIoOc=
-35,-71,AzSBE3MBipzkygq1YluWwVbGF/w=,hP4JMK7qy5HtL8v95nmHb0SmNqg=
-39,-65,5nPVQvEwfi927fYibca7Viy/790=,hP4JMK7qy5HtL8v95nmHb0SmNqg=
-48,-67,Ma/bcynxc0nzVPOP36kR0Dlr1yE=,ZMFEEZl0PvcsIG+08eVtDHNIoOc=
-40,-72,Ma/bcynxc0nzVPOP36kR0Dlr1yE=,hP4JMK7qy5HtL8v95nmHb0SmNqg=
-48,-71,AzSBE3MBipzkygq1YluWwVbGF/w=,ZMFEEZl0PvcsIG+08eVtDHNIoOc=
-34,-66,AzSBE3MBipzkygq1YluWwVbGF/w=,hP4JMK7qy5HtL8v95nmHb0SmNqg=
-42,-78,7LP9VPkveYyG19fdNyND0dv70ds=,PIThzwO6LbcfSn36XPJdyxPwqds=
-48,-66,5nPVQvEwfi927fYibca7Viy/790=,ZMFEEZl0PvcsIG+08eVtDHNIoOc=
-35,-72,RZ/cErshAReE6nLN0lHybVUqjt0=,hP4JMK7qy5HtL8v95nmHb0SmNqg=
-43,-78,Ma/bcynxc0nzVPOP36kR0Dlr1yE=,PIThzwO6LbcfSn36XPJdyxPwqds=
-35,-66,7LP9VPkveYyG19fdNyND0dv70ds=,hP4JMK7qy5HtL8v95nmHb0SmNqg=
-41,-73,AzSBE3MBipzkygq1YluWwVbGF/w=,PIThzwO6LbcfSn36XPJdyxPwqds=
-48,-65,Ma/bcynxc0nzVPOP36kR0Dlr1yE=,ZMFEEZl0PvcsIG+08eVtDHNIoOc=
-40,-68,7LP9VPkveYyG19fdNyND0dv70ds=,hP4JMK7qy5HtL8v95nmHb0SmNqg=
-36,-66,7LP9VPkveYyG19fdNyND0dv70ds=,hP4JMK7qy5HtL8v95nmHb0SmNqg=
-44,-78,Ma/bcynxc0nzVPOP36kR0Dlr1yE=,PIThzwO6LbcfSn36XPJdyxPwqds=
-37,-66,7LP9VPkveYyG19fdNyND0dv70ds=,hP4JMK7qy5HtL8v95nmHb0SmNqg=
-38,-66,7LP9VPkveYyG19fdNyND0dv70ds=,hP4JMK7qy5HtL8v95nmHb0SmNqg=
-39,-66,Ma/bcynxc0nzVPOP36kR0Dlr1yE=,hP4JMK7qy5HtL8v95nmHb0SmNqg=
-41,-80,5nPVQvEwfi927fYibca7Viy/790=,PIThzwO6LbcfSn36XPJdyxPwqds=
-40,-80,5nPVQvEwfi927fYibca7Viy/790=,UyQzSmy+u+3+qXekyESOWIXh9Bk=
-39,-80,5nPVQvEwfi927fYibca7Viy/790=,UyQzSmy+u+3+qXekyESOWIXh9Bk=
-38,-80,5nPVQvEwfi927fYibca7Viy/790=,UyQzSmy+u+3+qXekyESOWIXh9Bk=
-36,-80,5nPVQvEwfi927fYibca7Viy/790=,UyQzSmy+u+3+qXekyESOWIXh9Bk=
-37,-80,5nPVQvEwfi927fYibca7Viy/790=,UyQzSmy+u+3+qXekyESOWIXh9Bk=
-35,-80,5nPVQvEwfi927fYibca7Viy/790=,UyQzSmy+u+3+qXekyESOWIXh9Bk=
-34,-80,5nPVQvEwfi927fYibca7Viy/790=,UyQzSmy+u+3+qXekyESOWIXh9Bk=
-45,-78,7LP9VPkveYyG19fdNyND0dv70ds=,PIThzwO6LbcfSn36XPJdyxPwqds=
-46,-78,7LP9VPkveYyG19fdNyND0dv70ds=,PIThzwO6LbcfSn36XPJdyxPwqds=
-33,-66,RZ/cErshAReE6nLN0lHybVUqjt0=,hP4JMK7qy5HtL8v95nmHb0SmNqg=
-33,-80,5nPVQvEwfi927fYibca7Viy/790=,UyQzSmy+u+3+qXekyESOWIXh9Bk=
-39,-68,7LP9VPkveYyG19fdNyND0dv70ds=,hP4JMK7qy5HtL8v95nmHb0SmNqg=
-33,-67,RZ/cErshAReE6nLN0lHybVUqjt0=,hP4JMK7qy5HtL8v95nmHb0SmNqg=
-40,-66,Ma/bcynxc0nzVPOP36kR0Dlr1yE=,hP4JMK7qy5HtL8v95nmHb0SmNqg=
-36,-72,RZ/cErshAReE6nLN0lHybVUqjt0=,hP4JMK7qy5HtL8v95nmHb0SmNqg=
-47,-78,7LP9VPkveYyG19fdNyND0dv70ds=,PIThzwO6LbcfSn36XPJdyxPwqds=
-34,-67,RZ/cErshAReE6nLN0lHybVUqjt0=,hP4JMK7qy5HtL8v95nmHb0SmNqg=
-41,-79,Ma/bcynxc0nzVPOP36kR0Dlr1yE=,PIThzwO6LbcfSn36XPJdyxPwqds=
-38,-69,Ma/bcynxc0nzVPOP36kR0Dlr1yE=,hP4JMK7qy5HtL8v95nmHb0SmNqg=
-40,-74,Ma/bcynxc0nzVPOP36kR0Dlr1yE=,UyQzSmy+u+3+qXekyESOWIXh9Bk=
-39,-72,Ma/bcynxc0nzVPOP36kR0Dlr1yE=,hP4JMK7qy5HtL8v95nmHb0SmNqg=
-47,-72,AzSBE3MBipzkygq1YluWwVbGF/w=,ZMFEEZl0PvcsIG+08eVtDHNIoOc=
-42,-79,Ma/bcynxc0nzVPOP36kR0Dlr1yE=,PIThzwO6LbcfSn36XPJdyxPwqds=
-43,-79,Ma/bcynxc0nzVPOP36kR0Dlr1yE=,PIThzwO6LbcfSn36XPJdyxPwqds=
-36,-71,AzSBE3MBipzkygq1YluWwVbGF/w=,hP4JMK7qy5HtL8v95nmHb0SmNqg=
-33,-65,RZ/cErshAReE6nLN0lHybVUqjt0=,hP4JMK7qy5HtL8v95nmHb0SmNqg=
-33,-70,RZ/cErshAReE6nLN0lHybVUqjt0=,hP4JMK7qy5HtL8v95nmHb0SmNqg=
-41,-68,5nPVQvEwfi927fYibca7Viy/790=,ZMFEEZl0PvcsIG+08eVtDHNIoOc=
-34,-70,AzSBE3MBipzkygq1YluWwVbGF/w=,hP4JMK7qy5HtL8v95nmHb0SmNqg=
-35,-70,RZ/cErshAReE6nLN0lHybVUqjt0=,hP4JMK7qy5HtL8v95nmHb0SmNqg=
-36,-70,RZ/cErshAReE6nLN0lHybVUqjt0=,hP4JMK7qy5HtL8v95nmHb0SmNqg=
-44,-79,Ma/bcynxc0nzVPOP36kR0Dlr1yE=,PIThzwO6LbcfSn36XPJdyxPwqds=
-39,-70,Ma/bcynxc0nzVPOP36kR0Dlr1yE=,hP4JMK7qy5HtL8v95nmHb0SmNqg=
-45,-79,Ma/bcynxc0nzVPOP36kR0Dlr1yE=,PIThzwO6LbcfSn36XPJdyxPwqds=
-37,-70,Ma/bcynxc0nzVPOP36kR0Dlr1yE=,hP4JMK7qy5HtL8v95nmHb0SmNqg=
-46,-79,7LP9VPkveYyG19fdNyND0dv70ds=,PIThzwO6LbcfSn36XPJdyxPwqds=
-42,-75,Ma/bcynxc0nzVPOP36kR0Dlr1yE=,PIThzwO6LbcfSn36XPJdyxPwqds=
-47,-79,7LP9VPkveYyG19fdNyND0dv70ds=,PIThzwO6LbcfSn36XPJdyxPwqds=
-39,-69,Ma/bcynxc0nzVPOP36kR0Dlr1yE=,hP4JMK7qy5HtL8v95nmHb0SmNqg=
-42,-73,AzSBE3MBipzkygq1YluWwVbGF/w=,PIThzwO6LbcfSn36XPJdyxPwqds=
-35,-67,RZ/cErshAReE6nLN0lHybVUqjt0=,hP4JMK7qy5HtL8v95nmHb0SmNqg=
-41,-69,AzSBE3MBipzkygq1YluWwVbGF/w=,ZMFEEZl0PvcsIG+08eVtDHNIoOc=
-43,-73,AzSBE3MBipzkygq1YluWwVbGF/w=,PIThzwO6LbcfSn36XPJdyxPwqds=
-38,-70,Ma/bcynxc0nzVPOP36kR0Dlr1yE=,hP4JMK7qy5HtL8v95nmHb0SmNqg=
-44,-73,AzSBE3MBipzkygq1YluWwVbGF/w=,PIThzwO6LbcfSn36XPJdyxPwqds=
-38,-68,5nPVQvEwfi927fYibca7Viy/790=,hP4JMK7qy5HtL8v95nmHb0SmNqg=
-45,-73,AzSBE3MBipzkygq1YluWwVbGF/w=,PIThzwO6LbcfSn36XPJdyxPwqds=
-46,-73,AzSBE3MBipzkygq1YluWwVbGF/w=,PIThzwO6LbcfSn36XPJdyxPwqds=
-41,-75,Ma/bcynxc0nzVPOP36kR0Dlr1yE=,PIThzwO6LbcfSn36XPJdyxPwqds=
-47,-73,AzSBE3MBipzkygq1YluWwVbGF/w=,PIThzwO6LbcfSn36XPJdyxPwqds=
-41,-74,7LP9VPkveYyG19fdNyND0dv70ds=,PIThzwO6LbcfSn36XPJdyxPwqds=
-42,-74,7LP9VPkveYyG19fdNyND0dv70ds=,PIThzwO6LbcfSn36XPJdyxPwqds=
-43,-74,7LP9VPkveYyG19fdNyND0dv70ds=,PIThzwO6LbcfSn36XPJdyxPwqds=
-44,-74,7LP9VPkveYyG19fdNyND0dv70ds=,PIThzwO6LbcfSn36XPJdyxPwqds=
-40,-76,Ma/bcynxc0nzVPOP36kR0Dlr1yE=,UyQzSmy+u+3+qXekyESOWIXh9Bk=
-40,-75,Ma/bcynxc0nzVPOP36kR0Dlr1yE=,UyQzSmy+u+3+qXekyESOWIXh9Bk=
-46,-74,7LP9VPkveYyG19fdNyND0dv70ds=,PIThzwO6LbcfSn36XPJdyxPwqds=
-47,-74,7LP9VPkveYyG19fdNyND0dv70ds=,PIThzwO6LbcfSn36XPJdyxPwqds=
-48,-80,5nPVQvEwfi927fYibca7Viy/790=,PIThzwO6LbcfSn36XPJdyxPwqds=
-37,-71,Ma/bcynxc0nzVPOP36kR0Dlr1yE=,hP4JMK7qy5HtL8v95nmHb0SmNqg=
-45,-74,7LP9VPkveYyG19fdNyND0dv70ds=,PIThzwO6LbcfSn36XPJdyxPwqds=
-48,-79,AzSBE3MBipzkygq1YluWwVbGF/w=,PIThzwO6LbcfSn36XPJdyxPwqds=
-48,-76,AzSBE3MBipzkygq1YluWwVbGF/w=,PIThzwO6LbcfSn36XPJdyxPwqds=
-48,-74,AzSBE3MBipzkygq1YluWwVbGF/w=,PIThzwO6LbcfSn36XPJdyxPwqds=
-48,-77,AzSBE3MBipzkygq1YluWwVbGF/w=,PIThzwO6LbcfSn36XPJdyxPwqds=
-48,-78,AzSBE3MBipzkygq1YluWwVbGF/w=,PIThzwO6LbcfSn36XPJdyxPwqds=
-48,-73,AzSBE3MBipzkygq1YluWwVbGF/w=,PIThzwO6LbcfSn36XPJdyxPwqds=
-48,-72,AzSBE3MBipzkygq1YluWwVbGF/w=,ZMFEEZl0PvcsIG+08eVtDHNIoOc=
-48,-75,AzSBE3MBipzkygq1YluWwVbGF/w=,PIThzwO6LbcfSn36XPJdyxPwqds=
-45,-81,AzSBE3MBipzkygq1YluWwVbGF/w=,J6qHMvnyqWEzgF6Wlofzmj+3Roc=
-44,-81,AzSBE3MBipzkygq1YluWwVbGF/w=,J6qHMvnyqWEzgF6Wlofzmj+3Roc=
-43,-81,AzSBE3MBipzkygq1YluWwVbGF/w=,J6qHMvnyqWEzgF6Wlofzmj+3Roc=
-42,-81,AzSBE3MBipzkygq1YluWwVbGF/w=,J6qHMvnyqWEzgF6Wlofzmj+3Roc=
-47,-88,AzSBE3MBipzkygq1YluWwVbGF/w=,J6qHMvnyqWEzgF6Wlofzmj+3Roc=
-46,-88,AzSBE3MBipzkygq1YluWwVbGF/w=,J6qHMvnyqWEzgF6Wlofzmj+3Roc=
-48,-88,AzSBE3MBipzkygq1YluWwVbGF/w=,J6qHMvnyqWEzgF6Wlofzmj+3Roc=
-44,-88,AzSBE3MBipzkygq1YluWwVbGF/w=,J6qHMvnyqWEzgF6Wlofzmj+3Roc=
-43,-88,AzSBE3MBipzkygq1YluWwVbGF/w=,J6qHMvnyqWEzgF6Wlofzmj+3Roc=
-45,-88,AzSBE3MBipzkygq1YluWwVbGF/w=,J6qHMvnyqWEzgF6Wlofzmj+3Roc=
-42,-88,AzSBE3MBipzkygq1YluWwVbGF/w=,J6qHMvnyqWEzgF6Wlofzmj+3Roc=
-47,-87,AzSBE3MBipzkygq1YluWwVbGF/w=,J6qHMvnyqWEzgF6Wlofzmj+3Roc=
-48,-87,AzSBE3MBipzkygq1YluWwVbGF/w=,J6qHMvnyqWEzgF6Wlofzmj+3Roc=
-45,-87,AzSBE3MBipzkygq1YluWwVbGF/w=,J6qHMvnyqWEzgF6Wlofzmj+3Roc=
-44,-87,AzSBE3MBipzkygq1YluWwVbGF/w=,J6qHMvnyqWEzgF6Wlofzmj+3Roc=
-43,-87,AzSBE3MBipzkygq1YluWwVbGF/w=,J6qHMvnyqWEzgF6Wlofzmj+3Roc=
-46,-87,AzSBE3MBipzkygq1YluWwVbGF/w=,J6qHMvnyqWEzgF6Wlofzmj+3Roc=
-42,-87,AzSBE3MBipzkygq1YluWwVbGF/w=,J6qHMvnyqWEzgF6Wlofzmj+3Roc=
-47,-86,AzSBE3MBipzkygq1YluWwVbGF/w=,J6qHMvnyqWEzgF6Wlofzmj+3Roc=
-48,-86,AzSBE3MBipzkygq1YluWwVbGF/w=,J6qHMvnyqWEzgF6Wlofzmj+3Roc=
-46,-86,AzSBE3MBipzkygq1YluWwVbGF/w=,J6qHMvnyqWEzgF6Wlofzmj+3Roc=
-45,-86,AzSBE3MBipzkygq1YluWwVbGF/w=,J6qHMvnyqWEzgF6Wlofzmj+3Roc=
-46,-81,AzSBE3MBipzkygq1YluWwVbGF/w=,J6qHMvnyqWEzgF6Wlofzmj+3Roc=
-47,-81,AzSBE3MBipzkygq1YluWwVbGF/w=,J6qHMvnyqWEzgF6Wlofzmj+3Roc=
-43,-86,AzSBE3MBipzkygq1YluWwVbGF/w=,J6qHMvnyqWEzgF6Wlofzmj+3Roc=
-44,-86,AzSBE3MBipzkygq1YluWwVbGF/w=,J6qHMvnyqWEzgF6Wlofzmj+3Roc=
-48,-81,AzSBE3MBipzkygq1YluWwVbGF/w=,J6qHMvnyqWEzgF6Wlofzmj+3Roc=
-42,-82,AzSBE3MBipzkygq1YluWwVbGF/w=,J6qHMvnyqWEzgF6Wlofzmj+3Roc=
-42,-86,AzSBE3MBipzkygq1YluWwVbGF/w=,J6qHMvnyqWEzgF6Wlofzmj+3Roc=
-48,-85,AzSBE3MBipzkygq1YluWwVbGF/w=,J6qHMvnyqWEzgF6Wlofzmj+3Roc=
-43,-82,AzSBE3MBipzkygq1YluWwVbGF/w=,J6qHMvnyqWEzgF6Wlofzmj+3Roc=
-47,-85,AzSBE3MBipzkygq1YluWwVbGF/w=,J6qHMvnyqWEzgF6Wlofzmj+3Roc=
-44,-82,AzSBE3MBipzkygq1YluWwVbGF/w=,J6qHMvnyqWEzgF6Wlofzmj+3Roc=
-46,-85,AzSBE3MBipzkygq1YluWwVbGF/w=,J6qHMvnyqWEzgF6Wlofzmj+3Roc=
-45,-85,AzSBE3MBipzkygq1YluWwVbGF/w=,J6qHMvnyqWEzgF6Wlofzmj+3Roc=
-45,-82,AzSBE3MBipzkygq1YluWwVbGF/w=,J6qHMvnyqWEzgF6Wlofzmj+3Roc=
-44,-85,AzSBE3MBipzkygq1YluWwVbGF/w=,J6qHMvnyqWEzgF6Wlofzmj+3Roc=
-43,-85,AzSBE3MBipzkygq1YluWwVbGF/w=,J6qHMvnyqWEzgF6Wlofzmj+3Roc=
-42,-85,AzSBE3MBipzkygq1YluWwVbGF/w=,J6qHMvnyqWEzgF6Wlofzmj+3Roc=
-47,-82,AzSBE3MBipzkygq1YluWwVbGF/w=,J6qHMvnyqWEzgF6Wlofzmj+3Roc=
-48,-84,AzSBE3MBipzkygq1YluWwVbGF/w=,J6qHMvnyqWEzgF6Wlofzmj+3Roc=
-46,-82,AzSBE3MBipzkygq1YluWwVbGF/w=,J6qHMvnyqWEzgF6Wlofzmj+3Roc=
-48,-82,AzSBE3MBipzkygq1YluWwVbGF/w=,J6qHMvnyqWEzgF6Wlofzmj+3Roc=
-47,-84,AzSBE3MBipzkygq1YluWwVbGF/w=,J6qHMvnyqWEzgF6Wlofzmj+3Roc=
-46,-84,AzSBE3MBipzkygq1YluWwVbGF/w=,J6qHMvnyqWEzgF6Wlofzmj+3Roc=
-42,-83,AzSBE3MBipzkygq1YluWwVbGF/w=,J6qHMvnyqWEzgF6Wlofzmj+3Roc=
-45,-84,AzSBE3MBipzkygq1YluWwVbGF/w=,J6qHMvnyqWEzgF6Wlofzmj+3Roc=
-43,-83,AzSBE3MBipzkygq1YluWwVbGF/w=,J6qHMvnyqWEzgF6Wlofzmj+3Roc=
-44,-83,AzSBE3MBipzkygq1YluWwVbGF/w=,J6qHMvnyqWEzgF6Wlofzmj+3Roc=
-44,-84,AzSBE3MBipzkygq1YluWwVbGF/w=,J6qHMvnyqWEzgF6Wlofzmj+3Roc=
-45,-83,AzSBE3MBipzkygq1YluWwVbGF/w=,J6qHMvnyqWEzgF6Wlofzmj+3Roc=
-43,-84,AzSBE3MBipzkygq1YluWwVbGF/w=,J6qHMvnyqWEzgF6Wlofzmj+3Roc=
-46,-83,AzSBE3MBipzkygq1YluWwVbGF/w=,J6qHMvnyqWEzgF6Wlofzmj+3Roc=
-42,-84,AzSBE3MBipzkygq1YluWwVbGF/w=,J6qHMvnyqWEzgF6Wlofzmj+3Roc=
-47,-83,AzSBE3MBipzkygq1YluWwVbGF/w=,J6qHMvnyqWEzgF6Wlofzmj+3Roc=
-48,-83,AzSBE3MBipzkygq1YluWwVbGF/w=,J6qHMvnyqWEzgF6Wlofzmj+3Roc=
-38,-85,AzSBE3MBipzkygq1YluWwVbGF/w=,IX43jRSCHClkBGXdevIvaUnJ95E=
-35,-82,AzSBE3MBipzkygq1YluWwVbGF/w=,IX43jRSCHClkBGXdevIvaUnJ95E=
-39,-85,AzSBE3MBipzkygq1YluWwVbGF/w=,IX43jRSCHClkBGXdevIvaUnJ95E=
-37,-86,AzSBE3MBipzkygq1YluWwVbGF/w=,IX43jRSCHClkBGXdevIvaUnJ95E=
-37,-85,AzSBE3MBipzkygq1YluWwVbGF/w=,IX43jRSCHClkBGXdevIvaUnJ95E=
-40,-85,AzSBE3MBipzkygq1YluWwVbGF/w=,IX43jRSCHClkBGXdevIvaUnJ95E=
-33,-86,AzSBE3MBipzkygq1YluWwVbGF/w=,IX43jRSCHClkBGXdevIvaUnJ95E=
-34,-86,AzSBE3MBipzkygq1YluWwVbGF/w=,IX43jRSCHClkBGXdevIvaUnJ95E=
-41,-82,AzSBE3MBipzkygq1YluWwVbGF/w=,J6qHMvnyqWEzgF6Wlofzmj+3Roc=
-34,-83,AzSBE3MBipzkygq1YluWwVbGF/w=,IX43jRSCHClkBGXdevIvaUnJ95E=
-37,-87,AzSBE3MBipzkygq1YluWwVbGF/w=,IX43jRSCHClkBGXdevIvaUnJ95E=
-38,-86,AzSBE3MBipzkygq1YluWwVbGF/w=,IX43jRSCHClkBGXdevIvaUnJ95E=
-35,-86,AzSBE3MBipzkygq1YluWwVbGF/w=,IX43jRSCHClkBGXdevIvaUnJ95E=
-36,-82,AzSBE3MBipzkygq1YluWwVbGF/w=,IX43jRSCHClkBGXdevIvaUnJ95E=
-33,-83,AzSBE3MBipzkygq1YluWwVbGF/w=,IX43jRSCHClkBGXdevIvaUnJ95E=
-37,-81,AzSBE3MBipzkygq1YluWwVbGF/w=,IX43jRSCHClkBGXdevIvaUnJ95E=
-38,-81,AzSBE3MBipzkygq1YluWwVbGF/w=,IX43jRSCHClkBGXdevIvaUnJ95E=
-41,-84,AzSBE3MBipzkygq1YluWwVbGF/w=,J6qHMvnyqWEzgF6Wlofzmj+3Roc=
-41,-83,AzSBE3MBipzkygq1YluWwVbGF/w=,J6qHMvnyqWEzgF6Wlofzmj+3Roc=
-33,-84,AzSBE3MBipzkygq1YluWwVbGF/w=,IX43jRSCHClkBGXdevIvaUnJ95E=
-39,-81,AzSBE3MBipzkygq1YluWwVbGF/w=,IX43jRSCHClkBGXdevIvaUnJ95E=
-34,-84,AzSBE3MBipzkygq1YluWwVbGF/w=,IX43jRSCHClkBGXdevIvaUnJ95E=
-41,-85,AzSBE3MBipzkygq1YluWwVbGF/w=,J6qHMvnyqWEzgF6Wlofzmj+3Roc=
-39,-86,AzSBE3MBipzkygq1YluWwVbGF/w=,IX43jRSCHClkBGXdevIvaUnJ95E=
-39,-88,AzSBE3MBipzkygq1YluWwVbGF/w=,IX43jRSCHClkBGXdevIvaUnJ95E=
-39,-87,AzSBE3MBipzkygq1YluWwVbGF/w=,IX43jRSCHClkBGXdevIvaUnJ95E=
-40,-86,AzSBE3MBipzkygq1YluWwVbGF/w=,IX43jRSCHClkBGXdevIvaUnJ95E=
-40,-87,AzSBE3MBipzkygq1YluWwVbGF/w=,IX43jRSCHClkBGXdevIvaUnJ95E=
-35,-84,AzSBE3MBipzkygq1YluWwVbGF/w=,IX43jRSCHClkBGXdevIvaUnJ95E=
-33,-88,AzSBE3MBipzkygq1YluWwVbGF/w=,IX43jRSCHClkBGXdevIvaUnJ95E=
-36,-81,AzSBE3MBipzkygq1YluWwVbGF/w=,IX43jRSCHClkBGXdevIvaUnJ95E=
-34,-88,AzSBE3MBipzkygq1YluWwVbGF/w=,IX43jRSCHClkBGXdevIvaUnJ95E=
-35,-88,AzSBE3MBipzkygq1YluWwVbGF/w=,IX43jRSCHClkBGXdevIvaUnJ95E=
-36,-88,AzSBE3MBipzkygq1YluWwVbGF/w=,IX43jRSCHClkBGXdevIvaUnJ95E=
-40,-88,AzSBE3MBipzkygq1YluWwVbGF/w=,IX43jRSCHClkBGXdevIvaUnJ95E=
-35,-81,AzSBE3MBipzkygq1YluWwVbGF/w=,IX43jRSCHClkBGXdevIvaUnJ95E=
-35,-83,AzSBE3MBipzkygq1YluWwVbGF/w=,IX43jRSCHClkBGXdevIvaUnJ95E=
-37,-83,AzSBE3MBipzkygq1YluWwVbGF/w=,IX43jRSCHClkBGXdevIvaUnJ95E=
-36,-83,AzSBE3MBipzkygq1YluWwVbGF/w=,IX43jRSCHClkBGXdevIvaUnJ95E=
-38,-83,AzSBE3MBipzkygq1YluWwVbGF/w=,IX43jRSCHClkBGXdevIvaUnJ95E=
-41,-86,AzSBE3MBipzkygq1YluWwVbGF/w=,J6qHMvnyqWEzgF6Wlofzmj+3Roc=
-41,-81,AzSBE3MBipzkygq1YluWwVbGF/w=,J6qHMvnyqWEzgF6Wlofzmj+3Roc=
-39,-83,AzSBE3MBipzkygq1YluWwVbGF/w=,IX43jRSCHClkBGXdevIvaUnJ95E=
-40,-83,AzSBE3MBipzkygq1YluWwVbGF/w=,IX43jRSCHClkBGXdevIvaUnJ95E=
-37,-88,AzSBE3MBipzkygq1YluWwVbGF/w=,IX43jRSCHClkBGXdevIvaUnJ95E=
-36,-86,AzSBE3MBipzkygq1YluWwVbGF/w=,IX43jRSCHClkBGXdevIvaUnJ95E=
-36,-84,AzSBE3MBipzkygq1YluWwVbGF/w=,IX43jRSCHClkBGXdevIvaUnJ95E=
-34,-81,AzSBE3MBipzkygq1YluWwVbGF/w=,IX43jRSCHClkBGXdevIvaUnJ95E=
-38,-88,AzSBE3MBipzkygq1YluWwVbGF/w=,IX43jRSCHClkBGXdevIvaUnJ95E=
-41,-87,AzSBE3MBipzkygq1YluWwVbGF/w=,J6qHMvnyqWEzgF6Wlofzmj+3Roc=
-37,-84,AzSBE3MBipzkygq1YluWwVbGF/w=,IX43jRSCHClkBGXdevIvaUnJ95E=
-33,-87,AzSBE3MBipzkygq1YluWwVbGF/w=,IX43jRSCHClkBGXdevIvaUnJ95E=
-38,-84,AzSBE3MBipzkygq1YluWwVbGF/w=,IX43jRSCHClkBGXdevIvaUnJ95E=
-34,-87,AzSBE3MBipzkygq1YluWwVbGF/w=,IX43jRSCHClkBGXdevIvaUnJ95E=
-40,-81,AzSBE3MBipzkygq1YluWwVbGF/w=,IX43jRSCHClkBGXdevIvaUnJ95E=
-39,-84,AzSBE3MBipzkygq1YluWwVbGF/w=,IX43jRSCHClkBGXdevIvaUnJ95E=
-40,-84,AzSBE3MBipzkygq1YluWwVbGF/w=,IX43jRSCHClkBGXdevIvaUnJ95E=
-38,-82,AzSBE3MBipzkygq1YluWwVbGF/w=,IX43jRSCHClkBGXdevIvaUnJ95E=
-33,-81,AzSBE3MBipzkygq1YluWwVbGF/w=,IX43jRSCHClkBGXdevIvaUnJ95E=
-35,-87,AzSBE3MBipzkygq1YluWwVbGF/w=,IX43jRSCHClkBGXdevIvaUnJ95E=
-39,-82,AzSBE3MBipzkygq1YluWwVbGF/w=,IX43jRSCHClkBGXdevIvaUnJ95E=
-33,-82,AzSBE3MBipzkygq1YluWwVbGF/w=,IX43jRSCHClkBGXdevIvaUnJ95E=
-40,-82,AzSBE3MBipzkygq1YluWwVbGF/w=,IX43jRSCHClkBGXdevIvaUnJ95E=
-41,-88,AzSBE3MBipzkygq1YluWwVbGF/w=,J6qHMvnyqWEzgF6Wlofzmj+3Roc=
-34,-85,AzSBE3MBipzkygq1YluWwVbGF/w=,IX43jRSCHClkBGXdevIvaUnJ95E=
-34,-82,AzSBE3MBipzkygq1YluWwVbGF/w=,IX43jRSCHClkBGXdevIvaUnJ95E=
-36,-87,AzSBE3MBipzkygq1YluWwVbGF/w=,IX43jRSCHClkBGXdevIvaUnJ95E=
-38,-87,AzSBE3MBipzkygq1YluWwVbGF/w=,IX43jRSCHClkBGXdevIvaUnJ95E=
-36,-85,AzSBE3MBipzkygq1YluWwVbGF/w=,IX43jRSCHClkBGXdevIvaUnJ95E=
-37,-82,AzSBE3MBipzkygq1YluWwVbGF/w=,IX43jRSCHClkBGXdevIvaUnJ95E=
-35,-85,AzSBE3MBipzkygq1YluWwVbGF/w=,IX43jRSCHClkBGXdevIvaUnJ95E=
-33,-85,AzSBE3MBipzkygq1YluWwVbGF/w=,IX43jRSCHClkBGXdevIvaUnJ95E=
-62,-81,y7NdeBOxGZoD2dBzV9ZqTIQlzO0=,4jUFjD5a5GQS6qKZC3vXNaxcgD0=
-61,-81,y7NdeBOxGZoD2dBzV9ZqTIQlzO0=,4jUFjD5a5GQS6qKZC3vXNaxcgD0=
-64,-88,y7NdeBOxGZoD2dBzV9ZqTIQlzO0=,4jUFjD5a5GQS6qKZC3vXNaxcgD0=
-59,-81,y7NdeBOxGZoD2dBzV9ZqTIQlzO0=,4jUFjD5a5GQS6qKZC3vXNaxcgD0=
-63,-88,y7NdeBOxGZoD2dBzV9ZqTIQlzO0=,4jUFjD5a5GQS6qKZC3vXNaxcgD0=
-60,-81,y7NdeBOxGZoD2dBzV9ZqTIQlzO0=,4jUFjD5a5GQS6qKZC3vXNaxcgD0=
-58,-81,y7NdeBOxGZoD2dBzV9ZqTIQlzO0=,4jUFjD5a5GQS6qKZC3vXNaxcgD0=
-63,-81,y7NdeBOxGZoD2dBzV9ZqTIQlzO0=,4jUFjD5a5GQS6qKZC3vXNaxcgD0=
-62,-88,y7NdeBOxGZoD2dBzV9ZqTIQlzO0=,4jUFjD5a5GQS6qKZC3vXNaxcgD0=
-61,-88,y7NdeBOxGZoD2dBzV9ZqTIQlzO0=,4jUFjD5a5GQS6qKZC3vXNaxcgD0=
-60,-88,y7NdeBOxGZoD2dBzV9ZqTIQlzO0=,4jUFjD5a5GQS6qKZC3vXNaxcgD0=
-64,-87,y7NdeBOxGZoD2dBzV9ZqTIQlzO0=,4jUFjD5a5GQS6qKZC3vXNaxcgD0=
-58,-82,y7NdeBOxGZoD2dBzV9ZqTIQlzO0=,4jUFjD5a5GQS6qKZC3vXNaxcgD0=
-59,-88,y7NdeBOxGZoD2dBzV9ZqTIQlzO0=,4jUFjD5a5GQS6qKZC3vXNaxcgD0=
-58,-88,y7NdeBOxGZoD2dBzV9ZqTIQlzO0=,4jUFjD5a5GQS6qKZC3vXNaxcgD0=
-63,-87,y7NdeBOxGZoD2dBzV9ZqTIQlzO0=,4jUFjD5a5GQS6qKZC3vXNaxcgD0=
-64,-81,y7NdeBOxGZoD2dBzV9ZqTIQlzO0=,4jUFjD5a5GQS6qKZC3vXNaxcgD0=
-62,-87,y7NdeBOxGZoD2dBzV9ZqTIQlzO0=,4jUFjD5a5GQS6qKZC3vXNaxcgD0=
-61,-87,y7NdeBOxGZoD2dBzV9ZqTIQlzO0=,4jUFjD5a5GQS6qKZC3vXNaxcgD0=
-60,-87,y7NdeBOxGZoD2dBzV9ZqTIQlzO0=,4jUFjD5a5GQS6qKZC3vXNaxcgD0=
-59,-87,y7NdeBOxGZoD2dBzV9ZqTIQlzO0=,4jUFjD5a5GQS6qKZC3vXNaxcgD0=
-58,-87,y7NdeBOxGZoD2dBzV9ZqTIQlzO0=,4jUFjD5a5GQS6qKZC3vXNaxcgD0=
-64,-86,y7NdeBOxGZoD2dBzV9ZqTIQlzO0=,4jUFjD5a5GQS6qKZC3vXNaxcgD0=
-63,-86,y7NdeBOxGZoD2dBzV9ZqTIQlzO0=,4jUFjD5a5GQS6qKZC3vXNaxcgD0=
-62,-86,y7NdeBOxGZoD2dBzV9ZqTIQlzO0=,4jUFjD5a5GQS6qKZC3vXNaxcgD0=
-61,-86,y7NdeBOxGZoD2dBzV9ZqTIQlzO0=,4jUFjD5a5GQS6qKZC3vXNaxcgD0=
-60,-86,y7NdeBOxGZoD2dBzV9ZqTIQlzO0=,4jUFjD5a5GQS6qKZC3vXNaxcgD0=
-59,-86,y7NdeBOxGZoD2dBzV9ZqTIQlzO0=,4jUFjD5a5GQS6qKZC3vXNaxcgD0=
-58,-86,y7NdeBOxGZoD2dBzV9ZqTIQlzO0=,4jUFjD5a5GQS6qKZC3vXNaxcgD0=
-64,-85,y7NdeBOxGZoD2dBzV9ZqTIQlzO0=,4jUFjD5a5GQS6qKZC3vXNaxcgD0=
-63,-85,y7NdeBOxGZoD2dBzV9ZqTIQlzO0=,4jUFjD5a5GQS6qKZC3vXNaxcgD0=
-62,-85,y7NdeBOxGZoD2dBzV9ZqTIQlzO0=,4jUFjD5a5GQS6qKZC3vXNaxcgD0=
-61,-85,y7NdeBOxGZoD2dBzV9ZqTIQlzO0=,4jUFjD5a5GQS6qKZC3vXNaxcgD0=
-59,-85,y7NdeBOxGZoD2dBzV9ZqTIQlzO0=,4jUFjD5a5GQS6qKZC3vXNaxcgD0=
-58,-85,y7NdeBOxGZoD2dBzV9ZqTIQlzO0=,4jUFjD5a5GQS6qKZC3vXNaxcgD0=
-60,-85,y7NdeBOxGZoD2dBzV9ZqTIQlzO0=,4jUFjD5a5GQS6qKZC3vXNaxcgD0=
-64,-84,y7NdeBOxGZoD2dBzV9ZqTIQlzO0=,4jUFjD5a5GQS6qKZC3vXNaxcgD0=
-63,-84,y7NdeBOxGZoD2dBzV9ZqTIQlzO0=,4jUFjD5a5GQS6qKZC3vXNaxcgD0=
-62,-84,y7NdeBOxGZoD2dBzV9ZqTIQlzO0=,4jUFjD5a5GQS6qKZC3vXNaxcgD0=
-61,-84,y7NdeBOxGZoD2dBzV9ZqTIQlzO0=,4jUFjD5a5GQS6qKZC3vXNaxcgD0=
-60,-84,y7NdeBOxGZoD2dBzV9ZqTIQlzO0=,4jUFjD5a5GQS6qKZC3vXNaxcgD0=
-59,-84,y7NdeBOxGZoD2dBzV9ZqTIQlzO0=,4jUFjD5a5GQS6qKZC3vXNaxcgD0=
-64,-83,y7NdeBOxGZoD2dBzV9ZqTIQlzO0=,4jUFjD5a5GQS6qKZC3vXNaxcgD0=
-58,-84,y7NdeBOxGZoD2dBzV9ZqTIQlzO0=,4jUFjD5a5GQS6qKZC3vXNaxcgD0=
-63,-83,y7NdeBOxGZoD2dBzV9ZqTIQlzO0=,4jUFjD5a5GQS6qKZC3vXNaxcgD0=
-62,-83,y7NdeBOxGZoD2dBzV9ZqTIQlzO0=,4jUFjD5a5GQS6qKZC3vXNaxcgD0=
-61,-83,y7NdeBOxGZoD2dBzV9ZqTIQlzO0=,4jUFjD5a5GQS6qKZC3vXNaxcgD0=
-60,-83,y7NdeBOxGZoD2dBzV9ZqTIQlzO0=,4jUFjD5a5GQS6qKZC3vXNaxcgD0=
-60,-82,y7NdeBOxGZoD2dBzV9ZqTIQlzO0=,4jUFjD5a5GQS6qKZC3vXNaxcgD0=
-59,-83,y7NdeBOxGZoD2dBzV9ZqTIQlzO0=,4jUFjD5a5GQS6qKZC3vXNaxcgD0=
-59,-82,y7NdeBOxGZoD2dBzV9ZqTIQlzO0=,4jUFjD5a5GQS6qKZC3vXNaxcgD0=
-58,-83,y7NdeBOxGZoD2dBzV9ZqTIQlzO0=,4jUFjD5a5GQS6qKZC3vXNaxcgD0=
-62,-82,y7NdeBOxGZoD2dBzV9ZqTIQlzO0=,4jUFjD5a5GQS6qKZC3vXNaxcgD0=
-61,-82,y7NdeBOxGZoD2dBzV9ZqTIQlzO0=,4jUFjD5a5GQS6qKZC3vXNaxcgD0=
-64,-82,y7NdeBOxGZoD2dBzV9ZqTIQlzO0=,4jUFjD5a5GQS6qKZC3vXNaxcgD0=
-63,-82,y7NdeBOxGZoD2dBzV9ZqTIQlzO0=,4jUFjD5a5GQS6qKZC3vXNaxcgD0=
-51,-82,y7NdeBOxGZoD2dBzV9ZqTIQlzO0=,RuGIUOrDEIdEUENEiCaaHie6gBs=
-50,-83,y7NdeBOxGZoD2dBzV9ZqTIQlzO0=,RuGIUOrDEIdEUENEiCaaHie6gBs=
-49,-84,y7NdeBOxGZoD2dBzV9ZqTIQlzO0=,RuGIUOrDEIdEUENEiCaaHie6gBs=
-52,-81,y7NdeBOxGZoD2dBzV9ZqTIQlzO0=,RuGIUOrDEIdEUENEiCaaHie6gBs=
-50,-84,y7NdeBOxGZoD2dBzV9ZqTIQlzO0=,RuGIUOrDEIdEUENEiCaaHie6gBs=
-49,-85,y7NdeBOxGZoD2dBzV9ZqTIQlzO0=,RuGIUOrDEIdEUENEiCaaHie6gBs=
-51,-81,y7NdeBOxGZoD2dBzV9ZqTIQlzO0=,RuGIUOrDEIdEUENEiCaaHie6gBs=
-49,-83,y7NdeBOxGZoD2dBzV9ZqTIQlzO0=,RuGIUOrDEIdEUENEiCaaHie6gBs=
-52,-82,y7NdeBOxGZoD2dBzV9ZqTIQlzO0=,RuGIUOrDEIdEUENEiCaaHie6gBs=
-57,-82,y7NdeBOxGZoD2dBzV9ZqTIQlzO0=,4jUFjD5a5GQS6qKZC3vXNaxcgD0=
-50,-81,y7NdeBOxGZoD2dBzV9ZqTIQlzO0=,RuGIUOrDEIdEUENEiCaaHie6gBs=
-52,-84,y7NdeBOxGZoD2dBzV9ZqTIQlzO0=,RuGIUOrDEIdEUENEiCaaHie6gBs=
-49,-81,y7NdeBOxGZoD2dBzV9ZqTIQlzO0=,RuGIUOrDEIdEUENEiCaaHie6gBs=
-51,-84,y7NdeBOxGZoD2dBzV9ZqTIQlzO0=,RuGIUOrDEIdEUENEiCaaHie6gBs=
-53,-81,y7NdeBOxGZoD2dBzV9ZqTIQlzO0=,RuGIUOrDEIdEUENEiCaaHie6gBs=
-50,-82,y7NdeBOxGZoD2dBzV9ZqTIQlzO0=,RuGIUOrDEIdEUENEiCaaHie6gBs=
-53,-84,y7NdeBOxGZoD2dBzV9ZqTIQlzO0=,RuGIUOrDEIdEUENEiCaaHie6gBs=
-54,-84,y7NdeBOxGZoD2dBzV9ZqTIQlzO0=,RuGIUOrDEIdEUENEiCaaHie6gBs=
-50,-85,y7NdeBOxGZoD2dBzV9ZqTIQlzO0=,RuGIUOrDEIdEUENEiCaaHie6gBs=
-57,-81,y7NdeBOxGZoD2dBzV9ZqTIQlzO0=,4jUFjD5a5GQS6qKZC3vXNaxcgD0=
-54,-86,y7NdeBOxGZoD2dBzV9ZqTIQlzO0=,RuGIUOrDEIdEUENEiCaaHie6gBs=
-57,-83,y7NdeBOxGZoD2dBzV9ZqTIQlzO0=,4jUFjD5a5GQS6qKZC3vXNaxcgD0=
-55,-84,y7NdeBOxGZoD2dBzV9ZqTIQlzO0=,RuGIUOrDEIdEUENEiCaaHie6gBs=
-54,-88,y7NdeBOxGZoD2dBzV9ZqTIQlzO0=,RuGIUOrDEIdEUENEiCaaHie6gBs=
-54,-81,y7NdeBOxGZoD2dBzV9ZqTIQlzO0=,RuGIUOrDEIdEUENEiCaaHie6gBs=
-57,-84,y7NdeBOxGZoD2dBzV9ZqTIQlzO0=,4jUFjD5a5GQS6qKZC3vXNaxcgD0=
-55,-85,y7NdeBOxGZoD2dBzV9ZqTIQlzO0=,RuGIUOrDEIdEUENEiCaaHie6gBs=
-54,-85,y7NdeBOxGZoD2dBzV9ZqTIQlzO0=,RuGIUOrDEIdEUENEiCaaHie6gBs=
-55,-81,y7NdeBOxGZoD2dBzV9ZqTIQlzO0=,RuGIUOrDEIdEUENEiCaaHie6gBs=
-51,-85,y7NdeBOxGZoD2dBzV9ZqTIQlzO0=,RuGIUOrDEIdEUENEiCaaHie6gBs=
-56,-88,y7NdeBOxGZoD2dBzV9ZqTIQlzO0=,RuGIUOrDEIdEUENEiCaaHie6gBs=
-53,-88,y7NdeBOxGZoD2dBzV9ZqTIQlzO0=,RuGIUOrDEIdEUENEiCaaHie6gBs=
-56,-85,y7NdeBOxGZoD2dBzV9ZqTIQlzO0=,RuGIUOrDEIdEUENEiCaaHie6gBs=
-53,-86,y7NdeBOxGZoD2dBzV9ZqTIQlzO0=,RuGIUOrDEIdEUENEiCaaHie6gBs=
-53,-82,y7NdeBOxGZoD2dBzV9ZqTIQlzO0=,RuGIUOrDEIdEUENEiCaaHie6gBs=
-54,-87,y7NdeBOxGZoD2dBzV9ZqTIQlzO0=,RuGIUOrDEIdEUENEiCaaHie6gBs=
-55,-87,y7NdeBOxGZoD2dBzV9ZqTIQlzO0=,RuGIUOrDEIdEUENEiCaaHie6gBs=
-53,-87,y7NdeBOxGZoD2dBzV9ZqTIQlzO0=,RuGIUOrDEIdEUENEiCaaHie6gBs=
-56,-81,y7NdeBOxGZoD2dBzV9ZqTIQlzO0=,RuGIUOrDEIdEUENEiCaaHie6gBs=
-52,-87,y7NdeBOxGZoD2dBzV9ZqTIQlzO0=,RuGIUOrDEIdEUENEiCaaHie6gBs=
-49,-88,y7NdeBOxGZoD2dBzV9ZqTIQlzO0=,RuGIUOrDEIdEUENEiCaaHie6gBs=
-56,-87,y7NdeBOxGZoD2dBzV9ZqTIQlzO0=,RuGIUOrDEIdEUENEiCaaHie6gBs=
-57,-85,y7NdeBOxGZoD2dBzV9ZqTIQlzO0=,4jUFjD5a5GQS6qKZC3vXNaxcgD0=
-57,-88,y7NdeBOxGZoD2dBzV9ZqTIQlzO0=,4jUFjD5a5GQS6qKZC3vXNaxcgD0=
-51,-83,y7NdeBOxGZoD2dBzV9ZqTIQlzO0=,RuGIUOrDEIdEUENEiCaaHie6gBs=
-52,-85,y7NdeBOxGZoD2dBzV9ZqTIQlzO0=,RuGIUOrDEIdEUENEiCaaHie6gBs=
-50,-88,y7NdeBOxGZoD2dBzV9ZqTIQlzO0=,RuGIUOrDEIdEUENEiCaaHie6gBs=
-49,-86,y7NdeBOxGZoD2dBzV9ZqTIQlzO0=,RuGIUOrDEIdEUENEiCaaHie6gBs=
-51,-87,y7NdeBOxGZoD2dBzV9ZqTIQlzO0=,RuGIUOrDEIdEUENEiCaaHie6gBs=
-51,-88,y7NdeBOxGZoD2dBzV9ZqTIQlzO0=,RuGIUOrDEIdEUENEiCaaHie6gBs=
-52,-83,y7NdeBOxGZoD2dBzV9ZqTIQlzO0=,RuGIUOrDEIdEUENEiCaaHie6gBs=
-53,-85,y7NdeBOxGZoD2dBzV9ZqTIQlzO0=,RuGIUOrDEIdEUENEiCaaHie6gBs=
-56,-82,y7NdeBOxGZoD2dBzV9ZqTIQlzO0=,RuGIUOrDEIdEUENEiCaaHie6gBs=
-54,-83,y7NdeBOxGZoD2dBzV9ZqTIQlzO0=,RuGIUOrDEIdEUENEiCaaHie6gBs=
-50,-86,y7NdeBOxGZoD2dBzV9ZqTIQlzO0=,RuGIUOrDEIdEUENEiCaaHie6gBs=
-56,-83,y7NdeBOxGZoD2dBzV9ZqTIQlzO0=,RuGIUOrDEIdEUENEiCaaHie6gBs=
-53,-83,y7NdeBOxGZoD2dBzV9ZqTIQlzO0=,RuGIUOrDEIdEUENEiCaaHie6gBs=
-55,-88,y7NdeBOxGZoD2dBzV9ZqTIQlzO0=,RuGIUOrDEIdEUENEiCaaHie6gBs=
-54,-82,y7NdeBOxGZoD2dBzV9ZqTIQlzO0=,RuGIUOrDEIdEUENEiCaaHie6gBs=
-56,-84,y7NdeBOxGZoD2dBzV9ZqTIQlzO0=,RuGIUOrDEIdEUENEiCaaHie6gBs=
-55,-83,y7NdeBOxGZoD2dBzV9ZqTIQlzO0=,RuGIUOrDEIdEUENEiCaaHie6gBs=
-52,-88,y7NdeBOxGZoD2dBzV9ZqTIQlzO0=,RuGIUOrDEIdEUENEiCaaHie6gBs=
-49,-82,y7NdeBOxGZoD2dBzV9ZqTIQlzO0=,RuGIUOrDEIdEUENEiCaaHie6gBs=
-51,-86,y7NdeBOxGZoD2dBzV9ZqTIQlzO0=,RuGIUOrDEIdEUENEiCaaHie6gBs=
-52,-86,y7NdeBOxGZoD2dBzV9ZqTIQlzO0=,RuGIUOrDEIdEUENEiCaaHie6gBs=
-57,-86,y7NdeBOxGZoD2dBzV9ZqTIQlzO0=,4jUFjD5a5GQS6qKZC3vXNaxcgD0=
-57,-87,y7NdeBOxGZoD2dBzV9ZqTIQlzO0=,4jUFjD5a5GQS6qKZC3vXNaxcgD0=
-50,-87,y7NdeBOxGZoD2dBzV9ZqTIQlzO0=,RuGIUOrDEIdEUENEiCaaHie6gBs=
-55,-82,y7NdeBOxGZoD2dBzV9ZqTIQlzO0=,RuGIUOrDEIdEUENEiCaaHie6gBs=
-55,-86,y7NdeBOxGZoD2dBzV9ZqTIQlzO0=,RuGIUOrDEIdEUENEiCaaHie6gBs=
-56,-86,y7NdeBOxGZoD2dBzV9ZqTIQlzO0=,RuGIUOrDEIdEUENEiCaaHie6gBs=
-49,-87,y7NdeBOxGZoD2dBzV9ZqTIQlzO0=,RuGIUOrDEIdEUENEiCaaHie6gBs=
-52,-77,ehNIJMrBcS9P50uYe/CLg2CMQ34=,CNew+UD+MlUR14yRuHCI/+Jexgs=
-60,-69,A3ILfpbOTfsdXVIMCebjnG+OFtw=,9u5k7qmb9IqY6lgD+cuYvXQVXCY=
-59,-69,A3ILfpbOTfsdXVIMCebjnG+OFtw=,9u5k7qmb9IqY6lgD+cuYvXQVXCY=
-58,-69,A3ILfpbOTfsdXVIMCebjnG+OFtw=,9u5k7qmb9IqY6lgD+cuYvXQVXCY=
-51,-77,ehNIJMrBcS9P50uYe/CLg2CMQ34=,CNew+UD+MlUR14yRuHCI/+Jexgs=
-50,-77,ehNIJMrBcS9P50uYe/CLg2CMQ34=,CNew+UD+MlUR14yRuHCI/+Jexgs=
-55,-76,ehNIJMrBcS9P50uYe/CLg2CMQ34=,CNew+UD+MlUR14yRuHCI/+Jexgs=
-63,-68,y7NdeBOxGZoD2dBzV9ZqTIQlzO0=,9u5k7qmb9IqY6lgD+cuYvXQVXCY=
-54,-76,3ks1EAzRwC7COUOEYMG94wAkJRc=,CNew+UD+MlUR14yRuHCI/+Jexgs=
-62,-68,y7NdeBOxGZoD2dBzV9ZqTIQlzO0=,9u5k7qmb9IqY6lgD+cuYvXQVXCY=
-61,-68,y7NdeBOxGZoD2dBzV9ZqTIQlzO0=,9u5k7qmb9IqY6lgD+cuYvXQVXCY=
-60,-68,y7NdeBOxGZoD2dBzV9ZqTIQlzO0=,9u5k7qmb9IqY6lgD+cuYvXQVXCY=
-59,-68,y7NdeBOxGZoD2dBzV9ZqTIQlzO0=,9u5k7qmb9IqY6lgD+cuYvXQVXCY=
-53,-67,ehNIJMrBcS9P50uYe/CLg2CMQ34=,wiLeA/OY3ixKC9pvi8R9PBtT5Xw=
-54,-77,1DCmmYDB4tL6DVFeg8WQf6CiGRQ=,CNew+UD+MlUR14yRuHCI/+Jexgs=
-61,-69,A3ILfpbOTfsdXVIMCebjnG+OFtw=,9u5k7qmb9IqY6lgD+cuYvXQVXCY=
-62,-69,A3ILfpbOTfsdXVIMCebjnG+OFtw=,9u5k7qmb9IqY6lgD+cuYvXQVXCY=
-53,-77,ehNIJMrBcS9P50uYe/CLg2CMQ34=,CNew+UD+MlUR14yRuHCI/+Jexgs=
-50,-73,3ks1EAzRwC7COUOEYMG94wAkJRc=,CNew+UD+MlUR14yRuHCI/+Jexgs=
-54,-67,ehNIJMrBcS9P50uYe/CLg2CMQ34=,wiLeA/OY3ixKC9pvi8R9PBtT5Xw=
-57,-70,A3ILfpbOTfsdXVIMCebjnG+OFtw=,9u5k7qmb9IqY6lgD+cuYvXQVXCY=
-60,-75,3ks1EAzRwC7COUOEYMG94wAkJRc=,2Sl30VrUWbopRWlv+vSV7YcelBE=
-58,-68,y7NdeBOxGZoD2dBzV9ZqTIQlzO0=,9u5k7qmb9IqY6lgD+cuYvXQVXCY=
-61,-75,A3ILfpbOTfsdXVIMCebjnG+OFtw=,2Sl30VrUWbopRWlv+vSV7YcelBE=
-63,-69,A3ILfpbOTfsdXVIMCebjnG+OFtw=,9u5k7qmb9IqY6lgD+cuYvXQVXCY=
-62,-75,A3ILfpbOTfsdXVIMCebjnG+OFtw=,2Sl30VrUWbopRWlv+vSV7YcelBE=
-55,-77,1DCmmYDB4tL6DVFeg8WQf6CiGRQ=,CNew+UD+MlUR14yRuHCI/+Jexgs=
-63,-75,A3ILfpbOTfsdXVIMCebjnG+OFtw=,2Sl30VrUWbopRWlv+vSV7YcelBE=
-51,-73,3ks1EAzRwC7COUOEYMG94wAkJRc=,CNew+UD+MlUR14yRuHCI/+Jexgs=
-56,-77,3ks1EAzRwC7COUOEYMG94wAkJRc=,CNew+UD+MlUR14yRuHCI/+Jexgs=
-55,-67,ehNIJMrBcS9P50uYe/CLg2CMQ34=,wiLeA/OY3ixKC9pvi8R9PBtT5Xw=
-59,-75,3ks1EAzRwC7COUOEYMG94wAkJRc=,2Sl30VrUWbopRWlv+vSV7YcelBE=
-63,-67,y7NdeBOxGZoD2dBzV9ZqTIQlzO0=,9u5k7qmb9IqY6lgD+cuYvXQVXCY=
-56,-73,3ks1EAzRwC7COUOEYMG94wAkJRc=,CNew+UD+MlUR14yRuHCI/+Jexgs=
-50,-71,ehNIJMrBcS9P50uYe/CLg2CMQ34=,wiLeA/OY3ixKC9pvi8R9PBtT5Xw=
-52,-73,3ks1EAzRwC7COUOEYMG94wAkJRc=,CNew+UD+MlUR14yRuHCI/+Jexgs=
-58,-70,ehNIJMrBcS9P50uYe/CLg2CMQ34=,9u5k7qmb9IqY6lgD+cuYvXQVXCY=
-59,-70,ehNIJMrBcS9P50uYe/CLg2CMQ34=,9u5k7qmb9IqY6lgD+cuYvXQVXCY=
-53,-72,ehNIJMrBcS9P50uYe/CLg2CMQ34=,wiLeA/OY3ixKC9pvi8R9PBtT5Xw=
-50,-78,3ks1EAzRwC7COUOEYMG94wAkJRc=,CNew+UD+MlUR14yRuHCI/+Jexgs=
-58,-75,1DCmmYDB4tL6DVFeg8WQf6CiGRQ=,2Sl30VrUWbopRWlv+vSV7YcelBE=
-62,-67,y7NdeBOxGZoD2dBzV9ZqTIQlzO0=,9u5k7qmb9IqY6lgD+cuYvXQVXCY=
-57,-71,A3ILfpbOTfsdXVIMCebjnG+OFtw=,9u5k7qmb9IqY6lgD+cuYvXQVXCY=
-53,-73,3ks1EAzRwC7COUOEYMG94wAkJRc=,CNew+UD+MlUR14yRuHCI/+Jexgs=
-51,-78,3ks1EAzRwC7COUOEYMG94wAkJRc=,CNew+UD+MlUR14yRuHCI/+Jexgs=
-60,-70,ehNIJMrBcS9P50uYe/CLg2CMQ34=,9u5k7qmb9IqY6lgD+cuYvXQVXCY=
-54,-73,3ks1EAzRwC7COUOEYMG94wAkJRc=,CNew+UD+MlUR14yRuHCI/+Jexgs=
-52,-78,3ks1EAzRwC7COUOEYMG94wAkJRc=,CNew+UD+MlUR14yRuHCI/+Jexgs=
-61,-70,A3ILfpbOTfsdXVIMCebjnG+OFtw=,9u5k7qmb9IqY6lgD+cuYvXQVXCY=
-57,-75,ehNIJMrBcS9P50uYe/CLg2CMQ34=,2Sl30VrUWbopRWlv+vSV7YcelBE=
-55,-73,3ks1EAzRwC7COUOEYMG94wAkJRc=,CNew+UD+MlUR14yRuHCI/+Jexgs=
-62,-70,A3ILfpbOTfsdXVIMCebjnG+OFtw=,9u5k7qmb9IqY6lgD+cuYvXQVXCY=
-63,-71,y7NdeBOxGZoD2dBzV9ZqTIQlzO0=,9u5k7qmb9IqY6lgD+cuYvXQVXCY=
-63,-70,A3ILfpbOTfsdXVIMCebjnG+OFtw=,9u5k7qmb9IqY6lgD+cuYvXQVXCY=
-51,-68,ehNIJMrBcS9P50uYe/CLg2CMQ34=,wiLeA/OY3ixKC9pvi8R9PBtT5Xw=
-56,-78,3ks1EAzRwC7COUOEYMG94wAkJRc=,CNew+UD+MlUR14yRuHCI/+Jexgs=
-58,-71,ehNIJMrBcS9P50uYe/CLg2CMQ34=,9u5k7qmb9IqY6lgD+cuYvXQVXCY=
-53,-78,3ks1EAzRwC7COUOEYMG94wAkJRc=,CNew+UD+MlUR14yRuHCI/+Jexgs=
-57,-76,3ks1EAzRwC7COUOEYMG94wAkJRc=,2Sl30VrUWbopRWlv+vSV7YcelBE=
-56,-72,ehNIJMrBcS9P50uYe/CLg2CMQ34=,wiLeA/OY3ixKC9pvi8R9PBtT5Xw=
-59,-71,ehNIJMrBcS9P50uYe/CLg2CMQ34=,9u5k7qmb9IqY6lgD+cuYvXQVXCY=
-58,-76,1DCmmYDB4tL6DVFeg8WQf6CiGRQ=,2Sl30VrUWbopRWlv+vSV7YcelBE=
-62,-71,ehNIJMrBcS9P50uYe/CLg2CMQ34=,9u5k7qmb9IqY6lgD+cuYvXQVXCY=
-52,-68,ehNIJMrBcS9P50uYe/CLg2CMQ34=,wiLeA/OY3ixKC9pvi8R9PBtT5Xw=
-51,-69,1DCmmYDB4tL6DVFeg8WQf6CiGRQ=,wiLeA/OY3ixKC9pvi8R9PBtT5Xw=
-55,-71,1DCmmYDB4tL6DVFeg8WQf6CiGRQ=,wiLeA/OY3ixKC9pvi8R9PBtT5Xw=
-54,-78,3ks1EAzRwC7COUOEYMG94wAkJRc=,CNew+UD+MlUR14yRuHCI/+Jexgs=
-60,-71,ehNIJMrBcS9P50uYe/CLg2CMQ34=,9u5k7qmb9IqY6lgD+cuYvXQVXCY=
-61,-71,A3ILfpbOTfsdXVIMCebjnG+OFtw=,9u5k7qmb9IqY6lgD+cuYvXQVXCY=
-58,-66,ehNIJMrBcS9P50uYe/CLg2CMQ34=,9u5k7qmb9IqY6lgD+cuYvXQVXCY=
-63,-74,A3ILfpbOTfsdXVIMCebjnG+OFtw=,2Sl30VrUWbopRWlv+vSV7YcelBE=
-59,-66,ehNIJMrBcS9P50uYe/CLg2CMQ34=,9u5k7qmb9IqY6lgD+cuYvXQVXCY=
-61,-67,A3ILfpbOTfsdXVIMCebjnG+OFtw=,9u5k7qmb9IqY6lgD+cuYvXQVXCY=
-56,-71,1DCmmYDB4tL6DVFeg8WQf6CiGRQ=,wiLeA/OY3ixKC9pvi8R9PBtT5Xw=
-50,-79,3ks1EAzRwC7COUOEYMG94wAkJRc=,CNew+UD+MlUR14yRuHCI/+Jexgs=
-55,-78,3ks1EAzRwC7COUOEYMG94wAkJRc=,CNew+UD+MlUR14yRuHCI/+Jexgs=
-59,-76,1DCmmYDB4tL6DVFeg8WQf6CiGRQ=,2Sl30VrUWbopRWlv+vSV7YcelBE=
-57,-66,A3ILfpbOTfsdXVIMCebjnG+OFtw=,9u5k7qmb9IqY6lgD+cuYvXQVXCY=
-60,-66,A3ILfpbOTfsdXVIMCebjnG+OFtw=,9u5k7qmb9IqY6lgD+cuYvXQVXCY=
-53,-68,ehNIJMrBcS9P50uYe/CLg2CMQ34=,wiLeA/OY3ixKC9pvi8R9PBtT5Xw=
-62,-74,A3ILfpbOTfsdXVIMCebjnG+OFtw=,2Sl30VrUWbopRWlv+vSV7YcelBE=
-57,-67,A3ILfpbOTfsdXVIMCebjnG+OFtw=,9u5k7qmb9IqY6lgD+cuYvXQVXCY=
-60,-67,y7NdeBOxGZoD2dBzV9ZqTIQlzO0=,9u5k7qmb9IqY6lgD+cuYvXQVXCY=
-61,-66,ehNIJMrBcS9P50uYe/CLg2CMQ34=,9u5k7qmb9IqY6lgD+cuYvXQVXCY=
-56,-79,3ks1EAzRwC7COUOEYMG94wAkJRc=,CNew+UD+MlUR14yRuHCI/+Jexgs=
-52,-69,1DCmmYDB4tL6DVFeg8WQf6CiGRQ=,wiLeA/OY3ixKC9pvi8R9PBtT5Xw=
-62,-66,ehNIJMrBcS9P50uYe/CLg2CMQ34=,9u5k7qmb9IqY6lgD+cuYvXQVXCY=
-54,-68,ehNIJMrBcS9P50uYe/CLg2CMQ34=,wiLeA/OY3ixKC9pvi8R9PBtT5Xw=
-63,-66,ehNIJMrBcS9P50uYe/CLg2CMQ34=,9u5k7qmb9IqY6lgD+cuYvXQVXCY=
-61,-74,A3ILfpbOTfsdXVIMCebjnG+OFtw=,2Sl30VrUWbopRWlv+vSV7YcelBE=
-50,-74,3ks1EAzRwC7COUOEYMG94wAkJRc=,CNew+UD+MlUR14yRuHCI/+Jexgs=
-59,-67,y7NdeBOxGZoD2dBzV9ZqTIQlzO0=,9u5k7qmb9IqY6lgD+cuYvXQVXCY=
-60,-76,1DCmmYDB4tL6DVFeg8WQf6CiGRQ=,2Sl30VrUWbopRWlv+vSV7YcelBE=
-61,-76,A3ILfpbOTfsdXVIMCebjnG+OFtw=,2Sl30VrUWbopRWlv+vSV7YcelBE=
-54,-69,1DCmmYDB4tL6DVFeg8WQf6CiGRQ=,wiLeA/OY3ixKC9pvi8R9PBtT5Xw=
-55,-69,ehNIJMrBcS9P50uYe/CLg2CMQ34=,wiLeA/OY3ixKC9pvi8R9PBtT5Xw=
-50,-69,1DCmmYDB4tL6DVFeg8WQf6CiGRQ=,wiLeA/OY3ixKC9pvi8R9PBtT5Xw=
-53,-69,1DCmmYDB4tL6DVFeg8WQf6CiGRQ=,wiLeA/OY3ixKC9pvi8R9PBtT5Xw=
-58,-67,y7NdeBOxGZoD2dBzV9ZqTIQlzO0=,9u5k7qmb9IqY6lgD+cuYvXQVXCY=
-60,-74,3ks1EAzRwC7COUOEYMG94wAkJRc=,2Sl30VrUWbopRWlv+vSV7YcelBE=
-51,-71,ehNIJMrBcS9P50uYe/CLg2CMQ34=,wiLeA/OY3ixKC9pvi8R9PBtT5Xw=
-54,-71,ehNIJMrBcS9P50uYe/CLg2CMQ34=,wiLeA/OY3ixKC9pvi8R9PBtT5Xw=
-51,-79,3ks1EAzRwC7COUOEYMG94wAkJRc=,CNew+UD+MlUR14yRuHCI/+Jexgs=
-62,-76,A3ILfpbOTfsdXVIMCebjnG+OFtw=,2Sl30VrUWbopRWlv+vSV7YcelBE=
-52,-79,3ks1EAzRwC7COUOEYMG94wAkJRc=,CNew+UD+MlUR14yRuHCI/+Jexgs=
-59,-74,3ks1EAzRwC7COUOEYMG94wAkJRc=,2Sl30VrUWbopRWlv+vSV7YcelBE=
-54,-79,3ks1EAzRwC7COUOEYMG94wAkJRc=,CNew+UD+MlUR14yRuHCI/+Jexgs=
-53,-79,3ks1EAzRwC7COUOEYMG94wAkJRc=,CNew+UD+MlUR14yRuHCI/+Jexgs=
-55,-79,3ks1EAzRwC7COUOEYMG94wAkJRc=,CNew+UD+MlUR14yRuHCI/+Jexgs=
-63,-76,ehNIJMrBcS9P50uYe/CLg2CMQ34=,2Sl30VrUWbopRWlv+vSV7YcelBE=
-49,-77,3ks1EAzRwC7COUOEYMG94wAkJRc=,CNew+UD+MlUR14yRuHCI/+Jexgs=
-56,-68,ehNIJMrBcS9P50uYe/CLg2CMQ34=,wiLeA/OY3ixKC9pvi8R9PBtT5Xw=
-50,-72,ehNIJMrBcS9P50uYe/CLg2CMQ34=,wiLeA/OY3ixKC9pvi8R9PBtT5Xw=
-51,-74,3ks1EAzRwC7COUOEYMG94wAkJRc=,CNew+UD+MlUR14yRuHCI/+Jexgs=
-57,-68,ehNIJMrBcS9P50uYe/CLg2CMQ34=,9u5k7qmb9IqY6lgD+cuYvXQVXCY=
-58,-74,3ks1EAzRwC7COUOEYMG94wAkJRc=,2Sl30VrUWbopRWlv+vSV7YcelBE=
-54,-72,ehNIJMrBcS9P50uYe/CLg2CMQ34=,wiLeA/OY3ixKC9pvi8R9PBtT5Xw=
-52,-74,3ks1EAzRwC7COUOEYMG94wAkJRc=,CNew+UD+MlUR14yRuHCI/+Jexgs=
-50,-66,ehNIJMrBcS9P50uYe/CLg2CMQ34=,wiLeA/OY3ixKC9pvi8R9PBtT5Xw=
-49,-76,3ks1EAzRwC7COUOEYMG94wAkJRc=,CNew+UD+MlUR14yRuHCI/+Jexgs=
-55,-72,ehNIJMrBcS9P50uYe/CLg2CMQ34=,wiLeA/OY3ixKC9pvi8R9PBtT5Xw=
-53,-74,3ks1EAzRwC7COUOEYMG94wAkJRc=,CNew+UD+MlUR14yRuHCI/+Jexgs=
-57,-77,3ks1EAzRwC7COUOEYMG94wAkJRc=,2Sl30VrUWbopRWlv+vSV7YcelBE=
-49,-78,3ks1EAzRwC7COUOEYMG94wAkJRc=,CNew+UD+MlUR14yRuHCI/+Jexgs=
-54,-74,3ks1EAzRwC7COUOEYMG94wAkJRc=,CNew+UD+MlUR14yRuHCI/+Jexgs=
-57,-74,3ks1EAzRwC7COUOEYMG94wAkJRc=,2Sl30VrUWbopRWlv+vSV7YcelBE=
-55,-74,3ks1EAzRwC7COUOEYMG94wAkJRc=,CNew+UD+MlUR14yRuHCI/+Jexgs=
-51,-66,ehNIJMrBcS9P50uYe/CLg2CMQ34=,wiLeA/OY3ixKC9pvi8R9PBtT5Xw=
-50,-75,3ks1EAzRwC7COUOEYMG94wAkJRc=,CNew+UD+MlUR14yRuHCI/+Jexgs=
-49,-75,3ks1EAzRwC7COUOEYMG94wAkJRc=,CNew+UD+MlUR14yRuHCI/+Jexgs=
-50,-68,ehNIJMrBcS9P50uYe/CLg2CMQ34=,wiLeA/OY3ixKC9pvi8R9PBtT5Xw=
-51,-72,ehNIJMrBcS9P50uYe/CLg2CMQ34=,wiLeA/OY3ixKC9pvi8R9PBtT5Xw=
-52,-66,ehNIJMrBcS9P50uYe/CLg2CMQ34=,wiLeA/OY3ixKC9pvi8R9PBtT5Xw=
-53,-66,ehNIJMrBcS9P50uYe/CLg2CMQ34=,wiLeA/OY3ixKC9pvi8R9PBtT5Xw=
-51,-75,3ks1EAzRwC7COUOEYMG94wAkJRc=,CNew+UD+MlUR14yRuHCI/+Jexgs=
-52,-75,3ks1EAzRwC7COUOEYMG94wAkJRc=,CNew+UD+MlUR14yRuHCI/+Jexgs=
-56,-76,ehNIJMrBcS9P50uYe/CLg2CMQ34=,CNew+UD+MlUR14yRuHCI/+Jexgs=
-54,-66,ehNIJMrBcS9P50uYe/CLg2CMQ34=,wiLeA/OY3ixKC9pvi8R9PBtT5Xw=
-58,-77,1DCmmYDB4tL6DVFeg8WQf6CiGRQ=,2Sl30VrUWbopRWlv+vSV7YcelBE=
-56,-70,ehNIJMrBcS9P50uYe/CLg2CMQ34=,wiLeA/OY3ixKC9pvi8R9PBtT5Xw=
-49,-79,3ks1EAzRwC7COUOEYMG94wAkJRc=,CNew+UD+MlUR14yRuHCI/+Jexgs=
-53,-75,3ks1EAzRwC7COUOEYMG94wAkJRc=,CNew+UD+MlUR14yRuHCI/+Jexgs=
-49,-74,3ks1EAzRwC7COUOEYMG94wAkJRc=,CNew+UD+MlUR14yRuHCI/+Jexgs=
-54,-75,3ks1EAzRwC7COUOEYMG94wAkJRc=,CNew+UD+MlUR14yRuHCI/+Jexgs=
-63,-73,A3ILfpbOTfsdXVIMCebjnG+OFtw=,2Sl30VrUWbopRWlv+vSV7YcelBE=
-59,-77,ehNIJMrBcS9P50uYe/CLg2CMQ34=,2Sl30VrUWbopRWlv+vSV7YcelBE=
-55,-66,A3ILfpbOTfsdXVIMCebjnG+OFtw=,wiLeA/OY3ixKC9pvi8R9PBtT5Xw=
-60,-77,ehNIJMrBcS9P50uYe/CLg2CMQ34=,2Sl30VrUWbopRWlv+vSV7YcelBE=
-56,-67,A3ILfpbOTfsdXVIMCebjnG+OFtw=,wiLeA/OY3ixKC9pvi8R9PBtT5Xw=
-61,-77,1DCmmYDB4tL6DVFeg8WQf6CiGRQ=,2Sl30VrUWbopRWlv+vSV7YcelBE=
-62,-73,A3ILfpbOTfsdXVIMCebjnG+OFtw=,2Sl30VrUWbopRWlv+vSV7YcelBE=
-55,-75,3ks1EAzRwC7COUOEYMG94wAkJRc=,CNew+UD+MlUR14yRuHCI/+Jexgs=
-62,-77,1DCmmYDB4tL6DVFeg8WQf6CiGRQ=,2Sl30VrUWbopRWlv+vSV7YcelBE=
-55,-70,ehNIJMrBcS9P50uYe/CLg2CMQ34=,wiLeA/OY3ixKC9pvi8R9PBtT5Xw=
-63,-77,ehNIJMrBcS9P50uYe/CLg2CMQ34=,2Sl30VrUWbopRWlv+vSV7YcelBE=
-56,-74,3ks1EAzRwC7COUOEYMG94wAkJRc=,CNew+UD+MlUR14yRuHCI/+Jexgs=
-56,-66,A3ILfpbOTfsdXVIMCebjnG+OFtw=,wiLeA/OY3ixKC9pvi8R9PBtT5Xw=
-52,-71,ehNIJMrBcS9P50uYe/CLg2CMQ34=,wiLeA/OY3ixKC9pvi8R9PBtT5Xw=
-50,-76,3ks1EAzRwC7COUOEYMG94wAkJRc=,CNew+UD+MlUR14yRuHCI/+Jexgs=
-55,-68,A3ILfpbOTfsdXVIMCebjnG+OFtw=,wiLeA/OY3ixKC9pvi8R9PBtT5Xw=
-51,-76,3ks1EAzRwC7COUOEYMG94wAkJRc=,CNew+UD+MlUR14yRuHCI/+Jexgs=
-61,-73,A3ILfpbOTfsdXVIMCebjnG+OFtw=,2Sl30VrUWbopRWlv+vSV7YcelBE=
-57,-78,3ks1EAzRwC7COUOEYMG94wAkJRc=,2Sl30VrUWbopRWlv+vSV7YcelBE=
-52,-76,3ks1EAzRwC7COUOEYMG94wAkJRc=,CNew+UD+MlUR14yRuHCI/+Jexgs=
-50,-67,ehNIJMrBcS9P50uYe/CLg2CMQ34=,wiLeA/OY3ixKC9pvi8R9PBtT5Xw=
-53,-76,3ks1EAzRwC7COUOEYMG94wAkJRc=,CNew+UD+MlUR14yRuHCI/+Jexgs=
-58,-78,1DCmmYDB4tL6DVFeg8WQf6CiGRQ=,2Sl30VrUWbopRWlv+vSV7YcelBE=
-57,-69,y7NdeBOxGZoD2dBzV9ZqTIQlzO0=,9u5k7qmb9IqY6lgD+cuYvXQVXCY=
-60,-73,1DCmmYDB4tL6DVFeg8WQf6CiGRQ=,2Sl30VrUWbopRWlv+vSV7YcelBE=
-54,-70,ehNIJMrBcS9P50uYe/CLg2CMQ34=,wiLeA/OY3ixKC9pvi8R9PBtT5Xw=
-59,-78,1DCmmYDB4tL6DVFeg8WQf6CiGRQ=,2Sl30VrUWbopRWlv+vSV7YcelBE=
-51,-67,ehNIJMrBcS9P50uYe/CLg2CMQ34=,wiLeA/OY3ixKC9pvi8R9PBtT5Xw=
-52,-72,ehNIJMrBcS9P50uYe/CLg2CMQ34=,wiLeA/OY3ixKC9pvi8R9PBtT5Xw=
-53,-71,1DCmmYDB4tL6DVFeg8WQf6CiGRQ=,wiLeA/OY3ixKC9pvi8R9PBtT5Xw=
-60,-78,1DCmmYDB4tL6DVFeg8WQf6CiGRQ=,2Sl30VrUWbopRWlv+vSV7YcelBE=
-61,-78,ehNIJMrBcS9P50uYe/CLg2CMQ34=,2Sl30VrUWbopRWlv+vSV7YcelBE=
-55,-65,A3ILfpbOTfsdXVIMCebjnG+OFtw=,wiLeA/OY3ixKC9pvi8R9PBtT5Xw=
-59,-73,3ks1EAzRwC7COUOEYMG94wAkJRc=,2Sl30VrUWbopRWlv+vSV7YcelBE=
-53,-70,ehNIJMrBcS9P50uYe/CLg2CMQ34=,wiLeA/OY3ixKC9pvi8R9PBtT5Xw=
-57,-79,3ks1EAzRwC7COUOEYMG94wAkJRc=,2Sl30VrUWbopRWlv+vSV7YcelBE=
-62,-78,ehNIJMrBcS9P50uYe/CLg2CMQ34=,2Sl30VrUWbopRWlv+vSV7YcelBE=
-52,-67,ehNIJMrBcS9P50uYe/CLg2CMQ34=,wiLeA/OY3ixKC9pvi8R9PBtT5Xw=
-63,-78,ehNIJMrBcS9P50uYe/CLg2CMQ34=,2Sl30VrUWbopRWlv+vSV7YcelBE=
-50,-70,1DCmmYDB4tL6DVFeg8WQf6CiGRQ=,wiLeA/OY3ixKC9pvi8R9PBtT5Xw=
-56,-75,3ks1EAzRwC7COUOEYMG94wAkJRc=,CNew+UD+MlUR14yRuHCI/+Jexgs=
-54,-65,A3ILfpbOTfsdXVIMCebjnG+OFtw=,wiLeA/OY3ixKC9pvi8R9PBtT5Xw=
-58,-73,3ks1EAzRwC7COUOEYMG94wAkJRc=,2Sl30VrUWbopRWlv+vSV7YcelBE=
-52,-70,ehNIJMrBcS9P50uYe/CLg2CMQ34=,wiLeA/OY3ixKC9pvi8R9PBtT5Xw=
-57,-72,y7NdeBOxGZoD2dBzV9ZqTIQlzO0=,9u5k7qmb9IqY6lgD+cuYvXQVXCY=
-58,-79,1DCmmYDB4tL6DVFeg8WQf6CiGRQ=,2Sl30VrUWbopRWlv+vSV7YcelBE=
-51,-70,1DCmmYDB4tL6DVFeg8WQf6CiGRQ=,wiLeA/OY3ixKC9pvi8R9PBtT5Xw=
-58,-72,y7NdeBOxGZoD2dBzV9ZqTIQlzO0=,9u5k7qmb9IqY6lgD+cuYvXQVXCY=
-53,-65,y7NdeBOxGZoD2dBzV9ZqTIQlzO0=,wiLeA/OY3ixKC9pvi8R9PBtT5Xw=
-59,-72,y7NdeBOxGZoD2dBzV9ZqTIQlzO0=,9u5k7qmb9IqY6lgD+cuYvXQVXCY=
-57,-73,3ks1EAzRwC7COUOEYMG94wAkJRc=,2Sl30VrUWbopRWlv+vSV7YcelBE=
-59,-79,1DCmmYDB4tL6DVFeg8WQf6CiGRQ=,2Sl30VrUWbopRWlv+vSV7YcelBE=
-56,-69,ehNIJMrBcS9P50uYe/CLg2CMQ34=,wiLeA/OY3ixKC9pvi8R9PBtT5Xw=
-52,-65,ehNIJMrBcS9P50uYe/CLg2CMQ34=,wiLeA/OY3ixKC9pvi8R9PBtT5Xw=
-60,-72,y7NdeBOxGZoD2dBzV9ZqTIQlzO0=,9u5k7qmb9IqY6lgD+cuYvXQVXCY=
-60,-79,1DCmmYDB4tL6DVFeg8WQf6CiGRQ=,2Sl30VrUWbopRWlv+vSV7YcelBE=
-61,-79,ehNIJMrBcS9P50uYe/CLg2CMQ34=,2Sl30VrUWbopRWlv+vSV7YcelBE=
-62,-79,1DCmmYDB4tL6DVFeg8WQf6CiGRQ=,2Sl30VrUWbopRWlv+vSV7YcelBE=
-61,-72,A3ILfpbOTfsdXVIMCebjnG+OFtw=,9u5k7qmb9IqY6lgD+cuYvXQVXCY=
-62,-72,A3ILfpbOTfsdXVIMCebjnG+OFtw=,9u5k7qmb9IqY6lgD+cuYvXQVXCY=
-50,-65,ehNIJMrBcS9P50uYe/CLg2CMQ34=,wiLeA/OY3ixKC9pvi8R9PBtT5Xw=
-56,-65,ehNIJMrBcS9P50uYe/CLg2CMQ34=,wiLeA/OY3ixKC9pvi8R9PBtT5Xw=
-51,-65,ehNIJMrBcS9P50uYe/CLg2CMQ34=,wiLeA/OY3ixKC9pvi8R9PBtT5Xw=
-63,-65,ehNIJMrBcS9P50uYe/CLg2CMQ34=,9u5k7qmb9IqY6lgD+cuYvXQVXCY=
-63,-79,3ks1EAzRwC7COUOEYMG94wAkJRc=,2Sl30VrUWbopRWlv+vSV7YcelBE=
-57,-65,y7NdeBOxGZoD2dBzV9ZqTIQlzO0=,9u5k7qmb9IqY6lgD+cuYvXQVXCY=
-58,-65,A3ILfpbOTfsdXVIMCebjnG+OFtw=,9u5k7qmb9IqY6lgD+cuYvXQVXCY=
-59,-65,A3ILfpbOTfsdXVIMCebjnG+OFtw=,9u5k7qmb9IqY6lgD+cuYvXQVXCY=
-60,-65,A3ILfpbOTfsdXVIMCebjnG+OFtw=,9u5k7qmb9IqY6lgD+cuYvXQVXCY=
-62,-65,A3ILfpbOTfsdXVIMCebjnG+OFtw=,9u5k7qmb9IqY6lgD+cuYvXQVXCY=
-61,-65,A3ILfpbOTfsdXVIMCebjnG+OFtw=,9u5k7qmb9IqY6lgD+cuYvXQVXCY=
-63,-72,A3ILfpbOTfsdXVIMCebjnG+OFtw=,9u5k7qmb9IqY6lgD+cuYvXQVXCY=
-64,-68,A3ILfpbOTfsdXVIMCebjnG+OFtw=,9u5k7qmb9IqY6lgD+cuYvXQVXCY=
-64,-69,A3ILfpbOTfsdXVIMCebjnG+OFtw=,9u5k7qmb9IqY6lgD+cuYvXQVXCY=
-64,-70,A3ILfpbOTfsdXVIMCebjnG+OFtw=,9u5k7qmb9IqY6lgD+cuYvXQVXCY=
-49,-69,1DCmmYDB4tL6DVFeg8WQf6CiGRQ=,wiLeA/OY3ixKC9pvi8R9PBtT5Xw=
-63,-80,y7NdeBOxGZoD2dBzV9ZqTIQlzO0=,2Sl30VrUWbopRWlv+vSV7YcelBE=
-62,-80,y7NdeBOxGZoD2dBzV9ZqTIQlzO0=,2Sl30VrUWbopRWlv+vSV7YcelBE=
-64,-74,A3ILfpbOTfsdXVIMCebjnG+OFtw=,2Sl30VrUWbopRWlv+vSV7YcelBE=
-61,-80,y7NdeBOxGZoD2dBzV9ZqTIQlzO0=,2Sl30VrUWbopRWlv+vSV7YcelBE=
-59,-80,y7NdeBOxGZoD2dBzV9ZqTIQlzO0=,2Sl30VrUWbopRWlv+vSV7YcelBE=
-60,-80,y7NdeBOxGZoD2dBzV9ZqTIQlzO0=,2Sl30VrUWbopRWlv+vSV7YcelBE=
-64,-66,y7NdeBOxGZoD2dBzV9ZqTIQlzO0=,9u5k7qmb9IqY6lgD+cuYvXQVXCY=
-64,-67,y7NdeBOxGZoD2dBzV9ZqTIQlzO0=,9u5k7qmb9IqY6lgD+cuYvXQVXCY=
-58,-80,y7NdeBOxGZoD2dBzV9ZqTIQlzO0=,2Sl30VrUWbopRWlv+vSV7YcelBE=
-64,-73,y7NdeBOxGZoD2dBzV9ZqTIQlzO0=,2Sl30VrUWbopRWlv+vSV7YcelBE=
-64,-65,y7NdeBOxGZoD2dBzV9ZqTIQlzO0=,9u5k7qmb9IqY6lgD+cuYvXQVXCY=
-49,-68,ehNIJMrBcS9P50uYe/CLg2CMQ34=,wiLeA/OY3ixKC9pvi8R9PBtT5Xw=
-64,-71,A3ILfpbOTfsdXVIMCebjnG+OFtw=,9u5k7qmb9IqY6lgD+cuYvXQVXCY=
-56,-80,y7NdeBOxGZoD2dBzV9ZqTIQlzO0=,CNew+UD+MlUR14yRuHCI/+Jexgs=
-55,-80,y7NdeBOxGZoD2dBzV9ZqTIQlzO0=,CNew+UD+MlUR14yRuHCI/+Jexgs=
-54,-80,y7NdeBOxGZoD2dBzV9ZqTIQlzO0=,CNew+UD+MlUR14yRuHCI/+Jexgs=
-57,-80,y7NdeBOxGZoD2dBzV9ZqTIQlzO0=,2Sl30VrUWbopRWlv+vSV7YcelBE=
-53,-80,y7NdeBOxGZoD2dBzV9ZqTIQlzO0=,CNew+UD+MlUR14yRuHCI/+Jexgs=
-52,-80,y7NdeBOxGZoD2dBzV9ZqTIQlzO0=,CNew+UD+MlUR14yRuHCI/+Jexgs=
-51,-80,y7NdeBOxGZoD2dBzV9ZqTIQlzO0=,CNew+UD+MlUR14yRuHCI/+Jexgs=
-50,-80,y7NdeBOxGZoD2dBzV9ZqTIQlzO0=,CNew+UD+MlUR14yRuHCI/+Jexgs=
-49,-80,y7NdeBOxGZoD2dBzV9ZqTIQlzO0=,CNew+UD+MlUR14yRuHCI/+Jexgs=
-64,-80,y7NdeBOxGZoD2dBzV9ZqTIQlzO0=,2Sl30VrUWbopRWlv+vSV7YcelBE=
-64,-79,A3ILfpbOTfsdXVIMCebjnG+OFtw=,2Sl30VrUWbopRWlv+vSV7YcelBE=
-49,-72,ehNIJMrBcS9P50uYe/CLg2CMQ34=,wiLeA/OY3ixKC9pvi8R9PBtT5Xw=
-49,-73,3ks1EAzRwC7COUOEYMG94wAkJRc=,CNew+UD+MlUR14yRuHCI/+Jexgs=
-49,-66,A3ILfpbOTfsdXVIMCebjnG+OFtw=,wiLeA/OY3ixKC9pvi8R9PBtT5Xw=
-49,-70,ehNIJMrBcS9P50uYe/CLg2CMQ34=,wiLeA/OY3ixKC9pvi8R9PBtT5Xw=
-49,-71,ehNIJMrBcS9P50uYe/CLg2CMQ34=,wiLeA/OY3ixKC9pvi8R9PBtT5Xw=
-49,-67,ehNIJMrBcS9P50uYe/CLg2CMQ34=,wiLeA/OY3ixKC9pvi8R9PBtT5Xw=
-64,-75,A3ILfpbOTfsdXVIMCebjnG+OFtw=,2Sl30VrUWbopRWlv+vSV7YcelBE=
-49,-65,A3ILfpbOTfsdXVIMCebjnG+OFtw=,wiLeA/OY3ixKC9pvi8R9PBtT5Xw=
-64,-72,y7NdeBOxGZoD2dBzV9ZqTIQlzO0=,9u5k7qmb9IqY6lgD+cuYvXQVXCY=
-64,-77,ehNIJMrBcS9P50uYe/CLg2CMQ34=,2Sl30VrUWbopRWlv+vSV7YcelBE=
-64,-76,A3ILfpbOTfsdXVIMCebjnG+OFtw=,2Sl30VrUWbopRWlv+vSV7YcelBE=
-64,-78,A3ILfpbOTfsdXVIMCebjnG+OFtw=,2Sl30VrUWbopRWlv+vSV7YcelBE=
