33,41,rVpL3XPOrXNIh6oFa8lm1aqUmag=,510DYWqi1drPWnVq5Fnz2CL2vXY=
34,41,rVpL3XPOrXNIh6oFa8lm1aqUmag=,510DYWqi1drPWnVq5Fnz2CL2vXY=
35,41,rVpL3XPOrXNIh6oFa8lm1aqUmag=,510DYWqi1drPWnVq5Fnz2CL2vXY=
36,41,4QX992/BxPTrkEAwplEy53qET4U=,510DYWqi1drPWnVq5Fnz2CL2vXY=
43,35,JnRRlYniQ1HxoKdDKNDNNpZh72I=,4CJPTX+knI38NV1nouZIVDxhOic=
44,35,JnRRlYniQ1HxoKdDKNDNNpZh72I=,4CJPTX+knI38NV1nouZIVDxhOic=
42,35,JnRRlYniQ1HxoKdDKNDNNpZh72I=,4CJPTX+knI38NV1nouZIVDxhOic=
45,35,JnRRlYniQ1HxoKdDKNDNNpZh72I=,4CJPTX+knI38NV1nouZIVDxhOic=
38,46,4QX992/BxPTrkEAwplEy53qET4U=,510DYWqi1drPWnVq5Fnz2CL2vXY=
46,35,JnRRlYniQ1HxoKdDKNDNNpZh72I=,4CJPTX+knI38NV1nouZIVDxhOic=
41,35,JnRRlYniQ1HxoKdDKNDNNpZh72I=,4CJPTX+knI38NV1nouZIVDxhOic=
41,36,JnRRlYniQ1HxoKdDKNDNNpZh72I=,4CJPTX+knI38NV1nouZIVDxhOic=
37,46,4QX992/BxPTrkEAwplEy53qET4U=,510DYWqi1drPWnVq5Fnz2CL2vXY=
45,34,JnRRlYniQ1HxoKdDKNDNNpZh72I=,4CJPTX+knI38NV1nouZIVDxhOic=
46,34,JnRRlYniQ1HxoKdDKNDNNpZh72I=,4CJPTX+knI38NV1nouZIVDxhOic=
42,36,JnRRlYniQ1HxoKdDKNDNNpZh72I=,4CJPTX+knI38NV1nouZIVDxhOic=
44,34,JnRRlYniQ1HxoKdDKNDNNpZh72I=,4CJPTX+knI38NV1nouZIVDxhOic=
43,34,JnRRlYniQ1HxoKdDKNDNNpZh72I=,4CJPTX+knI38NV1nouZIVDxhOic=
36,46,4QX992/BxPTrkEAwplEy53qET4U=,510DYWqi1drPWnVq5Fnz2CL2vXY=
42,34,JnRRlYniQ1HxoKdDKNDNNpZh72I=,4CJPTX+knI38NV1nouZIVDxhOic=
46,33,JnRRlYniQ1HxoKdDKNDNNpZh72I=,4CJPTX+knI38NV1nouZIVDxhOic=
41,34,JnRRlYniQ1HxoKdDKNDNNpZh72I=,4CJPTX+knI38NV1nouZIVDxhOic=
45,33,JnRRlYniQ1HxoKdDKNDNNpZh72I=,4CJPTX+knI38NV1nouZIVDxhOic=
44,33,rVpL3XPOrXNIh6oFa8lm1aqUmag=,4CJPTX+knI38NV1nouZIVDxhOic=
43,33,rVpL3XPOrXNIh6oFa8lm1aqUmag=,4CJPTX+knI38NV1nouZIVDxhOic=
42,33,rVpL3XPOrXNIh6oFa8lm1aqUmag=,4CJPTX+knI38NV1nouZIVDxhOic=
43,36,JnRRlYniQ1HxoKdDKNDNNpZh72I=,4CJPTX+knI38NV1nouZIVDxhOic=
35,46,JnRRlYniQ1HxoKdDKNDNNpZh72I=,510DYWqi1drPWnVq5Fnz2CL2vXY=
33,46,JnRRlYniQ1HxoKdDKNDNNpZh72I=,510DYWqi1drPWnVq5Fnz2CL2vXY=
34,46,JnRRlYniQ1HxoKdDKNDNNpZh72I=,510DYWqi1drPWnVq5Fnz2CL2vXY=
38,45,4QX992/BxPTrkEAwplEy53qET4U=,510DYWqi1drPWnVq5Fnz2CL2vXY=
41,33,rVpL3XPOrXNIh6oFa8lm1aqUmag=,4CJPTX+knI38NV1nouZIVDxhOic=
37,45,4QX992/BxPTrkEAwplEy53qET4U=,510DYWqi1drPWnVq5Fnz2CL2vXY=
46,38,4QX992/BxPTrkEAwplEy53qET4U=,4CJPTX+knI38NV1nouZIVDxhOic=
36,45,4QX992/BxPTrkEAwplEy53qET4U=,510DYWqi1drPWnVq5Fnz2CL2vXY=
45,38,4QX992/BxPTrkEAwplEy53qET4U=,4CJPTX+knI38NV1nouZIVDxhOic=
44,38,4QX992/BxPTrkEAwplEy53qET4U=,4CJPTX+knI38NV1nouZIVDxhOic=
44,36,JnRRlYniQ1HxoKdDKNDNNpZh72I=,4CJPTX+knI38NV1nouZIVDxhOic=
43,38,4QX992/BxPTrkEAwplEy53qET4U=,4CJPTX+knI38NV1nouZIVDxhOic=
42,38,4QX992/BxPTrkEAwplEy53qET4U=,4CJPTX+knI38NV1nouZIVDxhOic=
41,38,4QX992/BxPTrkEAwplEy53qET4U=,4CJPTX+knI38NV1nouZIVDxhOic=
46,37,4QX992/BxPTrkEAwplEy53qET4U=,4CJPTX+knI38NV1nouZIVDxhOic=
35,45,JnRRlYniQ1HxoKdDKNDNNpZh72I=,510DYWqi1drPWnVq5Fnz2CL2vXY=
43,37,JnRRlYniQ1HxoKdDKNDNNpZh72I=,4CJPTX+knI38NV1nouZIVDxhOic=
44,37,JnRRlYniQ1HxoKdDKNDNNpZh72I=,4CJPTX+knI38NV1nouZIVDxhOic=
45,37,4QX992/BxPTrkEAwplEy53qET4U=,4CJPTX+knI38NV1nouZIVDxhOic=
41,37,JnRRlYniQ1HxoKdDKNDNNpZh72I=,4CJPTX+knI38NV1nouZIVDxhOic=
45,36,JnRRlYniQ1HxoKdDKNDNNpZh72I=,4CJPTX+knI38NV1nouZIVDxhOic=
34,45,JnRRlYniQ1HxoKdDKNDNNpZh72I=,510DYWqi1drPWnVq5Fnz2CL2vXY=
42,37,JnRRlYniQ1HxoKdDKNDNNpZh72I=,4CJPTX+knI38NV1nouZIVDxhOic=
46,36,JnRRlYniQ1HxoKdDKNDNNpZh72I=,4CJPTX+knI38NV1nouZIVDxhOic=
33,45,JnRRlYniQ1HxoKdDKNDNNpZh72I=,510DYWqi1drPWnVq5Fnz2CL2vXY=
38,44,4QX992/BxPTrkEAwplEy53qET4U=,510DYWqi1drPWnVq5Fnz2CL2vXY=
37,44,4QX992/BxPTrkEAwplEy53qET4U=,510DYWqi1drPWnVq5Fnz2CL2vXY=
36,44,4QX992/BxPTrkEAwplEy53qET4U=,510DYWqi1drPWnVq5Fnz2CL2vXY=
35,44,rVpL3XPOrXNIh6oFa8lm1aqUmag=,510DYWqi1drPWnVq5Fnz2CL2vXY=
38,43,4QX992/BxPTrkEAwplEy53qET4U=,510DYWqi1drPWnVq5Fnz2CL2vXY=
33,44,rVpL3XPOrXNIh6oFa8lm1aqUmag=,510DYWqi1drPWnVq5Fnz2CL2vXY=
34,44,rVpL3XPOrXNIh6oFa8lm1aqUmag=,510DYWqi1drPWnVq5Fnz2CL2vXY=
37,43,4QX992/BxPTrkEAwplEy53qET4U=,510DYWqi1drPWnVq5Fnz2CL2vXY=
34,43,rVpL3XPOrXNIh6oFa8lm1aqUmag=,510DYWqi1drPWnVq5Fnz2CL2vXY=
35,43,rVpL3XPOrXNIh6oFa8lm1aqUmag=,510DYWqi1drPWnVq5Fnz2CL2vXY=
38,42,4QX992/BxPTrkEAwplEy53qET4U=,510DYWqi1drPWnVq5Fnz2CL2vXY=
47,35,rVpL3XPOrXNIh6oFa8lm1aqUmag=,4CJPTX+knI38NV1nouZIVDxhOic=
36,43,4QX992/BxPTrkEAwplEy53qET4U=,510DYWqi1drPWnVq5Fnz2CL2vXY=
33,43,rVpL3XPOrXNIh6oFa8lm1aqUmag=,510DYWqi1drPWnVq5Fnz2CL2vXY=
47,34,JnRRlYniQ1HxoKdDKNDNNpZh72I=,4CJPTX+knI38NV1nouZIVDxhOic=
47,38,4QX992/BxPTrkEAwplEy53qET4U=,4CJPTX+knI38NV1nouZIVDxhOic=
37,42,4QX992/BxPTrkEAwplEy53qET4U=,510DYWqi1drPWnVq5Fnz2CL2vXY=
36,42,4QX992/BxPTrkEAwplEy53qET4U=,510DYWqi1drPWnVq5Fnz2CL2vXY=
47,37,4QX992/BxPTrkEAwplEy53qET4U=,4CJPTX+knI38NV1nouZIVDxhOic=
47,33,JnRRlYniQ1HxoKdDKNDNNpZh72I=,4CJPTX+knI38NV1nouZIVDxhOic=
35,42,rVpL3XPOrXNIh6oFa8lm1aqUmag=,510DYWqi1drPWnVq5Fnz2CL2vXY=
34,42,rVpL3XPOrXNIh6oFa8lm1aqUmag=,510DYWqi1drPWnVq5Fnz2CL2vXY=
47,36,4QX992/BxPTrkEAwplEy53qET4U=,4CJPTX+knI38NV1nouZIVDxhOic=
33,42,rVpL3XPOrXNIh6oFa8lm1aqUmag=,510DYWqi1drPWnVq5Fnz2CL2vXY=
38,41,4QX992/BxPTrkEAwplEy53qET4U=,510DYWqi1drPWnVq5Fnz2CL2vXY=
37,41,4QX992/BxPTrkEAwplEy53qET4U=,510DYWqi1drPWnVq5Fnz2CL2vXY=
38,37,4QX992/BxPTrkEAwplEy53qET4U=,WCUCRZGNh4CcAfmg2dXHvdJDnE8=
39,36,4QX992/BxPTrkEAwplEy53qET4U=,WCUCRZGNh4CcAfmg2dXHvdJDnE8=
38,36,4QX992/BxPTrkEAwplEy53qET4U=,WCUCRZGNh4CcAfmg2dXHvdJDnE8=
37,38,JnRRlYniQ1HxoKdDKNDNNpZh72I=,WCUCRZGNh4CcAfmg2dXHvdJDnE8=
40,35,JnRRlYniQ1HxoKdDKNDNNpZh72I=,4CJPTX+knI38NV1nouZIVDxhOic=
37,36,4QX992/BxPTrkEAwplEy53qET4U=,WCUCRZGNh4CcAfmg2dXHvdJDnE8=
36,36,4QX992/BxPTrkEAwplEy53qET4U=,WCUCRZGNh4CcAfmg2dXHvdJDnE8=
35,39,JnRRlYniQ1HxoKdDKNDNNpZh72I=,WCUCRZGNh4CcAfmg2dXHvdJDnE8=
34,36,rVpL3XPOrXNIh6oFa8lm1aqUmag=,WCUCRZGNh4CcAfmg2dXHvdJDnE8=
35,36,JnRRlYniQ1HxoKdDKNDNNpZh72I=,WCUCRZGNh4CcAfmg2dXHvdJDnE8=
39,35,JnRRlYniQ1HxoKdDKNDNNpZh72I=,WCUCRZGNh4CcAfmg2dXHvdJDnE8=
36,39,JnRRlYniQ1HxoKdDKNDNNpZh72I=,WCUCRZGNh4CcAfmg2dXHvdJDnE8=
34,39,JnRRlYniQ1HxoKdDKNDNNpZh72I=,WCUCRZGNh4CcAfmg2dXHvdJDnE8=
40,34,JnRRlYniQ1HxoKdDKNDNNpZh72I=,4CJPTX+knI38NV1nouZIVDxhOic=
38,35,JnRRlYniQ1HxoKdDKNDNNpZh72I=,WCUCRZGNh4CcAfmg2dXHvdJDnE8=
33,36,rVpL3XPOrXNIh6oFa8lm1aqUmag=,WCUCRZGNh4CcAfmg2dXHvdJDnE8=
33,34,JnRRlYniQ1HxoKdDKNDNNpZh72I=,WCUCRZGNh4CcAfmg2dXHvdJDnE8=
36,38,JnRRlYniQ1HxoKdDKNDNNpZh72I=,WCUCRZGNh4CcAfmg2dXHvdJDnE8=
40,33,JnRRlYniQ1HxoKdDKNDNNpZh72I=,4CJPTX+knI38NV1nouZIVDxhOic=
33,39,rVpL3XPOrXNIh6oFa8lm1aqUmag=,WCUCRZGNh4CcAfmg2dXHvdJDnE8=
33,35,JnRRlYniQ1HxoKdDKNDNNpZh72I=,WCUCRZGNh4CcAfmg2dXHvdJDnE8=
37,35,JnRRlYniQ1HxoKdDKNDNNpZh72I=,WCUCRZGNh4CcAfmg2dXHvdJDnE8=
34,32,rVpL3XPOrXNIh6oFa8lm1aqUmag=,WCUCRZGNh4CcAfmg2dXHvdJDnE8=
32,34,rVpL3XPOrXNIh6oFa8lm1aqUmag=,WCUCRZGNh4CcAfmg2dXHvdJDnE8=
37,39,rVpL3XPOrXNIh6oFa8lm1aqUmag=,WCUCRZGNh4CcAfmg2dXHvdJDnE8=
39,33,JnRRlYniQ1HxoKdDKNDNNpZh72I=,WCUCRZGNh4CcAfmg2dXHvdJDnE8=
38,33,rVpL3XPOrXNIh6oFa8lm1aqUmag=,WCUCRZGNh4CcAfmg2dXHvdJDnE8=
37,33,JnRRlYniQ1HxoKdDKNDNNpZh72I=,WCUCRZGNh4CcAfmg2dXHvdJDnE8=
37,37,JnRRlYniQ1HxoKdDKNDNNpZh72I=,WCUCRZGNh4CcAfmg2dXHvdJDnE8=
35,33,JnRRlYniQ1HxoKdDKNDNNpZh72I=,WCUCRZGNh4CcAfmg2dXHvdJDnE8=
36,33,JnRRlYniQ1HxoKdDKNDNNpZh72I=,WCUCRZGNh4CcAfmg2dXHvdJDnE8=
34,33,JnRRlYniQ1HxoKdDKNDNNpZh72I=,WCUCRZGNh4CcAfmg2dXHvdJDnE8=
36,37,4QX992/BxPTrkEAwplEy53qET4U=,WCUCRZGNh4CcAfmg2dXHvdJDnE8=
32,35,rVpL3XPOrXNIh6oFa8lm1aqUmag=,WCUCRZGNh4CcAfmg2dXHvdJDnE8=
35,37,JnRRlYniQ1HxoKdDKNDNNpZh72I=,WCUCRZGNh4CcAfmg2dXHvdJDnE8=
39,37,4QX992/BxPTrkEAwplEy53qET4U=,WCUCRZGNh4CcAfmg2dXHvdJDnE8=
34,37,rVpL3XPOrXNIh6oFa8lm1aqUmag=,WCUCRZGNh4CcAfmg2dXHvdJDnE8=
36,35,JnRRlYniQ1HxoKdDKNDNNpZh72I=,WCUCRZGNh4CcAfmg2dXHvdJDnE8=
33,37,rVpL3XPOrXNIh6oFa8lm1aqUmag=,WCUCRZGNh4CcAfmg2dXHvdJDnE8=
35,38,JnRRlYniQ1HxoKdDKNDNNpZh72I=,WCUCRZGNh4CcAfmg2dXHvdJDnE8=
39,34,rVpL3XPOrXNIh6oFa8lm1aqUmag=,WCUCRZGNh4CcAfmg2dXHvdJDnE8=
32,37,rVpL3XPOrXNIh6oFa8lm1aqUmag=,WCUCRZGNh4CcAfmg2dXHvdJDnE8=
32,36,rVpL3XPOrXNIh6oFa8lm1aqUmag=,WCUCRZGNh4CcAfmg2dXHvdJDnE8=
38,34,rVpL3XPOrXNIh6oFa8lm1aqUmag=,WCUCRZGNh4CcAfmg2dXHvdJDnE8=
34,38,JnRRlYniQ1HxoKdDKNDNNpZh72I=,WCUCRZGNh4CcAfmg2dXHvdJDnE8=
37,34,JnRRlYniQ1HxoKdDKNDNNpZh72I=,WCUCRZGNh4CcAfmg2dXHvdJDnE8=
40,38,4QX992/BxPTrkEAwplEy53qET4U=,4CJPTX+knI38NV1nouZIVDxhOic=
36,34,JnRRlYniQ1HxoKdDKNDNNpZh72I=,WCUCRZGNh4CcAfmg2dXHvdJDnE8=
38,39,rVpL3XPOrXNIh6oFa8lm1aqUmag=,WCUCRZGNh4CcAfmg2dXHvdJDnE8=
33,38,JnRRlYniQ1HxoKdDKNDNNpZh72I=,WCUCRZGNh4CcAfmg2dXHvdJDnE8=
40,37,4QX992/BxPTrkEAwplEy53qET4U=,4CJPTX+knI38NV1nouZIVDxhOic=
35,35,JnRRlYniQ1HxoKdDKNDNNpZh72I=,WCUCRZGNh4CcAfmg2dXHvdJDnE8=
32,38,rVpL3XPOrXNIh6oFa8lm1aqUmag=,WCUCRZGNh4CcAfmg2dXHvdJDnE8=
37,40,4QX992/BxPTrkEAwplEy53qET4U=,510DYWqi1drPWnVq5Fnz2CL2vXY=
39,38,rVpL3XPOrXNIh6oFa8lm1aqUmag=,WCUCRZGNh4CcAfmg2dXHvdJDnE8=
36,40,Oq0xGXg5Hr0IuU5jT1NQigRrTyo=,510DYWqi1drPWnVq5Fnz2CL2vXY=
40,36,4QX992/BxPTrkEAwplEy53qET4U=,4CJPTX+knI38NV1nouZIVDxhOic=
34,35,JnRRlYniQ1HxoKdDKNDNNpZh72I=,WCUCRZGNh4CcAfmg2dXHvdJDnE8=
35,40,rVpL3XPOrXNIh6oFa8lm1aqUmag=,510DYWqi1drPWnVq5Fnz2CL2vXY=
33,40,rVpL3XPOrXNIh6oFa8lm1aqUmag=,510DYWqi1drPWnVq5Fnz2CL2vXY=
38,40,4QX992/BxPTrkEAwplEy53qET4U=,510DYWqi1drPWnVq5Fnz2CL2vXY=
35,34,JnRRlYniQ1HxoKdDKNDNNpZh72I=,WCUCRZGNh4CcAfmg2dXHvdJDnE8=
34,34,JnRRlYniQ1HxoKdDKNDNNpZh72I=,WCUCRZGNh4CcAfmg2dXHvdJDnE8=
34,40,rVpL3XPOrXNIh6oFa8lm1aqUmag=,510DYWqi1drPWnVq5Fnz2CL2vXY=
33,33,JnRRlYniQ1HxoKdDKNDNNpZh72I=,WCUCRZGNh4CcAfmg2dXHvdJDnE8=
37,32,rVpL3XPOrXNIh6oFa8lm1aqUmag=,WCUCRZGNh4CcAfmg2dXHvdJDnE8=
38,32,rVpL3XPOrXNIh6oFa8lm1aqUmag=,WCUCRZGNh4CcAfmg2dXHvdJDnE8=
36,32,rVpL3XPOrXNIh6oFa8lm1aqUmag=,WCUCRZGNh4CcAfmg2dXHvdJDnE8=
32,33,rVpL3XPOrXNIh6oFa8lm1aqUmag=,WCUCRZGNh4CcAfmg2dXHvdJDnE8=
35,32,rVpL3XPOrXNIh6oFa8lm1aqUmag=,WCUCRZGNh4CcAfmg2dXHvdJDnE8=
33,32,rVpL3XPOrXNIh6oFa8lm1aqUmag=,WCUCRZGNh4CcAfmg2dXHvdJDnE8=
44,45,Oq0xGXg5Hr0IuU5jT1NQigRrTyo=,U9gTl4ajm4sQ00yExZ4xBRKgL/0=
36,47,Oq0xGXg5Hr0IuU5jT1NQigRrTyo=,510DYWqi1drPWnVq5Fnz2CL2vXY=
35,47,rVpL3XPOrXNIh6oFa8lm1aqUmag=,510DYWqi1drPWnVq5Fnz2CL2vXY=
34,47,JnRRlYniQ1HxoKdDKNDNNpZh72I=,510DYWqi1drPWnVq5Fnz2CL2vXY=
33,47,JnRRlYniQ1HxoKdDKNDNNpZh72I=,510DYWqi1drPWnVq5Fnz2CL2vXY=
38,47,PYr0IJWSC9ZZrAKzIAXHAJMYjXg=,510DYWqi1drPWnVq5Fnz2CL2vXY=
43,45,Oq0xGXg5Hr0IuU5jT1NQigRrTyo=,U9gTl4ajm4sQ00yExZ4xBRKgL/0=
37,47,PYr0IJWSC9ZZrAKzIAXHAJMYjXg=,510DYWqi1drPWnVq5Fnz2CL2vXY=
42,45,Oq0xGXg5Hr0IuU5jT1NQigRrTyo=,U9gTl4ajm4sQ00yExZ4xBRKgL/0=
47,39,4QX992/BxPTrkEAwplEy53qET4U=,4CJPTX+knI38NV1nouZIVDxhOic=
45,45,Oq0xGXg5Hr0IuU5jT1NQigRrTyo=,U9gTl4ajm4sQ00yExZ4xBRKgL/0=
46,39,4QX992/BxPTrkEAwplEy53qET4U=,4CJPTX+knI38NV1nouZIVDxhOic=
45,39,4QX992/BxPTrkEAwplEy53qET4U=,4CJPTX+knI38NV1nouZIVDxhOic=
41,45,Oq0xGXg5Hr0IuU5jT1NQigRrTyo=,U9gTl4ajm4sQ00yExZ4xBRKgL/0=
44,39,4QX992/BxPTrkEAwplEy53qET4U=,4CJPTX+knI38NV1nouZIVDxhOic=
43,39,4QX992/BxPTrkEAwplEy53qET4U=,4CJPTX+knI38NV1nouZIVDxhOic=
42,39,4QX992/BxPTrkEAwplEy53qET4U=,4CJPTX+knI38NV1nouZIVDxhOic=
39,46,Oq0xGXg5Hr0IuU5jT1NQigRrTyo=,510DYWqi1drPWnVq5Fnz2CL2vXY=
39,39,JnRRlYniQ1HxoKdDKNDNNpZh72I=,WCUCRZGNh4CcAfmg2dXHvdJDnE8=
39,45,Oq0xGXg5Hr0IuU5jT1NQigRrTyo=,510DYWqi1drPWnVq5Fnz2CL2vXY=
40,45,Oq0xGXg5Hr0IuU5jT1NQigRrTyo=,U9gTl4ajm4sQ00yExZ4xBRKgL/0=
41,39,JnRRlYniQ1HxoKdDKNDNNpZh72I=,4CJPTX+knI38NV1nouZIVDxhOic=
46,45,Oq0xGXg5Hr0IuU5jT1NQigRrTyo=,U9gTl4ajm4sQ00yExZ4xBRKgL/0=
47,44,Oq0xGXg5Hr0IuU5jT1NQigRrTyo=,U9gTl4ajm4sQ00yExZ4xBRKgL/0=
39,44,Oq0xGXg5Hr0IuU5jT1NQigRrTyo=,510DYWqi1drPWnVq5Fnz2CL2vXY=
40,39,JnRRlYniQ1HxoKdDKNDNNpZh72I=,4CJPTX+knI38NV1nouZIVDxhOic=
45,44,Oq0xGXg5Hr0IuU5jT1NQigRrTyo=,U9gTl4ajm4sQ00yExZ4xBRKgL/0=
46,44,Oq0xGXg5Hr0IuU5jT1NQigRrTyo=,U9gTl4ajm4sQ00yExZ4xBRKgL/0=
43,44,Oq0xGXg5Hr0IuU5jT1NQigRrTyo=,U9gTl4ajm4sQ00yExZ4xBRKgL/0=
44,44,Oq0xGXg5Hr0IuU5jT1NQigRrTyo=,U9gTl4ajm4sQ00yExZ4xBRKgL/0=
42,44,Oq0xGXg5Hr0IuU5jT1NQigRrTyo=,U9gTl4ajm4sQ00yExZ4xBRKgL/0=
40,40,Oq0xGXg5Hr0IuU5jT1NQigRrTyo=,U9gTl4ajm4sQ00yExZ4xBRKgL/0=
41,44,Oq0xGXg5Hr0IuU5jT1NQigRrTyo=,U9gTl4ajm4sQ00yExZ4xBRKgL/0=
39,43,Oq0xGXg5Hr0IuU5jT1NQigRrTyo=,510DYWqi1drPWnVq5Fnz2CL2vXY=
39,32,JnRRlYniQ1HxoKdDKNDNNpZh72I=,WCUCRZGNh4CcAfmg2dXHvdJDnE8=
40,44,Oq0xGXg5Hr0IuU5jT1NQigRrTyo=,U9gTl4ajm4sQ00yExZ4xBRKgL/0=
47,43,Oq0xGXg5Hr0IuU5jT1NQigRrTyo=,U9gTl4ajm4sQ00yExZ4xBRKgL/0=
46,43,Oq0xGXg5Hr0IuU5jT1NQigRrTyo=,U9gTl4ajm4sQ00yExZ4xBRKgL/0=
45,43,Oq0xGXg5Hr0IuU5jT1NQigRrTyo=,U9gTl4ajm4sQ00yExZ4xBRKgL/0=
44,43,Oq0xGXg5Hr0IuU5jT1NQigRrTyo=,U9gTl4ajm4sQ00yExZ4xBRKgL/0=
46,32,rVpL3XPOrXNIh6oFa8lm1aqUmag=,4CJPTX+knI38NV1nouZIVDxhOic=
43,43,Oq0xGXg5Hr0IuU5jT1NQigRrTyo=,U9gTl4ajm4sQ00yExZ4xBRKgL/0=
47,45,Oq0xGXg5Hr0IuU5jT1NQigRrTyo=,U9gTl4ajm4sQ00yExZ4xBRKgL/0=
45,32,rVpL3XPOrXNIh6oFa8lm1aqUmag=,4CJPTX+knI38NV1nouZIVDxhOic=
44,32,rVpL3XPOrXNIh6oFa8lm1aqUmag=,4CJPTX+knI38NV1nouZIVDxhOic=
40,32,rVpL3XPOrXNIh6oFa8lm1aqUmag=,4CJPTX+knI38NV1nouZIVDxhOic=
43,32,rVpL3XPOrXNIh6oFa8lm1aqUmag=,4CJPTX+knI38NV1nouZIVDxhOic=
42,32,rVpL3XPOrXNIh6oFa8lm1aqUmag=,4CJPTX+knI38NV1nouZIVDxhOic=
42,43,Oq0xGXg5Hr0IuU5jT1NQigRrTyo=,U9gTl4ajm4sQ00yExZ4xBRKgL/0=
41,32,rVpL3XPOrXNIh6oFa8lm1aqUmag=,4CJPTX+knI38NV1nouZIVDxhOic=
41,43,Oq0xGXg5Hr0IuU5jT1NQigRrTyo=,U9gTl4ajm4sQ00yExZ4xBRKgL/0=
40,43,Oq0xGXg5Hr0IuU5jT1NQigRrTyo=,U9gTl4ajm4sQ00yExZ4xBRKgL/0=
39,42,Oq0xGXg5Hr0IuU5jT1NQigRrTyo=,510DYWqi1drPWnVq5Fnz2CL2vXY=
40,46,4QX992/BxPTrkEAwplEy53qET4U=,U9gTl4ajm4sQ00yExZ4xBRKgL/0=
46,42,4QX992/BxPTrkEAwplEy53qET4U=,U9gTl4ajm4sQ00yExZ4xBRKgL/0=
47,42,Oq0xGXg5Hr0IuU5jT1NQigRrTyo=,U9gTl4ajm4sQ00yExZ4xBRKgL/0=
47,32,rVpL3XPOrXNIh6oFa8lm1aqUmag=,4CJPTX+knI38NV1nouZIVDxhOic=
45,42,Oq0xGXg5Hr0IuU5jT1NQigRrTyo=,U9gTl4ajm4sQ00yExZ4xBRKgL/0=
44,42,Oq0xGXg5Hr0IuU5jT1NQigRrTyo=,U9gTl4ajm4sQ00yExZ4xBRKgL/0=
43,42,PYr0IJWSC9ZZrAKzIAXHAJMYjXg=,U9gTl4ajm4sQ00yExZ4xBRKgL/0=
42,42,PYr0IJWSC9ZZrAKzIAXHAJMYjXg=,U9gTl4ajm4sQ00yExZ4xBRKgL/0=
41,42,PYr0IJWSC9ZZrAKzIAXHAJMYjXg=,U9gTl4ajm4sQ00yExZ4xBRKgL/0=
39,41,Oq0xGXg5Hr0IuU5jT1NQigRrTyo=,510DYWqi1drPWnVq5Fnz2CL2vXY=
32,32,JnRRlYniQ1HxoKdDKNDNNpZh72I=,WCUCRZGNh4CcAfmg2dXHvdJDnE8=
40,42,PYr0IJWSC9ZZrAKzIAXHAJMYjXg=,U9gTl4ajm4sQ00yExZ4xBRKgL/0=
47,41,Oq0xGXg5Hr0IuU5jT1NQigRrTyo=,U9gTl4ajm4sQ00yExZ4xBRKgL/0=
41,46,4QX992/BxPTrkEAwplEy53qET4U=,U9gTl4ajm4sQ00yExZ4xBRKgL/0=
45,41,PYr0IJWSC9ZZrAKzIAXHAJMYjXg=,U9gTl4ajm4sQ00yExZ4xBRKgL/0=
46,41,PYr0IJWSC9ZZrAKzIAXHAJMYjXg=,U9gTl4ajm4sQ00yExZ4xBRKgL/0=
42,41,PYr0IJWSC9ZZrAKzIAXHAJMYjXg=,U9gTl4ajm4sQ00yExZ4xBRKgL/0=
44,41,PYr0IJWSC9ZZrAKzIAXHAJMYjXg=,U9gTl4ajm4sQ00yExZ4xBRKgL/0=
41,41,PYr0IJWSC9ZZrAKzIAXHAJMYjXg=,U9gTl4ajm4sQ00yExZ4xBRKgL/0=
43,41,PYr0IJWSC9ZZrAKzIAXHAJMYjXg=,U9gTl4ajm4sQ00yExZ4xBRKgL/0=
47,46,Oq0xGXg5Hr0IuU5jT1NQigRrTyo=,U9gTl4ajm4sQ00yExZ4xBRKgL/0=
40,41,4QX992/BxPTrkEAwplEy53qET4U=,U9gTl4ajm4sQ00yExZ4xBRKgL/0=
47,40,Oq0xGXg5Hr0IuU5jT1NQigRrTyo=,U9gTl4ajm4sQ00yExZ4xBRKgL/0=
46,46,PYr0IJWSC9ZZrAKzIAXHAJMYjXg=,U9gTl4ajm4sQ00yExZ4xBRKgL/0=
45,40,4QX992/BxPTrkEAwplEy53qET4U=,U9gTl4ajm4sQ00yExZ4xBRKgL/0=
38,38,JnRRlYniQ1HxoKdDKNDNNpZh72I=,WCUCRZGNh4CcAfmg2dXHvdJDnE8=
46,40,4QX992/BxPTrkEAwplEy53qET4U=,U9gTl4ajm4sQ00yExZ4xBRKgL/0=
45,46,Oq0xGXg5Hr0IuU5jT1NQigRrTyo=,U9gTl4ajm4sQ00yExZ4xBRKgL/0=
44,46,Oq0xGXg5Hr0IuU5jT1NQigRrTyo=,U9gTl4ajm4sQ00yExZ4xBRKgL/0=
39,40,Oq0xGXg5Hr0IuU5jT1NQigRrTyo=,510DYWqi1drPWnVq5Fnz2CL2vXY=
41,40,Oq0xGXg5Hr0IuU5jT1NQigRrTyo=,U9gTl4ajm4sQ00yExZ4xBRKgL/0=
43,46,Oq0xGXg5Hr0IuU5jT1NQigRrTyo=,U9gTl4ajm4sQ00yExZ4xBRKgL/0=
44,40,4QX992/BxPTrkEAwplEy53qET4U=,U9gTl4ajm4sQ00yExZ4xBRKgL/0=
42,46,4QX992/BxPTrkEAwplEy53qET4U=,U9gTl4ajm4sQ00yExZ4xBRKgL/0=
43,40,4QX992/BxPTrkEAwplEy53qET4U=,U9gTl4ajm4sQ00yExZ4xBRKgL/0=
32,47,rVpL3XPOrXNIh6oFa8lm1aqUmag=,510DYWqi1drPWnVq5Fnz2CL2vXY=
42,40,4QX992/BxPTrkEAwplEy53qET4U=,U9gTl4ajm4sQ00yExZ4xBRKgL/0=
32,44,rVpL3XPOrXNIh6oFa8lm1aqUmag=,510DYWqi1drPWnVq5Fnz2CL2vXY=
32,46,rVpL3XPOrXNIh6oFa8lm1aqUmag=,510DYWqi1drPWnVq5Fnz2CL2vXY=
32,40,rVpL3XPOrXNIh6oFa8lm1aqUmag=,510DYWqi1drPWnVq5Fnz2CL2vXY=
32,45,rVpL3XPOrXNIh6oFa8lm1aqUmag=,510DYWqi1drPWnVq5Fnz2CL2vXY=
47,47,PYr0IJWSC9ZZrAKzIAXHAJMYjXg=,U9gTl4ajm4sQ00yExZ4xBRKgL/0=
39,47,PYr0IJWSC9ZZrAKzIAXHAJMYjXg=,510DYWqi1drPWnVq5Fnz2CL2vXY=
46,47,PYr0IJWSC9ZZrAKzIAXHAJMYjXg=,U9gTl4ajm4sQ00yExZ4xBRKgL/0=
32,43,rVpL3XPOrXNIh6oFa8lm1aqUmag=,510DYWqi1drPWnVq5Fnz2CL2vXY=
45,47,PYr0IJWSC9ZZrAKzIAXHAJMYjXg=,U9gTl4ajm4sQ00yExZ4xBRKgL/0=
44,47,PYr0IJWSC9ZZrAKzIAXHAJMYjXg=,U9gTl4ajm4sQ00yExZ4xBRKgL/0=
32,39,rVpL3XPOrXNIh6oFa8lm1aqUmag=,WCUCRZGNh4CcAfmg2dXHvdJDnE8=
32,41,rVpL3XPOrXNIh6oFa8lm1aqUmag=,510DYWqi1drPWnVq5Fnz2CL2vXY=
40,47,PYr0IJWSC9ZZrAKzIAXHAJMYjXg=,U9gTl4ajm4sQ00yExZ4xBRKgL/0=
41,47,Oq0xGXg5Hr0IuU5jT1NQigRrTyo=,U9gTl4ajm4sQ00yExZ4xBRKgL/0=
42,47,Oq0xGXg5Hr0IuU5jT1NQigRrTyo=,U9gTl4ajm4sQ00yExZ4xBRKgL/0=
43,47,Oq0xGXg5Hr0IuU5jT1NQigRrTyo=,U9gTl4ajm4sQ00yExZ4xBRKgL/0=
32,42,JnRRlYniQ1HxoKdDKNDNNpZh72I=,510DYWqi1drPWnVq5Fnz2CL2vXY=
44,61,DA35Xyj26OEoJ3s3+Go6L5YrLD0=,e/zVerecvmMxFKaottFW7jv7PyM=
45,61,6tLyQGZf5twTbpyCCDHsDe3qBV0=,e/zVerecvmMxFKaottFW7jv7PyM=
46,61,6tLyQGZf5twTbpyCCDHsDe3qBV0=,e/zVerecvmMxFKaottFW7jv7PyM=
41,62,6tLyQGZf5twTbpyCCDHsDe3qBV0=,e/zVerecvmMxFKaottFW7jv7PyM=
42,62,6tLyQGZf5twTbpyCCDHsDe3qBV0=,e/zVerecvmMxFKaottFW7jv7PyM=
43,62,FaFGscSEutsyfMiK+zI29DoYnDc=,e/zVerecvmMxFKaottFW7jv7PyM=
44,62,6tLyQGZf5twTbpyCCDHsDe3qBV0=,e/zVerecvmMxFKaottFW7jv7PyM=
45,62,6tLyQGZf5twTbpyCCDHsDe3qBV0=,e/zVerecvmMxFKaottFW7jv7PyM=
42,61,6tLyQGZf5twTbpyCCDHsDe3qBV0=,e/zVerecvmMxFKaottFW7jv7PyM=
43,61,6tLyQGZf5twTbpyCCDHsDe3qBV0=,e/zVerecvmMxFKaottFW7jv7PyM=
41,61,6tLyQGZf5twTbpyCCDHsDe3qBV0=,e/zVerecvmMxFKaottFW7jv7PyM=
46,60,DA35Xyj26OEoJ3s3+Go6L5YrLD0=,e/zVerecvmMxFKaottFW7jv7PyM=
45,60,DA35Xyj26OEoJ3s3+Go6L5YrLD0=,e/zVerecvmMxFKaottFW7jv7PyM=
44,60,DA35Xyj26OEoJ3s3+Go6L5YrLD0=,e/zVerecvmMxFKaottFW7jv7PyM=
44,51,FaFGscSEutsyfMiK+zI29DoYnDc=,+gxH5jMQtHU4wo0FCX8r/RHHVkQ=
43,51,JCsSKI0Yu3TwWOCD4IP4MMC4vYw=,+gxH5jMQtHU4wo0FCX8r/RHHVkQ=
42,51,JCsSKI0Yu3TwWOCD4IP4MMC4vYw=,+gxH5jMQtHU4wo0FCX8r/RHHVkQ=
46,55,FaFGscSEutsyfMiK+zI29DoYnDc=,+gxH5jMQtHU4wo0FCX8r/RHHVkQ=
45,55,FaFGscSEutsyfMiK+zI29DoYnDc=,+gxH5jMQtHU4wo0FCX8r/RHHVkQ=
44,55,FaFGscSEutsyfMiK+zI29DoYnDc=,+gxH5jMQtHU4wo0FCX8r/RHHVkQ=
41,51,JCsSKI0Yu3TwWOCD4IP4MMC4vYw=,+gxH5jMQtHU4wo0FCX8r/RHHVkQ=
42,55,d8SX5vF40C9wQp3ABaiJJGFFERo=,+gxH5jMQtHU4wo0FCX8r/RHHVkQ=
46,50,FaFGscSEutsyfMiK+zI29DoYnDc=,+gxH5jMQtHU4wo0FCX8r/RHHVkQ=
43,55,d8SX5vF40C9wQp3ABaiJJGFFERo=,+gxH5jMQtHU4wo0FCX8r/RHHVkQ=
45,51,FaFGscSEutsyfMiK+zI29DoYnDc=,+gxH5jMQtHU4wo0FCX8r/RHHVkQ=
36,50,d8SX5vF40C9wQp3ABaiJJGFFERo=,pc19TVh2A76HD7ZDxEJJey9Mw3k=
41,55,d8SX5vF40C9wQp3ABaiJJGFFERo=,+gxH5jMQtHU4wo0FCX8r/RHHVkQ=
44,50,FaFGscSEutsyfMiK+zI29DoYnDc=,+gxH5jMQtHU4wo0FCX8r/RHHVkQ=
45,50,FaFGscSEutsyfMiK+zI29DoYnDc=,+gxH5jMQtHU4wo0FCX8r/RHHVkQ=
43,50,DA35Xyj26OEoJ3s3+Go6L5YrLD0=,+gxH5jMQtHU4wo0FCX8r/RHHVkQ=
43,60,6tLyQGZf5twTbpyCCDHsDe3qBV0=,e/zVerecvmMxFKaottFW7jv7PyM=
46,54,FaFGscSEutsyfMiK+zI29DoYnDc=,+gxH5jMQtHU4wo0FCX8r/RHHVkQ=
42,60,DA35Xyj26OEoJ3s3+Go6L5YrLD0=,e/zVerecvmMxFKaottFW7jv7PyM=
45,54,FaFGscSEutsyfMiK+zI29DoYnDc=,+gxH5jMQtHU4wo0FCX8r/RHHVkQ=
37,50,d8SX5vF40C9wQp3ABaiJJGFFERo=,pc19TVh2A76HD7ZDxEJJey9Mw3k=
46,51,FaFGscSEutsyfMiK+zI29DoYnDc=,+gxH5jMQtHU4wo0FCX8r/RHHVkQ=
44,54,FaFGscSEutsyfMiK+zI29DoYnDc=,+gxH5jMQtHU4wo0FCX8r/RHHVkQ=
41,60,6tLyQGZf5twTbpyCCDHsDe3qBV0=,e/zVerecvmMxFKaottFW7jv7PyM=
43,54,d8SX5vF40C9wQp3ABaiJJGFFERo=,+gxH5jMQtHU4wo0FCX8r/RHHVkQ=
42,54,d8SX5vF40C9wQp3ABaiJJGFFERo=,+gxH5jMQtHU4wo0FCX8r/RHHVkQ=
41,54,d8SX5vF40C9wQp3ABaiJJGFFERo=,+gxH5jMQtHU4wo0FCX8r/RHHVkQ=
41,50,DA35Xyj26OEoJ3s3+Go6L5YrLD0=,+gxH5jMQtHU4wo0FCX8r/RHHVkQ=
46,49,FaFGscSEutsyfMiK+zI29DoYnDc=,+gxH5jMQtHU4wo0FCX8r/RHHVkQ=
42,50,DA35Xyj26OEoJ3s3+Go6L5YrLD0=,+gxH5jMQtHU4wo0FCX8r/RHHVkQ=
45,49,FaFGscSEutsyfMiK+zI29DoYnDc=,+gxH5jMQtHU4wo0FCX8r/RHHVkQ=
38,50,d8SX5vF40C9wQp3ABaiJJGFFERo=,pc19TVh2A76HD7ZDxEJJey9Mw3k=
44,49,FaFGscSEutsyfMiK+zI29DoYnDc=,+gxH5jMQtHU4wo0FCX8r/RHHVkQ=
46,53,FaFGscSEutsyfMiK+zI29DoYnDc=,+gxH5jMQtHU4wo0FCX8r/RHHVkQ=
41,56,d8SX5vF40C9wQp3ABaiJJGFFERo=,e/zVerecvmMxFKaottFW7jv7PyM=
42,49,DA35Xyj26OEoJ3s3+Go6L5YrLD0=,+gxH5jMQtHU4wo0FCX8r/RHHVkQ=
44,53,FaFGscSEutsyfMiK+zI29DoYnDc=,+gxH5jMQtHU4wo0FCX8r/RHHVkQ=
43,53,d8SX5vF40C9wQp3ABaiJJGFFERo=,+gxH5jMQtHU4wo0FCX8r/RHHVkQ=
41,49,DA35Xyj26OEoJ3s3+Go6L5YrLD0=,+gxH5jMQtHU4wo0FCX8r/RHHVkQ=
46,59,6tLyQGZf5twTbpyCCDHsDe3qBV0=,e/zVerecvmMxFKaottFW7jv7PyM=
39,50,d8SX5vF40C9wQp3ABaiJJGFFERo=,pc19TVh2A76HD7ZDxEJJey9Mw3k=
42,53,d8SX5vF40C9wQp3ABaiJJGFFERo=,+gxH5jMQtHU4wo0FCX8r/RHHVkQ=
45,53,FaFGscSEutsyfMiK+zI29DoYnDc=,+gxH5jMQtHU4wo0FCX8r/RHHVkQ=
42,56,d8SX5vF40C9wQp3ABaiJJGFFERo=,e/zVerecvmMxFKaottFW7jv7PyM=
41,53,d8SX5vF40C9wQp3ABaiJJGFFERo=,+gxH5jMQtHU4wo0FCX8r/RHHVkQ=
37,54,JCsSKI0Yu3TwWOCD4IP4MMC4vYw=,pc19TVh2A76HD7ZDxEJJey9Mw3k=
46,52,FaFGscSEutsyfMiK+zI29DoYnDc=,+gxH5jMQtHU4wo0FCX8r/RHHVkQ=
45,59,6tLyQGZf5twTbpyCCDHsDe3qBV0=,e/zVerecvmMxFKaottFW7jv7PyM=
45,52,FaFGscSEutsyfMiK+zI29DoYnDc=,+gxH5jMQtHU4wo0FCX8r/RHHVkQ=
46,56,DA35Xyj26OEoJ3s3+Go6L5YrLD0=,e/zVerecvmMxFKaottFW7jv7PyM=
45,56,DA35Xyj26OEoJ3s3+Go6L5YrLD0=,e/zVerecvmMxFKaottFW7jv7PyM=
36,49,PYr0IJWSC9ZZrAKzIAXHAJMYjXg=,pc19TVh2A76HD7ZDxEJJey9Mw3k=
44,56,DA35Xyj26OEoJ3s3+Go6L5YrLD0=,e/zVerecvmMxFKaottFW7jv7PyM=
43,56,d8SX5vF40C9wQp3ABaiJJGFFERo=,e/zVerecvmMxFKaottFW7jv7PyM=
43,52,d8SX5vF40C9wQp3ABaiJJGFFERo=,+gxH5jMQtHU4wo0FCX8r/RHHVkQ=
44,52,FaFGscSEutsyfMiK+zI29DoYnDc=,+gxH5jMQtHU4wo0FCX8r/RHHVkQ=
42,52,d8SX5vF40C9wQp3ABaiJJGFFERo=,+gxH5jMQtHU4wo0FCX8r/RHHVkQ=
41,52,d8SX5vF40C9wQp3ABaiJJGFFERo=,+gxH5jMQtHU4wo0FCX8r/RHHVkQ=
33,53,JCsSKI0Yu3TwWOCD4IP4MMC4vYw=,pc19TVh2A76HD7ZDxEJJey9Mw3k=
43,49,DA35Xyj26OEoJ3s3+Go6L5YrLD0=,+gxH5jMQtHU4wo0FCX8r/RHHVkQ=
44,59,6tLyQGZf5twTbpyCCDHsDe3qBV0=,e/zVerecvmMxFKaottFW7jv7PyM=
42,59,d8SX5vF40C9wQp3ABaiJJGFFERo=,e/zVerecvmMxFKaottFW7jv7PyM=
43,59,d8SX5vF40C9wQp3ABaiJJGFFERo=,e/zVerecvmMxFKaottFW7jv7PyM=
34,53,d8SX5vF40C9wQp3ABaiJJGFFERo=,pc19TVh2A76HD7ZDxEJJey9Mw3k=
41,59,d8SX5vF40C9wQp3ABaiJJGFFERo=,e/zVerecvmMxFKaottFW7jv7PyM=
46,58,FaFGscSEutsyfMiK+zI29DoYnDc=,e/zVerecvmMxFKaottFW7jv7PyM=
45,58,FaFGscSEutsyfMiK+zI29DoYnDc=,e/zVerecvmMxFKaottFW7jv7PyM=
43,58,d8SX5vF40C9wQp3ABaiJJGFFERo=,e/zVerecvmMxFKaottFW7jv7PyM=
44,58,FaFGscSEutsyfMiK+zI29DoYnDc=,e/zVerecvmMxFKaottFW7jv7PyM=
42,58,d8SX5vF40C9wQp3ABaiJJGFFERo=,e/zVerecvmMxFKaottFW7jv7PyM=
41,58,d8SX5vF40C9wQp3ABaiJJGFFERo=,e/zVerecvmMxFKaottFW7jv7PyM=
46,57,DA35Xyj26OEoJ3s3+Go6L5YrLD0=,e/zVerecvmMxFKaottFW7jv7PyM=
45,57,6tLyQGZf5twTbpyCCDHsDe3qBV0=,e/zVerecvmMxFKaottFW7jv7PyM=
47,51,FaFGscSEutsyfMiK+zI29DoYnDc=,+gxH5jMQtHU4wo0FCX8r/RHHVkQ=
35,53,d8SX5vF40C9wQp3ABaiJJGFFERo=,pc19TVh2A76HD7ZDxEJJey9Mw3k=
36,55,PYr0IJWSC9ZZrAKzIAXHAJMYjXg=,pc19TVh2A76HD7ZDxEJJey9Mw3k=
44,57,6tLyQGZf5twTbpyCCDHsDe3qBV0=,e/zVerecvmMxFKaottFW7jv7PyM=
43,57,d8SX5vF40C9wQp3ABaiJJGFFERo=,e/zVerecvmMxFKaottFW7jv7PyM=
42,57,d8SX5vF40C9wQp3ABaiJJGFFERo=,e/zVerecvmMxFKaottFW7jv7PyM=
41,57,d8SX5vF40C9wQp3ABaiJJGFFERo=,e/zVerecvmMxFKaottFW7jv7PyM=
46,62,FaFGscSEutsyfMiK+zI29DoYnDc=,e/zVerecvmMxFKaottFW7jv7PyM=
35,55,PYr0IJWSC9ZZrAKzIAXHAJMYjXg=,pc19TVh2A76HD7ZDxEJJey9Mw3k=
40,61,FaFGscSEutsyfMiK+zI29DoYnDc=,e/zVerecvmMxFKaottFW7jv7PyM=
47,52,FaFGscSEutsyfMiK+zI29DoYnDc=,+gxH5jMQtHU4wo0FCX8r/RHHVkQ=
39,62,DA35Xyj26OEoJ3s3+Go6L5YrLD0=,CHzNZ9bf/LZAnF2gt1NmTRArOmU=
36,53,d8SX5vF40C9wQp3ABaiJJGFFERo=,pc19TVh2A76HD7ZDxEJJey9Mw3k=
37,55,PYr0IJWSC9ZZrAKzIAXHAJMYjXg=,pc19TVh2A76HD7ZDxEJJey9Mw3k=
47,53,FaFGscSEutsyfMiK+zI29DoYnDc=,+gxH5jMQtHU4wo0FCX8r/RHHVkQ=
38,53,JCsSKI0Yu3TwWOCD4IP4MMC4vYw=,pc19TVh2A76HD7ZDxEJJey9Mw3k=
40,55,PYr0IJWSC9ZZrAKzIAXHAJMYjXg=,+gxH5jMQtHU4wo0FCX8r/RHHVkQ=
38,55,d8SX5vF40C9wQp3ABaiJJGFFERo=,pc19TVh2A76HD7ZDxEJJey9Mw3k=
38,62,6tLyQGZf5twTbpyCCDHsDe3qBV0=,CHzNZ9bf/LZAnF2gt1NmTRArOmU=
37,62,FaFGscSEutsyfMiK+zI29DoYnDc=,CHzNZ9bf/LZAnF2gt1NmTRArOmU=
34,55,PYr0IJWSC9ZZrAKzIAXHAJMYjXg=,pc19TVh2A76HD7ZDxEJJey9Mw3k=
34,62,DA35Xyj26OEoJ3s3+Go6L5YrLD0=,CHzNZ9bf/LZAnF2gt1NmTRArOmU=
35,62,DA35Xyj26OEoJ3s3+Go6L5YrLD0=,CHzNZ9bf/LZAnF2gt1NmTRArOmU=
36,62,FaFGscSEutsyfMiK+zI29DoYnDc=,CHzNZ9bf/LZAnF2gt1NmTRArOmU=
40,60,6tLyQGZf5twTbpyCCDHsDe3qBV0=,e/zVerecvmMxFKaottFW7jv7PyM=
33,62,DA35Xyj26OEoJ3s3+Go6L5YrLD0=,CHzNZ9bf/LZAnF2gt1NmTRArOmU=
47,49,FaFGscSEutsyfMiK+zI29DoYnDc=,+gxH5jMQtHU4wo0FCX8r/RHHVkQ=
34,52,JCsSKI0Yu3TwWOCD4IP4MMC4vYw=,pc19TVh2A76HD7ZDxEJJey9Mw3k=
39,61,FaFGscSEutsyfMiK+zI29DoYnDc=,CHzNZ9bf/LZAnF2gt1NmTRArOmU=
39,55,PYr0IJWSC9ZZrAKzIAXHAJMYjXg=,pc19TVh2A76HD7ZDxEJJey9Mw3k=
47,50,FaFGscSEutsyfMiK+zI29DoYnDc=,+gxH5jMQtHU4wo0FCX8r/RHHVkQ=
37,61,FaFGscSEutsyfMiK+zI29DoYnDc=,CHzNZ9bf/LZAnF2gt1NmTRArOmU=
38,61,FaFGscSEutsyfMiK+zI29DoYnDc=,CHzNZ9bf/LZAnF2gt1NmTRArOmU=
36,61,FaFGscSEutsyfMiK+zI29DoYnDc=,CHzNZ9bf/LZAnF2gt1NmTRArOmU=
35,61,DA35Xyj26OEoJ3s3+Go6L5YrLD0=,CHzNZ9bf/LZAnF2gt1NmTRArOmU=
40,51,d8SX5vF40C9wQp3ABaiJJGFFERo=,+gxH5jMQtHU4wo0FCX8r/RHHVkQ=
33,61,DA35Xyj26OEoJ3s3+Go6L5YrLD0=,CHzNZ9bf/LZAnF2gt1NmTRArOmU=
47,54,FaFGscSEutsyfMiK+zI29DoYnDc=,+gxH5jMQtHU4wo0FCX8r/RHHVkQ=
38,54,JCsSKI0Yu3TwWOCD4IP4MMC4vYw=,pc19TVh2A76HD7ZDxEJJey9Mw3k=
33,56,d8SX5vF40C9wQp3ABaiJJGFFERo=,CHzNZ9bf/LZAnF2gt1NmTRArOmU=
38,60,6tLyQGZf5twTbpyCCDHsDe3qBV0=,CHzNZ9bf/LZAnF2gt1NmTRArOmU=
39,60,6tLyQGZf5twTbpyCCDHsDe3qBV0=,CHzNZ9bf/LZAnF2gt1NmTRArOmU=
36,60,6tLyQGZf5twTbpyCCDHsDe3qBV0=,CHzNZ9bf/LZAnF2gt1NmTRArOmU=
37,60,6tLyQGZf5twTbpyCCDHsDe3qBV0=,CHzNZ9bf/LZAnF2gt1NmTRArOmU=
40,59,d8SX5vF40C9wQp3ABaiJJGFFERo=,e/zVerecvmMxFKaottFW7jv7PyM=
35,60,DA35Xyj26OEoJ3s3+Go6L5YrLD0=,CHzNZ9bf/LZAnF2gt1NmTRArOmU=
34,61,DA35Xyj26OEoJ3s3+Go6L5YrLD0=,CHzNZ9bf/LZAnF2gt1NmTRArOmU=
34,56,JCsSKI0Yu3TwWOCD4IP4MMC4vYw=,CHzNZ9bf/LZAnF2gt1NmTRArOmU=
40,52,JCsSKI0Yu3TwWOCD4IP4MMC4vYw=,+gxH5jMQtHU4wo0FCX8r/RHHVkQ=
36,63,6tLyQGZf5twTbpyCCDHsDe3qBV0=,CHzNZ9bf/LZAnF2gt1NmTRArOmU=
33,60,DA35Xyj26OEoJ3s3+Go6L5YrLD0=,CHzNZ9bf/LZAnF2gt1NmTRArOmU=
33,55,JCsSKI0Yu3TwWOCD4IP4MMC4vYw=,pc19TVh2A76HD7ZDxEJJey9Mw3k=
34,60,DA35Xyj26OEoJ3s3+Go6L5YrLD0=,CHzNZ9bf/LZAnF2gt1NmTRArOmU=
39,59,d8SX5vF40C9wQp3ABaiJJGFFERo=,CHzNZ9bf/LZAnF2gt1NmTRArOmU=
38,59,d8SX5vF40C9wQp3ABaiJJGFFERo=,CHzNZ9bf/LZAnF2gt1NmTRArOmU=
37,59,d8SX5vF40C9wQp3ABaiJJGFFERo=,CHzNZ9bf/LZAnF2gt1NmTRArOmU=
34,63,6tLyQGZf5twTbpyCCDHsDe3qBV0=,CHzNZ9bf/LZAnF2gt1NmTRArOmU=
37,49,d8SX5vF40C9wQp3ABaiJJGFFERo=,pc19TVh2A76HD7ZDxEJJey9Mw3k=
35,63,6tLyQGZf5twTbpyCCDHsDe3qBV0=,CHzNZ9bf/LZAnF2gt1NmTRArOmU=
40,62,FaFGscSEutsyfMiK+zI29DoYnDc=,e/zVerecvmMxFKaottFW7jv7PyM=
37,63,6tLyQGZf5twTbpyCCDHsDe3qBV0=,CHzNZ9bf/LZAnF2gt1NmTRArOmU=
36,59,d8SX5vF40C9wQp3ABaiJJGFFERo=,CHzNZ9bf/LZAnF2gt1NmTRArOmU=
35,51,6tLyQGZf5twTbpyCCDHsDe3qBV0=,pc19TVh2A76HD7ZDxEJJey9Mw3k=
40,58,d8SX5vF40C9wQp3ABaiJJGFFERo=,e/zVerecvmMxFKaottFW7jv7PyM=
35,59,JCsSKI0Yu3TwWOCD4IP4MMC4vYw=,CHzNZ9bf/LZAnF2gt1NmTRArOmU=
33,59,DA35Xyj26OEoJ3s3+Go6L5YrLD0=,CHzNZ9bf/LZAnF2gt1NmTRArOmU=
34,51,6tLyQGZf5twTbpyCCDHsDe3qBV0=,pc19TVh2A76HD7ZDxEJJey9Mw3k=
35,52,JCsSKI0Yu3TwWOCD4IP4MMC4vYw=,pc19TVh2A76HD7ZDxEJJey9Mw3k=
34,59,DA35Xyj26OEoJ3s3+Go6L5YrLD0=,CHzNZ9bf/LZAnF2gt1NmTRArOmU=
35,56,JCsSKI0Yu3TwWOCD4IP4MMC4vYw=,CHzNZ9bf/LZAnF2gt1NmTRArOmU=
39,58,d8SX5vF40C9wQp3ABaiJJGFFERo=,CHzNZ9bf/LZAnF2gt1NmTRArOmU=
38,63,6tLyQGZf5twTbpyCCDHsDe3qBV0=,CHzNZ9bf/LZAnF2gt1NmTRArOmU=
33,63,6tLyQGZf5twTbpyCCDHsDe3qBV0=,CHzNZ9bf/LZAnF2gt1NmTRArOmU=
37,58,d8SX5vF40C9wQp3ABaiJJGFFERo=,CHzNZ9bf/LZAnF2gt1NmTRArOmU=
38,58,d8SX5vF40C9wQp3ABaiJJGFFERo=,CHzNZ9bf/LZAnF2gt1NmTRArOmU=
36,58,d8SX5vF40C9wQp3ABaiJJGFFERo=,CHzNZ9bf/LZAnF2gt1NmTRArOmU=
35,58,JCsSKI0Yu3TwWOCD4IP4MMC4vYw=,CHzNZ9bf/LZAnF2gt1NmTRArOmU=
39,53,d8SX5vF40C9wQp3ABaiJJGFFERo=,pc19TVh2A76HD7ZDxEJJey9Mw3k=
34,58,JCsSKI0Yu3TwWOCD4IP4MMC4vYw=,CHzNZ9bf/LZAnF2gt1NmTRArOmU=
40,56,JCsSKI0Yu3TwWOCD4IP4MMC4vYw=,e/zVerecvmMxFKaottFW7jv7PyM=
33,58,JCsSKI0Yu3TwWOCD4IP4MMC4vYw=,CHzNZ9bf/LZAnF2gt1NmTRArOmU=
39,54,JCsSKI0Yu3TwWOCD4IP4MMC4vYw=,pc19TVh2A76HD7ZDxEJJey9Mw3k=
36,56,JCsSKI0Yu3TwWOCD4IP4MMC4vYw=,CHzNZ9bf/LZAnF2gt1NmTRArOmU=
40,57,d8SX5vF40C9wQp3ABaiJJGFFERo=,e/zVerecvmMxFKaottFW7jv7PyM=
37,57,d8SX5vF40C9wQp3ABaiJJGFFERo=,CHzNZ9bf/LZAnF2gt1NmTRArOmU=
38,57,d8SX5vF40C9wQp3ABaiJJGFFERo=,CHzNZ9bf/LZAnF2gt1NmTRArOmU=
39,57,d8SX5vF40C9wQp3ABaiJJGFFERo=,CHzNZ9bf/LZAnF2gt1NmTRArOmU=
35,57,JCsSKI0Yu3TwWOCD4IP4MMC4vYw=,CHzNZ9bf/LZAnF2gt1NmTRArOmU=
36,57,d8SX5vF40C9wQp3ABaiJJGFFERo=,CHzNZ9bf/LZAnF2gt1NmTRArOmU=
34,57,JCsSKI0Yu3TwWOCD4IP4MMC4vYw=,CHzNZ9bf/LZAnF2gt1NmTRArOmU=
33,57,JCsSKI0Yu3TwWOCD4IP4MMC4vYw=,CHzNZ9bf/LZAnF2gt1NmTRArOmU=
37,56,PYr0IJWSC9ZZrAKzIAXHAJMYjXg=,CHzNZ9bf/LZAnF2gt1NmTRArOmU=
36,51,d8SX5vF40C9wQp3ABaiJJGFFERo=,pc19TVh2A76HD7ZDxEJJey9Mw3k=
39,56,PYr0IJWSC9ZZrAKzIAXHAJMYjXg=,CHzNZ9bf/LZAnF2gt1NmTRArOmU=
38,56,PYr0IJWSC9ZZrAKzIAXHAJMYjXg=,CHzNZ9bf/LZAnF2gt1NmTRArOmU=
47,61,6tLyQGZf5twTbpyCCDHsDe3qBV0=,e/zVerecvmMxFKaottFW7jv7PyM=
34,50,DA35Xyj26OEoJ3s3+Go6L5YrLD0=,pc19TVh2A76HD7ZDxEJJey9Mw3k=
35,49,DA35Xyj26OEoJ3s3+Go6L5YrLD0=,pc19TVh2A76HD7ZDxEJJey9Mw3k=
33,51,6tLyQGZf5twTbpyCCDHsDe3qBV0=,pc19TVh2A76HD7ZDxEJJey9Mw3k=
36,54,JCsSKI0Yu3TwWOCD4IP4MMC4vYw=,pc19TVh2A76HD7ZDxEJJey9Mw3k=
35,50,DA35Xyj26OEoJ3s3+Go6L5YrLD0=,pc19TVh2A76HD7ZDxEJJey9Mw3k=
33,49,DA35Xyj26OEoJ3s3+Go6L5YrLD0=,pc19TVh2A76HD7ZDxEJJey9Mw3k=
47,55,FaFGscSEutsyfMiK+zI29DoYnDc=,+gxH5jMQtHU4wo0FCX8r/RHHVkQ=
37,53,JCsSKI0Yu3TwWOCD4IP4MMC4vYw=,pc19TVh2A76HD7ZDxEJJey9Mw3k=
33,50,6tLyQGZf5twTbpyCCDHsDe3qBV0=,pc19TVh2A76HD7ZDxEJJey9Mw3k=
47,60,6tLyQGZf5twTbpyCCDHsDe3qBV0=,e/zVerecvmMxFKaottFW7jv7PyM=
46,63,JCsSKI0Yu3TwWOCD4IP4MMC4vYw=,e/zVerecvmMxFKaottFW7jv7PyM=
37,51,d8SX5vF40C9wQp3ABaiJJGFFERo=,pc19TVh2A76HD7ZDxEJJey9Mw3k=
45,63,DA35Xyj26OEoJ3s3+Go6L5YrLD0=,e/zVerecvmMxFKaottFW7jv7PyM=
44,63,DA35Xyj26OEoJ3s3+Go6L5YrLD0=,e/zVerecvmMxFKaottFW7jv7PyM=
41,63,DA35Xyj26OEoJ3s3+Go6L5YrLD0=,e/zVerecvmMxFKaottFW7jv7PyM=
42,63,DA35Xyj26OEoJ3s3+Go6L5YrLD0=,e/zVerecvmMxFKaottFW7jv7PyM=
43,63,JCsSKI0Yu3TwWOCD4IP4MMC4vYw=,e/zVerecvmMxFKaottFW7jv7PyM=
47,63,JCsSKI0Yu3TwWOCD4IP4MMC4vYw=,e/zVerecvmMxFKaottFW7jv7PyM=
40,63,6tLyQGZf5twTbpyCCDHsDe3qBV0=,e/zVerecvmMxFKaottFW7jv7PyM=
40,54,JCsSKI0Yu3TwWOCD4IP4MMC4vYw=,+gxH5jMQtHU4wo0FCX8r/RHHVkQ=
47,62,DA35Xyj26OEoJ3s3+Go6L5YrLD0=,e/zVerecvmMxFKaottFW7jv7PyM=
38,52,JCsSKI0Yu3TwWOCD4IP4MMC4vYw=,pc19TVh2A76HD7ZDxEJJey9Mw3k=
38,51,d8SX5vF40C9wQp3ABaiJJGFFERo=,pc19TVh2A76HD7ZDxEJJey9Mw3k=
35,54,JCsSKI0Yu3TwWOCD4IP4MMC4vYw=,pc19TVh2A76HD7ZDxEJJey9Mw3k=
37,52,d8SX5vF40C9wQp3ABaiJJGFFERo=,pc19TVh2A76HD7ZDxEJJey9Mw3k=
34,49,DA35Xyj26OEoJ3s3+Go6L5YrLD0=,pc19TVh2A76HD7ZDxEJJey9Mw3k=
47,59,JCsSKI0Yu3TwWOCD4IP4MMC4vYw=,e/zVerecvmMxFKaottFW7jv7PyM=
36,52,JCsSKI0Yu3TwWOCD4IP4MMC4vYw=,pc19TVh2A76HD7ZDxEJJey9Mw3k=
40,49,JCsSKI0Yu3TwWOCD4IP4MMC4vYw=,+gxH5jMQtHU4wo0FCX8r/RHHVkQ=
39,49,d8SX5vF40C9wQp3ABaiJJGFFERo=,pc19TVh2A76HD7ZDxEJJey9Mw3k=
40,53,JCsSKI0Yu3TwWOCD4IP4MMC4vYw=,+gxH5jMQtHU4wo0FCX8r/RHHVkQ=
38,49,d8SX5vF40C9wQp3ABaiJJGFFERo=,pc19TVh2A76HD7ZDxEJJey9Mw3k=
47,56,FaFGscSEutsyfMiK+zI29DoYnDc=,e/zVerecvmMxFKaottFW7jv7PyM=
39,51,JCsSKI0Yu3TwWOCD4IP4MMC4vYw=,pc19TVh2A76HD7ZDxEJJey9Mw3k=
33,54,JCsSKI0Yu3TwWOCD4IP4MMC4vYw=,pc19TVh2A76HD7ZDxEJJey9Mw3k=
33,52,JCsSKI0Yu3TwWOCD4IP4MMC4vYw=,pc19TVh2A76HD7ZDxEJJey9Mw3k=
47,57,JCsSKI0Yu3TwWOCD4IP4MMC4vYw=,e/zVerecvmMxFKaottFW7jv7PyM=
34,54,JCsSKI0Yu3TwWOCD4IP4MMC4vYw=,pc19TVh2A76HD7ZDxEJJey9Mw3k=
32,57,d8SX5vF40C9wQp3ABaiJJGFFERo=,CHzNZ9bf/LZAnF2gt1NmTRArOmU=
47,58,DA35Xyj26OEoJ3s3+Go6L5YrLD0=,e/zVerecvmMxFKaottFW7jv7PyM=
32,63,DA35Xyj26OEoJ3s3+Go6L5YrLD0=,CHzNZ9bf/LZAnF2gt1NmTRArOmU=
32,62,JCsSKI0Yu3TwWOCD4IP4MMC4vYw=,CHzNZ9bf/LZAnF2gt1NmTRArOmU=
32,60,DA35Xyj26OEoJ3s3+Go6L5YrLD0=,CHzNZ9bf/LZAnF2gt1NmTRArOmU=
32,61,DA35Xyj26OEoJ3s3+Go6L5YrLD0=,CHzNZ9bf/LZAnF2gt1NmTRArOmU=
32,59,d8SX5vF40C9wQp3ABaiJJGFFERo=,CHzNZ9bf/LZAnF2gt1NmTRArOmU=
32,58,d8SX5vF40C9wQp3ABaiJJGFFERo=,CHzNZ9bf/LZAnF2gt1NmTRArOmU=
41,48,DA35Xyj26OEoJ3s3+Go6L5YrLD0=,+gxH5jMQtHU4wo0FCX8r/RHHVkQ=
34,48,6tLyQGZf5twTbpyCCDHsDe3qBV0=,pc19TVh2A76HD7ZDxEJJey9Mw3k=
46,48,FaFGscSEutsyfMiK+zI29DoYnDc=,+gxH5jMQtHU4wo0FCX8r/RHHVkQ=
33,48,DA35Xyj26OEoJ3s3+Go6L5YrLD0=,pc19TVh2A76HD7ZDxEJJey9Mw3k=
45,48,FaFGscSEutsyfMiK+zI29DoYnDc=,+gxH5jMQtHU4wo0FCX8r/RHHVkQ=
44,48,FaFGscSEutsyfMiK+zI29DoYnDc=,+gxH5jMQtHU4wo0FCX8r/RHHVkQ=
42,48,JCsSKI0Yu3TwWOCD4IP4MMC4vYw=,+gxH5jMQtHU4wo0FCX8r/RHHVkQ=
43,48,JCsSKI0Yu3TwWOCD4IP4MMC4vYw=,+gxH5jMQtHU4wo0FCX8r/RHHVkQ=
38,48,PYr0IJWSC9ZZrAKzIAXHAJMYjXg=,pc19TVh2A76HD7ZDxEJJey9Mw3k=
39,48,DA35Xyj26OEoJ3s3+Go6L5YrLD0=,pc19TVh2A76HD7ZDxEJJey9Mw3k=
37,48,JCsSKI0Yu3TwWOCD4IP4MMC4vYw=,pc19TVh2A76HD7ZDxEJJey9Mw3k=
40,48,DA35Xyj26OEoJ3s3+Go6L5YrLD0=,+gxH5jMQtHU4wo0FCX8r/RHHVkQ=
36,48,d8SX5vF40C9wQp3ABaiJJGFFERo=,pc19TVh2A76HD7ZDxEJJey9Mw3k=
35,48,6tLyQGZf5twTbpyCCDHsDe3qBV0=,pc19TVh2A76HD7ZDxEJJey9Mw3k=
47,48,FaFGscSEutsyfMiK+zI29DoYnDc=,+gxH5jMQtHU4wo0FCX8r/RHHVkQ=
39,63,6tLyQGZf5twTbpyCCDHsDe3qBV0=,CHzNZ9bf/LZAnF2gt1NmTRArOmU=
39,52,d8SX5vF40C9wQp3ABaiJJGFFERo=,pc19TVh2A76HD7ZDxEJJey9Mw3k=
40,50,d8SX5vF40C9wQp3ABaiJJGFFERo=,+gxH5jMQtHU4wo0FCX8r/RHHVkQ=
32,56,PYr0IJWSC9ZZrAKzIAXHAJMYjXg=,CHzNZ9bf/LZAnF2gt1NmTRArOmU=
32,55,d8SX5vF40C9wQp3ABaiJJGFFERo=,pc19TVh2A76HD7ZDxEJJey9Mw3k=
32,49,DA35Xyj26OEoJ3s3+Go6L5YrLD0=,pc19TVh2A76HD7ZDxEJJey9Mw3k=
32,48,DA35Xyj26OEoJ3s3+Go6L5YrLD0=,pc19TVh2A76HD7ZDxEJJey9Mw3k=
32,50,DA35Xyj26OEoJ3s3+Go6L5YrLD0=,pc19TVh2A76HD7ZDxEJJey9Mw3k=
32,52,d8SX5vF40C9wQp3ABaiJJGFFERo=,pc19TVh2A76HD7ZDxEJJey9Mw3k=
32,51,DA35Xyj26OEoJ3s3+Go6L5YrLD0=,pc19TVh2A76HD7ZDxEJJey9Mw3k=
32,53,d8SX5vF40C9wQp3ABaiJJGFFERo=,pc19TVh2A76HD7ZDxEJJey9Mw3k=
32,54,d8SX5vF40C9wQp3ABaiJJGFFERo=,pc19TVh2A76HD7ZDxEJJey9Mw3k=
60,51,KAz581OQojT22dhpkvkP4HfSf3s=,hQRh1CIQiRIA4xyd7LNeWaOEVBw=
61,51,KAz581OQojT22dhpkvkP4HfSf3s=,hQRh1CIQiRIA4xyd7LNeWaOEVBw=
62,51,KAz581OQojT22dhpkvkP4HfSf3s=,hQRh1CIQiRIA4xyd7LNeWaOEVBw=
57,52,It43pNfEkpIYR8qJX/we5ykIQaQ=,hQRh1CIQiRIA4xyd7LNeWaOEVBw=
58,52,It43pNfEkpIYR8qJX/we5ykIQaQ=,hQRh1CIQiRIA4xyd7LNeWaOEVBw=
59,52,It43pNfEkpIYR8qJX/we5ykIQaQ=,hQRh1CIQiRIA4xyd7LNeWaOEVBw=
60,52,jMaWfB3o60+eLueOslQZPA+zp/Y=,hQRh1CIQiRIA4xyd7LNeWaOEVBw=
61,52,jMaWfB3o60+eLueOslQZPA+zp/Y=,hQRh1CIQiRIA4xyd7LNeWaOEVBw=
62,52,jMaWfB3o60+eLueOslQZPA+zp/Y=,hQRh1CIQiRIA4xyd7LNeWaOEVBw=
57,53,KAz581OQojT22dhpkvkP4HfSf3s=,hQRh1CIQiRIA4xyd7LNeWaOEVBw=
52,49,9XF3Nqwuwpg5NeC2pU2Wu4DJ0EY=,lNZ79a6fSndEnYxFyAfIoj0Bbkk=
58,53,KAz581OQojT22dhpkvkP4HfSf3s=,hQRh1CIQiRIA4xyd7LNeWaOEVBw=
59,53,KAz581OQojT22dhpkvkP4HfSf3s=,hQRh1CIQiRIA4xyd7LNeWaOEVBw=
50,51,KAz581OQojT22dhpkvkP4HfSf3s=,lNZ79a6fSndEnYxFyAfIoj0Bbkk=
60,53,9XF3Nqwuwpg5NeC2pU2Wu4DJ0EY=,hQRh1CIQiRIA4xyd7LNeWaOEVBw=
51,51,9XF3Nqwuwpg5NeC2pU2Wu4DJ0EY=,lNZ79a6fSndEnYxFyAfIoj0Bbkk=
61,53,9XF3Nqwuwpg5NeC2pU2Wu4DJ0EY=,hQRh1CIQiRIA4xyd7LNeWaOEVBw=
62,53,9XF3Nqwuwpg5NeC2pU2Wu4DJ0EY=,hQRh1CIQiRIA4xyd7LNeWaOEVBw=
57,54,KAz581OQojT22dhpkvkP4HfSf3s=,hQRh1CIQiRIA4xyd7LNeWaOEVBw=
58,54,KAz581OQojT22dhpkvkP4HfSf3s=,hQRh1CIQiRIA4xyd7LNeWaOEVBw=
59,54,KAz581OQojT22dhpkvkP4HfSf3s=,hQRh1CIQiRIA4xyd7LNeWaOEVBw=
57,49,9XF3Nqwuwpg5NeC2pU2Wu4DJ0EY=,hQRh1CIQiRIA4xyd7LNeWaOEVBw=
60,54,9XF3Nqwuwpg5NeC2pU2Wu4DJ0EY=,hQRh1CIQiRIA4xyd7LNeWaOEVBw=
51,49,KAz581OQojT22dhpkvkP4HfSf3s=,lNZ79a6fSndEnYxFyAfIoj0Bbkk=
58,49,9XF3Nqwuwpg5NeC2pU2Wu4DJ0EY=,hQRh1CIQiRIA4xyd7LNeWaOEVBw=
49,53,poJCK/mbyhEBE28BtNJcIaP9m+s=,lNZ79a6fSndEnYxFyAfIoj0Bbkk=
56,51,KAz581OQojT22dhpkvkP4HfSf3s=,hQRh1CIQiRIA4xyd7LNeWaOEVBw=
51,50,KAz581OQojT22dhpkvkP4HfSf3s=,lNZ79a6fSndEnYxFyAfIoj0Bbkk=
50,49,9XF3Nqwuwpg5NeC2pU2Wu4DJ0EY=,lNZ79a6fSndEnYxFyAfIoj0Bbkk=
49,51,KAz581OQojT22dhpkvkP4HfSf3s=,lNZ79a6fSndEnYxFyAfIoj0Bbkk=
50,50,KAz581OQojT22dhpkvkP4HfSf3s=,lNZ79a6fSndEnYxFyAfIoj0Bbkk=
49,49,9XF3Nqwuwpg5NeC2pU2Wu4DJ0EY=,lNZ79a6fSndEnYxFyAfIoj0Bbkk=
52,55,poJCK/mbyhEBE28BtNJcIaP9m+s=,lNZ79a6fSndEnYxFyAfIoj0Bbkk=
51,55,KAz581OQojT22dhpkvkP4HfSf3s=,lNZ79a6fSndEnYxFyAfIoj0Bbkk=
59,49,9XF3Nqwuwpg5NeC2pU2Wu4DJ0EY=,hQRh1CIQiRIA4xyd7LNeWaOEVBw=
53,54,poJCK/mbyhEBE28BtNJcIaP9m+s=,lNZ79a6fSndEnYxFyAfIoj0Bbkk=
50,55,poJCK/mbyhEBE28BtNJcIaP9m+s=,lNZ79a6fSndEnYxFyAfIoj0Bbkk=
56,50,KAz581OQojT22dhpkvkP4HfSf3s=,hQRh1CIQiRIA4xyd7LNeWaOEVBw=
54,62,It43pNfEkpIYR8qJX/we5ykIQaQ=,InrdxFp5hnYb/h+7JB3ualCEvIE=
52,62,KAz581OQojT22dhpkvkP4HfSf3s=,InrdxFp5hnYb/h+7JB3ualCEvIE=
53,62,It43pNfEkpIYR8qJX/we5ykIQaQ=,InrdxFp5hnYb/h+7JB3ualCEvIE=
55,50,9XF3Nqwuwpg5NeC2pU2Wu4DJ0EY=,lNZ79a6fSndEnYxFyAfIoj0Bbkk=
51,62,KAz581OQojT22dhpkvkP4HfSf3s=,InrdxFp5hnYb/h+7JB3ualCEvIE=
53,55,poJCK/mbyhEBE28BtNJcIaP9m+s=,lNZ79a6fSndEnYxFyAfIoj0Bbkk=
60,49,9XF3Nqwuwpg5NeC2pU2Wu4DJ0EY=,hQRh1CIQiRIA4xyd7LNeWaOEVBw=
50,62,9XF3Nqwuwpg5NeC2pU2Wu4DJ0EY=,InrdxFp5hnYb/h+7JB3ualCEvIE=
49,62,9XF3Nqwuwpg5NeC2pU2Wu4DJ0EY=,InrdxFp5hnYb/h+7JB3ualCEvIE=
54,61,KAz581OQojT22dhpkvkP4HfSf3s=,InrdxFp5hnYb/h+7JB3ualCEvIE=
55,54,poJCK/mbyhEBE28BtNJcIaP9m+s=,lNZ79a6fSndEnYxFyAfIoj0Bbkk=
52,61,It43pNfEkpIYR8qJX/we5ykIQaQ=,InrdxFp5hnYb/h+7JB3ualCEvIE=
53,61,KAz581OQojT22dhpkvkP4HfSf3s=,InrdxFp5hnYb/h+7JB3ualCEvIE=
51,61,It43pNfEkpIYR8qJX/we5ykIQaQ=,InrdxFp5hnYb/h+7JB3ualCEvIE=
50,61,It43pNfEkpIYR8qJX/we5ykIQaQ=,InrdxFp5hnYb/h+7JB3ualCEvIE=
61,49,9XF3Nqwuwpg5NeC2pU2Wu4DJ0EY=,hQRh1CIQiRIA4xyd7LNeWaOEVBw=
49,61,It43pNfEkpIYR8qJX/we5ykIQaQ=,InrdxFp5hnYb/h+7JB3ualCEvIE=
54,60,It43pNfEkpIYR8qJX/we5ykIQaQ=,InrdxFp5hnYb/h+7JB3ualCEvIE=
49,55,poJCK/mbyhEBE28BtNJcIaP9m+s=,lNZ79a6fSndEnYxFyAfIoj0Bbkk=
53,60,It43pNfEkpIYR8qJX/we5ykIQaQ=,InrdxFp5hnYb/h+7JB3ualCEvIE=
52,60,It43pNfEkpIYR8qJX/we5ykIQaQ=,InrdxFp5hnYb/h+7JB3ualCEvIE=
54,55,poJCK/mbyhEBE28BtNJcIaP9m+s=,lNZ79a6fSndEnYxFyAfIoj0Bbkk=
51,60,It43pNfEkpIYR8qJX/we5ykIQaQ=,InrdxFp5hnYb/h+7JB3ualCEvIE=
50,60,It43pNfEkpIYR8qJX/we5ykIQaQ=,InrdxFp5hnYb/h+7JB3ualCEvIE=
49,60,It43pNfEkpIYR8qJX/we5ykIQaQ=,InrdxFp5hnYb/h+7JB3ualCEvIE=
54,59,It43pNfEkpIYR8qJX/we5ykIQaQ=,InrdxFp5hnYb/h+7JB3ualCEvIE=
54,54,poJCK/mbyhEBE28BtNJcIaP9m+s=,lNZ79a6fSndEnYxFyAfIoj0Bbkk=
61,54,9XF3Nqwuwpg5NeC2pU2Wu4DJ0EY=,hQRh1CIQiRIA4xyd7LNeWaOEVBw=
53,59,It43pNfEkpIYR8qJX/we5ykIQaQ=,InrdxFp5hnYb/h+7JB3ualCEvIE=
52,59,It43pNfEkpIYR8qJX/we5ykIQaQ=,InrdxFp5hnYb/h+7JB3ualCEvIE=
51,59,It43pNfEkpIYR8qJX/we5ykIQaQ=,InrdxFp5hnYb/h+7JB3ualCEvIE=
50,59,It43pNfEkpIYR8qJX/we5ykIQaQ=,InrdxFp5hnYb/h+7JB3ualCEvIE=
49,56,It43pNfEkpIYR8qJX/we5ykIQaQ=,InrdxFp5hnYb/h+7JB3ualCEvIE=
49,59,It43pNfEkpIYR8qJX/we5ykIQaQ=,InrdxFp5hnYb/h+7JB3ualCEvIE=
53,58,KAz581OQojT22dhpkvkP4HfSf3s=,InrdxFp5hnYb/h+7JB3ualCEvIE=
54,58,It43pNfEkpIYR8qJX/we5ykIQaQ=,InrdxFp5hnYb/h+7JB3ualCEvIE=
62,49,9XF3Nqwuwpg5NeC2pU2Wu4DJ0EY=,hQRh1CIQiRIA4xyd7LNeWaOEVBw=
52,58,KAz581OQojT22dhpkvkP4HfSf3s=,InrdxFp5hnYb/h+7JB3ualCEvIE=
51,58,KAz581OQojT22dhpkvkP4HfSf3s=,InrdxFp5hnYb/h+7JB3ualCEvIE=
52,54,poJCK/mbyhEBE28BtNJcIaP9m+s=,lNZ79a6fSndEnYxFyAfIoj0Bbkk=
50,58,KAz581OQojT22dhpkvkP4HfSf3s=,InrdxFp5hnYb/h+7JB3ualCEvIE=
49,58,KAz581OQojT22dhpkvkP4HfSf3s=,InrdxFp5hnYb/h+7JB3ualCEvIE=
50,56,It43pNfEkpIYR8qJX/we5ykIQaQ=,InrdxFp5hnYb/h+7JB3ualCEvIE=
54,57,It43pNfEkpIYR8qJX/we5ykIQaQ=,InrdxFp5hnYb/h+7JB3ualCEvIE=
53,57,It43pNfEkpIYR8qJX/we5ykIQaQ=,InrdxFp5hnYb/h+7JB3ualCEvIE=
56,49,KAz581OQojT22dhpkvkP4HfSf3s=,hQRh1CIQiRIA4xyd7LNeWaOEVBw=
55,52,jMaWfB3o60+eLueOslQZPA+zp/Y=,lNZ79a6fSndEnYxFyAfIoj0Bbkk=
59,51,KAz581OQojT22dhpkvkP4HfSf3s=,hQRh1CIQiRIA4xyd7LNeWaOEVBw=
62,54,9XF3Nqwuwpg5NeC2pU2Wu4DJ0EY=,hQRh1CIQiRIA4xyd7LNeWaOEVBw=
49,50,9XF3Nqwuwpg5NeC2pU2Wu4DJ0EY=,lNZ79a6fSndEnYxFyAfIoj0Bbkk=
52,57,KAz581OQojT22dhpkvkP4HfSf3s=,InrdxFp5hnYb/h+7JB3ualCEvIE=
51,56,KAz581OQojT22dhpkvkP4HfSf3s=,InrdxFp5hnYb/h+7JB3ualCEvIE=
54,52,jMaWfB3o60+eLueOslQZPA+zp/Y=,lNZ79a6fSndEnYxFyAfIoj0Bbkk=
51,57,9XF3Nqwuwpg5NeC2pU2Wu4DJ0EY=,InrdxFp5hnYb/h+7JB3ualCEvIE=
50,57,It43pNfEkpIYR8qJX/we5ykIQaQ=,InrdxFp5hnYb/h+7JB3ualCEvIE=
49,57,It43pNfEkpIYR8qJX/we5ykIQaQ=,InrdxFp5hnYb/h+7JB3ualCEvIE=
57,50,9XF3Nqwuwpg5NeC2pU2Wu4DJ0EY=,hQRh1CIQiRIA4xyd7LNeWaOEVBw=
54,56,It43pNfEkpIYR8qJX/we5ykIQaQ=,InrdxFp5hnYb/h+7JB3ualCEvIE=
53,56,KAz581OQojT22dhpkvkP4HfSf3s=,InrdxFp5hnYb/h+7JB3ualCEvIE=
52,56,KAz581OQojT22dhpkvkP4HfSf3s=,InrdxFp5hnYb/h+7JB3ualCEvIE=
54,50,9XF3Nqwuwpg5NeC2pU2Wu4DJ0EY=,lNZ79a6fSndEnYxFyAfIoj0Bbkk=
56,54,poJCK/mbyhEBE28BtNJcIaP9m+s=,hQRh1CIQiRIA4xyd7LNeWaOEVBw=
51,54,poJCK/mbyhEBE28BtNJcIaP9m+s=,lNZ79a6fSndEnYxFyAfIoj0Bbkk=
50,54,poJCK/mbyhEBE28BtNJcIaP9m+s=,lNZ79a6fSndEnYxFyAfIoj0Bbkk=
58,50,KAz581OQojT22dhpkvkP4HfSf3s=,hQRh1CIQiRIA4xyd7LNeWaOEVBw=
53,50,KAz581OQojT22dhpkvkP4HfSf3s=,lNZ79a6fSndEnYxFyAfIoj0Bbkk=
53,52,9XF3Nqwuwpg5NeC2pU2Wu4DJ0EY=,lNZ79a6fSndEnYxFyAfIoj0Bbkk=
55,53,jMaWfB3o60+eLueOslQZPA+zp/Y=,lNZ79a6fSndEnYxFyAfIoj0Bbkk=
49,54,poJCK/mbyhEBE28BtNJcIaP9m+s=,lNZ79a6fSndEnYxFyAfIoj0Bbkk=
49,52,poJCK/mbyhEBE28BtNJcIaP9m+s=,lNZ79a6fSndEnYxFyAfIoj0Bbkk=
63,51,jMaWfB3o60+eLueOslQZPA+zp/Y=,hQRh1CIQiRIA4xyd7LNeWaOEVBw=
54,53,9XF3Nqwuwpg5NeC2pU2Wu4DJ0EY=,lNZ79a6fSndEnYxFyAfIoj0Bbkk=
63,50,It43pNfEkpIYR8qJX/we5ykIQaQ=,hQRh1CIQiRIA4xyd7LNeWaOEVBw=
52,50,9XF3Nqwuwpg5NeC2pU2Wu4DJ0EY=,lNZ79a6fSndEnYxFyAfIoj0Bbkk=
59,50,KAz581OQojT22dhpkvkP4HfSf3s=,hQRh1CIQiRIA4xyd7LNeWaOEVBw=
63,54,jMaWfB3o60+eLueOslQZPA+zp/Y=,hQRh1CIQiRIA4xyd7LNeWaOEVBw=
63,53,jMaWfB3o60+eLueOslQZPA+zp/Y=,hQRh1CIQiRIA4xyd7LNeWaOEVBw=
63,49,KAz581OQojT22dhpkvkP4HfSf3s=,hQRh1CIQiRIA4xyd7LNeWaOEVBw=
58,51,KAz581OQojT22dhpkvkP4HfSf3s=,hQRh1CIQiRIA4xyd7LNeWaOEVBw=
63,52,jMaWfB3o60+eLueOslQZPA+zp/Y=,hQRh1CIQiRIA4xyd7LNeWaOEVBw=
52,53,poJCK/mbyhEBE28BtNJcIaP9m+s=,lNZ79a6fSndEnYxFyAfIoj0Bbkk=
60,50,KAz581OQojT22dhpkvkP4HfSf3s=,hQRh1CIQiRIA4xyd7LNeWaOEVBw=
53,53,poJCK/mbyhEBE28BtNJcIaP9m+s=,lNZ79a6fSndEnYxFyAfIoj0Bbkk=
61,50,KAz581OQojT22dhpkvkP4HfSf3s=,hQRh1CIQiRIA4xyd7LNeWaOEVBw=
50,53,poJCK/mbyhEBE28BtNJcIaP9m+s=,lNZ79a6fSndEnYxFyAfIoj0Bbkk=
51,53,poJCK/mbyhEBE28BtNJcIaP9m+s=,lNZ79a6fSndEnYxFyAfIoj0Bbkk=
57,51,KAz581OQojT22dhpkvkP4HfSf3s=,hQRh1CIQiRIA4xyd7LNeWaOEVBw=
55,49,jMaWfB3o60+eLueOslQZPA+zp/Y=,lNZ79a6fSndEnYxFyAfIoj0Bbkk=
52,52,9XF3Nqwuwpg5NeC2pU2Wu4DJ0EY=,lNZ79a6fSndEnYxFyAfIoj0Bbkk=
56,53,poJCK/mbyhEBE28BtNJcIaP9m+s=,hQRh1CIQiRIA4xyd7LNeWaOEVBw=
51,52,poJCK/mbyhEBE28BtNJcIaP9m+s=,lNZ79a6fSndEnYxFyAfIoj0Bbkk=
55,51,9XF3Nqwuwpg5NeC2pU2Wu4DJ0EY=,lNZ79a6fSndEnYxFyAfIoj0Bbkk=
50,52,poJCK/mbyhEBE28BtNJcIaP9m+s=,lNZ79a6fSndEnYxFyAfIoj0Bbkk=
62,50,KAz581OQojT22dhpkvkP4HfSf3s=,hQRh1CIQiRIA4xyd7LNeWaOEVBw=
54,49,jMaWfB3o60+eLueOslQZPA+zp/Y=,lNZ79a6fSndEnYxFyAfIoj0Bbkk=
54,51,9XF3Nqwuwpg5NeC2pU2Wu4DJ0EY=,lNZ79a6fSndEnYxFyAfIoj0Bbkk=
53,49,jMaWfB3o60+eLueOslQZPA+zp/Y=,lNZ79a6fSndEnYxFyAfIoj0Bbkk=
56,52,jMaWfB3o60+eLueOslQZPA+zp/Y=,hQRh1CIQiRIA4xyd7LNeWaOEVBw=
60,61,jMaWfB3o60+eLueOslQZPA+zp/Y=,GYszxOaOZA6AVoOSqyF7EX8+8LQ=
52,63,It43pNfEkpIYR8qJX/we5ykIQaQ=,InrdxFp5hnYb/h+7JB3ualCEvIE=
51,63,It43pNfEkpIYR8qJX/we5ykIQaQ=,InrdxFp5hnYb/h+7JB3ualCEvIE=
52,51,9XF3Nqwuwpg5NeC2pU2Wu4DJ0EY=,lNZ79a6fSndEnYxFyAfIoj0Bbkk=
53,51,9XF3Nqwuwpg5NeC2pU2Wu4DJ0EY=,lNZ79a6fSndEnYxFyAfIoj0Bbkk=
53,63,It43pNfEkpIYR8qJX/we5ykIQaQ=,InrdxFp5hnYb/h+7JB3ualCEvIE=
61,61,poJCK/mbyhEBE28BtNJcIaP9m+s=,GYszxOaOZA6AVoOSqyF7EX8+8LQ=
50,63,It43pNfEkpIYR8qJX/we5ykIQaQ=,InrdxFp5hnYb/h+7JB3ualCEvIE=
49,63,It43pNfEkpIYR8qJX/we5ykIQaQ=,InrdxFp5hnYb/h+7JB3ualCEvIE=
54,63,It43pNfEkpIYR8qJX/we5ykIQaQ=,InrdxFp5hnYb/h+7JB3ualCEvIE=
63,55,jMaWfB3o60+eLueOslQZPA+zp/Y=,hQRh1CIQiRIA4xyd7LNeWaOEVBw=
59,61,jMaWfB3o60+eLueOslQZPA+zp/Y=,GYszxOaOZA6AVoOSqyF7EX8+8LQ=
58,61,jMaWfB3o60+eLueOslQZPA+zp/Y=,GYszxOaOZA6AVoOSqyF7EX8+8LQ=
62,55,jMaWfB3o60+eLueOslQZPA+zp/Y=,hQRh1CIQiRIA4xyd7LNeWaOEVBw=
62,61,poJCK/mbyhEBE28BtNJcIaP9m+s=,GYszxOaOZA6AVoOSqyF7EX8+8LQ=
57,61,jMaWfB3o60+eLueOslQZPA+zp/Y=,GYszxOaOZA6AVoOSqyF7EX8+8LQ=
55,55,poJCK/mbyhEBE28BtNJcIaP9m+s=,lNZ79a6fSndEnYxFyAfIoj0Bbkk=
48,57,It43pNfEkpIYR8qJX/we5ykIQaQ=,InrdxFp5hnYb/h+7JB3ualCEvIE=
61,55,jMaWfB3o60+eLueOslQZPA+zp/Y=,hQRh1CIQiRIA4xyd7LNeWaOEVBw=
59,55,9XF3Nqwuwpg5NeC2pU2Wu4DJ0EY=,hQRh1CIQiRIA4xyd7LNeWaOEVBw=
60,55,jMaWfB3o60+eLueOslQZPA+zp/Y=,hQRh1CIQiRIA4xyd7LNeWaOEVBw=
58,55,9XF3Nqwuwpg5NeC2pU2Wu4DJ0EY=,hQRh1CIQiRIA4xyd7LNeWaOEVBw=
57,55,9XF3Nqwuwpg5NeC2pU2Wu4DJ0EY=,hQRh1CIQiRIA4xyd7LNeWaOEVBw=
55,63,It43pNfEkpIYR8qJX/we5ykIQaQ=,InrdxFp5hnYb/h+7JB3ualCEvIE=
55,62,It43pNfEkpIYR8qJX/we5ykIQaQ=,InrdxFp5hnYb/h+7JB3ualCEvIE=
63,61,poJCK/mbyhEBE28BtNJcIaP9m+s=,GYszxOaOZA6AVoOSqyF7EX8+8LQ=
56,55,poJCK/mbyhEBE28BtNJcIaP9m+s=,hQRh1CIQiRIA4xyd7LNeWaOEVBw=
55,61,KAz581OQojT22dhpkvkP4HfSf3s=,InrdxFp5hnYb/h+7JB3ualCEvIE=
56,61,poJCK/mbyhEBE28BtNJcIaP9m+s=,GYszxOaOZA6AVoOSqyF7EX8+8LQ=
48,58,It43pNfEkpIYR8qJX/we5ykIQaQ=,InrdxFp5hnYb/h+7JB3ualCEvIE=
63,60,poJCK/mbyhEBE28BtNJcIaP9m+s=,GYszxOaOZA6AVoOSqyF7EX8+8LQ=
62,60,jMaWfB3o60+eLueOslQZPA+zp/Y=,GYszxOaOZA6AVoOSqyF7EX8+8LQ=
61,60,9XF3Nqwuwpg5NeC2pU2Wu4DJ0EY=,GYszxOaOZA6AVoOSqyF7EX8+8LQ=
60,60,9XF3Nqwuwpg5NeC2pU2Wu4DJ0EY=,GYszxOaOZA6AVoOSqyF7EX8+8LQ=
56,63,jMaWfB3o60+eLueOslQZPA+zp/Y=,GYszxOaOZA6AVoOSqyF7EX8+8LQ=
56,62,poJCK/mbyhEBE28BtNJcIaP9m+s=,GYszxOaOZA6AVoOSqyF7EX8+8LQ=
59,60,jMaWfB3o60+eLueOslQZPA+zp/Y=,GYszxOaOZA6AVoOSqyF7EX8+8LQ=
57,60,poJCK/mbyhEBE28BtNJcIaP9m+s=,GYszxOaOZA6AVoOSqyF7EX8+8LQ=
55,60,It43pNfEkpIYR8qJX/we5ykIQaQ=,InrdxFp5hnYb/h+7JB3ualCEvIE=
48,59,It43pNfEkpIYR8qJX/we5ykIQaQ=,InrdxFp5hnYb/h+7JB3ualCEvIE=
56,60,jMaWfB3o60+eLueOslQZPA+zp/Y=,GYszxOaOZA6AVoOSqyF7EX8+8LQ=
63,59,poJCK/mbyhEBE28BtNJcIaP9m+s=,GYszxOaOZA6AVoOSqyF7EX8+8LQ=
58,60,poJCK/mbyhEBE28BtNJcIaP9m+s=,GYszxOaOZA6AVoOSqyF7EX8+8LQ=
55,59,It43pNfEkpIYR8qJX/we5ykIQaQ=,InrdxFp5hnYb/h+7JB3ualCEvIE=
57,63,jMaWfB3o60+eLueOslQZPA+zp/Y=,GYszxOaOZA6AVoOSqyF7EX8+8LQ=
56,56,jMaWfB3o60+eLueOslQZPA+zp/Y=,GYszxOaOZA6AVoOSqyF7EX8+8LQ=
62,59,9XF3Nqwuwpg5NeC2pU2Wu4DJ0EY=,GYszxOaOZA6AVoOSqyF7EX8+8LQ=
48,60,It43pNfEkpIYR8qJX/we5ykIQaQ=,InrdxFp5hnYb/h+7JB3ualCEvIE=
60,59,9XF3Nqwuwpg5NeC2pU2Wu4DJ0EY=,GYszxOaOZA6AVoOSqyF7EX8+8LQ=
61,59,9XF3Nqwuwpg5NeC2pU2Wu4DJ0EY=,GYszxOaOZA6AVoOSqyF7EX8+8LQ=
59,59,jMaWfB3o60+eLueOslQZPA+zp/Y=,GYszxOaOZA6AVoOSqyF7EX8+8LQ=
58,59,poJCK/mbyhEBE28BtNJcIaP9m+s=,GYszxOaOZA6AVoOSqyF7EX8+8LQ=
58,63,jMaWfB3o60+eLueOslQZPA+zp/Y=,GYszxOaOZA6AVoOSqyF7EX8+8LQ=
48,62,It43pNfEkpIYR8qJX/we5ykIQaQ=,InrdxFp5hnYb/h+7JB3ualCEvIE=
57,62,jMaWfB3o60+eLueOslQZPA+zp/Y=,GYszxOaOZA6AVoOSqyF7EX8+8LQ=
56,59,jMaWfB3o60+eLueOslQZPA+zp/Y=,GYszxOaOZA6AVoOSqyF7EX8+8LQ=
62,63,poJCK/mbyhEBE28BtNJcIaP9m+s=,GYszxOaOZA6AVoOSqyF7EX8+8LQ=
63,58,poJCK/mbyhEBE28BtNJcIaP9m+s=,GYszxOaOZA6AVoOSqyF7EX8+8LQ=
48,56,It43pNfEkpIYR8qJX/we5ykIQaQ=,InrdxFp5hnYb/h+7JB3ualCEvIE=
59,63,jMaWfB3o60+eLueOslQZPA+zp/Y=,GYszxOaOZA6AVoOSqyF7EX8+8LQ=
61,63,poJCK/mbyhEBE28BtNJcIaP9m+s=,GYszxOaOZA6AVoOSqyF7EX8+8LQ=
48,61,It43pNfEkpIYR8qJX/we5ykIQaQ=,InrdxFp5hnYb/h+7JB3ualCEvIE=
57,56,jMaWfB3o60+eLueOslQZPA+zp/Y=,GYszxOaOZA6AVoOSqyF7EX8+8LQ=
48,49,jMaWfB3o60+eLueOslQZPA+zp/Y=,lNZ79a6fSndEnYxFyAfIoj0Bbkk=
62,58,jMaWfB3o60+eLueOslQZPA+zp/Y=,GYszxOaOZA6AVoOSqyF7EX8+8LQ=
48,63,9XF3Nqwuwpg5NeC2pU2Wu4DJ0EY=,InrdxFp5hnYb/h+7JB3ualCEvIE=
48,54,poJCK/mbyhEBE28BtNJcIaP9m+s=,lNZ79a6fSndEnYxFyAfIoj0Bbkk=
58,56,jMaWfB3o60+eLueOslQZPA+zp/Y=,GYszxOaOZA6AVoOSqyF7EX8+8LQ=
57,59,poJCK/mbyhEBE28BtNJcIaP9m+s=,GYszxOaOZA6AVoOSqyF7EX8+8LQ=
48,52,poJCK/mbyhEBE28BtNJcIaP9m+s=,lNZ79a6fSndEnYxFyAfIoj0Bbkk=
61,58,jMaWfB3o60+eLueOslQZPA+zp/Y=,GYszxOaOZA6AVoOSqyF7EX8+8LQ=
59,56,jMaWfB3o60+eLueOslQZPA+zp/Y=,GYszxOaOZA6AVoOSqyF7EX8+8LQ=
48,50,jMaWfB3o60+eLueOslQZPA+zp/Y=,lNZ79a6fSndEnYxFyAfIoj0Bbkk=
55,58,It43pNfEkpIYR8qJX/we5ykIQaQ=,InrdxFp5hnYb/h+7JB3ualCEvIE=
48,53,poJCK/mbyhEBE28BtNJcIaP9m+s=,lNZ79a6fSndEnYxFyAfIoj0Bbkk=
60,58,jMaWfB3o60+eLueOslQZPA+zp/Y=,GYszxOaOZA6AVoOSqyF7EX8+8LQ=
48,51,jMaWfB3o60+eLueOslQZPA+zp/Y=,lNZ79a6fSndEnYxFyAfIoj0Bbkk=
60,56,jMaWfB3o60+eLueOslQZPA+zp/Y=,GYszxOaOZA6AVoOSqyF7EX8+8LQ=
48,55,poJCK/mbyhEBE28BtNJcIaP9m+s=,lNZ79a6fSndEnYxFyAfIoj0Bbkk=
57,48,9XF3Nqwuwpg5NeC2pU2Wu4DJ0EY=,hQRh1CIQiRIA4xyd7LNeWaOEVBw=
52,48,poJCK/mbyhEBE28BtNJcIaP9m+s=,lNZ79a6fSndEnYxFyAfIoj0Bbkk=
63,48,It43pNfEkpIYR8qJX/we5ykIQaQ=,hQRh1CIQiRIA4xyd7LNeWaOEVBw=
59,58,jMaWfB3o60+eLueOslQZPA+zp/Y=,GYszxOaOZA6AVoOSqyF7EX8+8LQ=
58,58,jMaWfB3o60+eLueOslQZPA+zp/Y=,GYszxOaOZA6AVoOSqyF7EX8+8LQ=
57,58,jMaWfB3o60+eLueOslQZPA+zp/Y=,GYszxOaOZA6AVoOSqyF7EX8+8LQ=
55,48,poJCK/mbyhEBE28BtNJcIaP9m+s=,lNZ79a6fSndEnYxFyAfIoj0Bbkk=
61,56,jMaWfB3o60+eLueOslQZPA+zp/Y=,GYszxOaOZA6AVoOSqyF7EX8+8LQ=
56,58,jMaWfB3o60+eLueOslQZPA+zp/Y=,GYszxOaOZA6AVoOSqyF7EX8+8LQ=
63,63,9XF3Nqwuwpg5NeC2pU2Wu4DJ0EY=,GYszxOaOZA6AVoOSqyF7EX8+8LQ=
58,48,9XF3Nqwuwpg5NeC2pU2Wu4DJ0EY=,hQRh1CIQiRIA4xyd7LNeWaOEVBw=
53,48,poJCK/mbyhEBE28BtNJcIaP9m+s=,lNZ79a6fSndEnYxFyAfIoj0Bbkk=
63,57,poJCK/mbyhEBE28BtNJcIaP9m+s=,GYszxOaOZA6AVoOSqyF7EX8+8LQ=
62,48,KAz581OQojT22dhpkvkP4HfSf3s=,hQRh1CIQiRIA4xyd7LNeWaOEVBw=
62,57,jMaWfB3o60+eLueOslQZPA+zp/Y=,GYszxOaOZA6AVoOSqyF7EX8+8LQ=
48,48,9XF3Nqwuwpg5NeC2pU2Wu4DJ0EY=,lNZ79a6fSndEnYxFyAfIoj0Bbkk=
62,56,jMaWfB3o60+eLueOslQZPA+zp/Y=,GYszxOaOZA6AVoOSqyF7EX8+8LQ=
61,48,KAz581OQojT22dhpkvkP4HfSf3s=,hQRh1CIQiRIA4xyd7LNeWaOEVBw=
49,48,9XF3Nqwuwpg5NeC2pU2Wu4DJ0EY=,lNZ79a6fSndEnYxFyAfIoj0Bbkk=
61,57,jMaWfB3o60+eLueOslQZPA+zp/Y=,GYszxOaOZA6AVoOSqyF7EX8+8LQ=
59,48,KAz581OQojT22dhpkvkP4HfSf3s=,hQRh1CIQiRIA4xyd7LNeWaOEVBw=
54,48,poJCK/mbyhEBE28BtNJcIaP9m+s=,lNZ79a6fSndEnYxFyAfIoj0Bbkk=
60,57,9XF3Nqwuwpg5NeC2pU2Wu4DJ0EY=,GYszxOaOZA6AVoOSqyF7EX8+8LQ=
56,48,jMaWfB3o60+eLueOslQZPA+zp/Y=,hQRh1CIQiRIA4xyd7LNeWaOEVBw=
63,62,poJCK/mbyhEBE28BtNJcIaP9m+s=,GYszxOaOZA6AVoOSqyF7EX8+8LQ=
62,62,poJCK/mbyhEBE28BtNJcIaP9m+s=,GYszxOaOZA6AVoOSqyF7EX8+8LQ=
63,56,jMaWfB3o60+eLueOslQZPA+zp/Y=,GYszxOaOZA6AVoOSqyF7EX8+8LQ=
55,57,It43pNfEkpIYR8qJX/we5ykIQaQ=,InrdxFp5hnYb/h+7JB3ualCEvIE=
51,48,jMaWfB3o60+eLueOslQZPA+zp/Y=,lNZ79a6fSndEnYxFyAfIoj0Bbkk=
60,48,KAz581OQojT22dhpkvkP4HfSf3s=,hQRh1CIQiRIA4xyd7LNeWaOEVBw=
59,57,jMaWfB3o60+eLueOslQZPA+zp/Y=,GYszxOaOZA6AVoOSqyF7EX8+8LQ=
50,48,9XF3Nqwuwpg5NeC2pU2Wu4DJ0EY=,lNZ79a6fSndEnYxFyAfIoj0Bbkk=
61,62,poJCK/mbyhEBE28BtNJcIaP9m+s=,GYszxOaOZA6AVoOSqyF7EX8+8LQ=
60,62,poJCK/mbyhEBE28BtNJcIaP9m+s=,GYszxOaOZA6AVoOSqyF7EX8+8LQ=
55,56,It43pNfEkpIYR8qJX/we5ykIQaQ=,InrdxFp5hnYb/h+7JB3ualCEvIE=
58,57,jMaWfB3o60+eLueOslQZPA+zp/Y=,GYszxOaOZA6AVoOSqyF7EX8+8LQ=
56,57,jMaWfB3o60+eLueOslQZPA+zp/Y=,GYszxOaOZA6AVoOSqyF7EX8+8LQ=
59,62,jMaWfB3o60+eLueOslQZPA+zp/Y=,GYszxOaOZA6AVoOSqyF7EX8+8LQ=
60,63,poJCK/mbyhEBE28BtNJcIaP9m+s=,GYszxOaOZA6AVoOSqyF7EX8+8LQ=
57,57,jMaWfB3o60+eLueOslQZPA+zp/Y=,GYszxOaOZA6AVoOSqyF7EX8+8LQ=
58,62,jMaWfB3o60+eLueOslQZPA+zp/Y=,GYszxOaOZA6AVoOSqyF7EX8+8LQ=
49,41,M4fWW0Oum8L982pcceHvwVZLTj4=,44WCPtXwMmiQNk3P6opPyobvhq0=
50,41,M4fWW0Oum8L982pcceHvwVZLTj4=,44WCPtXwMmiQNk3P6opPyobvhq0=
51,41,tOFw/Ce8ToQDfmmaMknaQzg6KD4=,44WCPtXwMmiQNk3P6opPyobvhq0=
52,41,tOFw/Ce8ToQDfmmaMknaQzg6KD4=,44WCPtXwMmiQNk3P6opPyobvhq0=
53,41,tOFw/Ce8ToQDfmmaMknaQzg6KD4=,44WCPtXwMmiQNk3P6opPyobvhq0=
54,41,M4fWW0Oum8L982pcceHvwVZLTj4=,44WCPtXwMmiQNk3P6opPyobvhq0=
49,42,WCV0k9bmywDvw+9cOHQiqiieOLU=,44WCPtXwMmiQNk3P6opPyobvhq0=
50,42,M4fWW0Oum8L982pcceHvwVZLTj4=,44WCPtXwMmiQNk3P6opPyobvhq0=
51,42,M4fWW0Oum8L982pcceHvwVZLTj4=,44WCPtXwMmiQNk3P6opPyobvhq0=
52,42,M4fWW0Oum8L982pcceHvwVZLTj4=,44WCPtXwMmiQNk3P6opPyobvhq0=
53,42,M4fWW0Oum8L982pcceHvwVZLTj4=,44WCPtXwMmiQNk3P6opPyobvhq0=
54,42,M4fWW0Oum8L982pcceHvwVZLTj4=,44WCPtXwMmiQNk3P6opPyobvhq0=
49,43,M4fWW0Oum8L982pcceHvwVZLTj4=,44WCPtXwMmiQNk3P6opPyobvhq0=
50,43,M4fWW0Oum8L982pcceHvwVZLTj4=,44WCPtXwMmiQNk3P6opPyobvhq0=
51,43,M4fWW0Oum8L982pcceHvwVZLTj4=,44WCPtXwMmiQNk3P6opPyobvhq0=
52,43,M4fWW0Oum8L982pcceHvwVZLTj4=,44WCPtXwMmiQNk3P6opPyobvhq0=
53,43,M4fWW0Oum8L982pcceHvwVZLTj4=,44WCPtXwMmiQNk3P6opPyobvhq0=
60,35,bTSj4dmA1EInqtsZltw4XI6hFUM=,3VuMpD7vQTfqVEItH+qxk+ECUAw=
61,35,bTSj4dmA1EInqtsZltw4XI6hFUM=,3VuMpD7vQTfqVEItH+qxk+ECUAw=
62,35,bTSj4dmA1EInqtsZltw4XI6hFUM=,3VuMpD7vQTfqVEItH+qxk+ECUAw=
57,36,M4fWW0Oum8L982pcceHvwVZLTj4=,3VuMpD7vQTfqVEItH+qxk+ECUAw=
58,36,WCV0k9bmywDvw+9cOHQiqiieOLU=,3VuMpD7vQTfqVEItH+qxk+ECUAw=
59,36,WCV0k9bmywDvw+9cOHQiqiieOLU=,3VuMpD7vQTfqVEItH+qxk+ECUAw=
60,36,rMz5mpGnVfAJ2EoLoCkZp46EwCc=,3VuMpD7vQTfqVEItH+qxk+ECUAw=
61,36,rMz5mpGnVfAJ2EoLoCkZp46EwCc=,3VuMpD7vQTfqVEItH+qxk+ECUAw=
62,36,rMz5mpGnVfAJ2EoLoCkZp46EwCc=,3VuMpD7vQTfqVEItH+qxk+ECUAw=
57,37,GUARuh8GdmMukB+aDrC7gkAsIlM=,3VuMpD7vQTfqVEItH+qxk+ECUAw=
58,37,bTSj4dmA1EInqtsZltw4XI6hFUM=,3VuMpD7vQTfqVEItH+qxk+ECUAw=
57,33,GUARuh8GdmMukB+aDrC7gkAsIlM=,3VuMpD7vQTfqVEItH+qxk+ECUAw=
58,33,GUARuh8GdmMukB+aDrC7gkAsIlM=,3VuMpD7vQTfqVEItH+qxk+ECUAw=
59,33,GUARuh8GdmMukB+aDrC7gkAsIlM=,3VuMpD7vQTfqVEItH+qxk+ECUAw=
60,33,rMz5mpGnVfAJ2EoLoCkZp46EwCc=,3VuMpD7vQTfqVEItH+qxk+ECUAw=
59,37,bTSj4dmA1EInqtsZltw4XI6hFUM=,3VuMpD7vQTfqVEItH+qxk+ECUAw=
60,37,rMz5mpGnVfAJ2EoLoCkZp46EwCc=,3VuMpD7vQTfqVEItH+qxk+ECUAw=
61,33,rMz5mpGnVfAJ2EoLoCkZp46EwCc=,3VuMpD7vQTfqVEItH+qxk+ECUAw=
61,37,rMz5mpGnVfAJ2EoLoCkZp46EwCc=,3VuMpD7vQTfqVEItH+qxk+ECUAw=
62,37,bTSj4dmA1EInqtsZltw4XI6hFUM=,3VuMpD7vQTfqVEItH+qxk+ECUAw=
62,33,rMz5mpGnVfAJ2EoLoCkZp46EwCc=,3VuMpD7vQTfqVEItH+qxk+ECUAw=
59,35,GUARuh8GdmMukB+aDrC7gkAsIlM=,3VuMpD7vQTfqVEItH+qxk+ECUAw=
58,35,GUARuh8GdmMukB+aDrC7gkAsIlM=,3VuMpD7vQTfqVEItH+qxk+ECUAw=
57,35,GUARuh8GdmMukB+aDrC7gkAsIlM=,3VuMpD7vQTfqVEItH+qxk+ECUAw=
54,46,tOFw/Ce8ToQDfmmaMknaQzg6KD4=,44WCPtXwMmiQNk3P6opPyobvhq0=
62,34,rMz5mpGnVfAJ2EoLoCkZp46EwCc=,3VuMpD7vQTfqVEItH+qxk+ECUAw=
57,38,rMz5mpGnVfAJ2EoLoCkZp46EwCc=,3VuMpD7vQTfqVEItH+qxk+ECUAw=
61,34,rMz5mpGnVfAJ2EoLoCkZp46EwCc=,3VuMpD7vQTfqVEItH+qxk+ECUAw=
59,34,GUARuh8GdmMukB+aDrC7gkAsIlM=,3VuMpD7vQTfqVEItH+qxk+ECUAw=
60,34,rMz5mpGnVfAJ2EoLoCkZp46EwCc=,3VuMpD7vQTfqVEItH+qxk+ECUAw=
62,38,GUARuh8GdmMukB+aDrC7gkAsIlM=,3VuMpD7vQTfqVEItH+qxk+ECUAw=
53,46,tOFw/Ce8ToQDfmmaMknaQzg6KD4=,44WCPtXwMmiQNk3P6opPyobvhq0=
58,34,GUARuh8GdmMukB+aDrC7gkAsIlM=,3VuMpD7vQTfqVEItH+qxk+ECUAw=
57,34,GUARuh8GdmMukB+aDrC7gkAsIlM=,3VuMpD7vQTfqVEItH+qxk+ECUAw=
52,46,tOFw/Ce8ToQDfmmaMknaQzg6KD4=,44WCPtXwMmiQNk3P6opPyobvhq0=
58,38,kg/lD3wVhX+GHaOxmoYotiHfMmQ=,3VuMpD7vQTfqVEItH+qxk+ECUAw=
51,46,tOFw/Ce8ToQDfmmaMknaQzg6KD4=,44WCPtXwMmiQNk3P6opPyobvhq0=
60,38,WCV0k9bmywDvw+9cOHQiqiieOLU=,3VuMpD7vQTfqVEItH+qxk+ECUAw=
61,38,WCV0k9bmywDvw+9cOHQiqiieOLU=,3VuMpD7vQTfqVEItH+qxk+ECUAw=
59,38,kg/lD3wVhX+GHaOxmoYotiHfMmQ=,3VuMpD7vQTfqVEItH+qxk+ECUAw=
49,46,tOFw/Ce8ToQDfmmaMknaQzg6KD4=,44WCPtXwMmiQNk3P6opPyobvhq0=
54,45,tOFw/Ce8ToQDfmmaMknaQzg6KD4=,44WCPtXwMmiQNk3P6opPyobvhq0=
50,46,tOFw/Ce8ToQDfmmaMknaQzg6KD4=,44WCPtXwMmiQNk3P6opPyobvhq0=
53,45,M4fWW0Oum8L982pcceHvwVZLTj4=,44WCPtXwMmiQNk3P6opPyobvhq0=
52,45,M4fWW0Oum8L982pcceHvwVZLTj4=,44WCPtXwMmiQNk3P6opPyobvhq0=
54,44,M4fWW0Oum8L982pcceHvwVZLTj4=,44WCPtXwMmiQNk3P6opPyobvhq0=
49,45,WCV0k9bmywDvw+9cOHQiqiieOLU=,44WCPtXwMmiQNk3P6opPyobvhq0=
50,45,M4fWW0Oum8L982pcceHvwVZLTj4=,44WCPtXwMmiQNk3P6opPyobvhq0=
52,44,M4fWW0Oum8L982pcceHvwVZLTj4=,44WCPtXwMmiQNk3P6opPyobvhq0=
53,44,M4fWW0Oum8L982pcceHvwVZLTj4=,44WCPtXwMmiQNk3P6opPyobvhq0=
51,45,M4fWW0Oum8L982pcceHvwVZLTj4=,44WCPtXwMmiQNk3P6opPyobvhq0=
63,35,bTSj4dmA1EInqtsZltw4XI6hFUM=,3VuMpD7vQTfqVEItH+qxk+ECUAw=
49,44,M4fWW0Oum8L982pcceHvwVZLTj4=,44WCPtXwMmiQNk3P6opPyobvhq0=
50,44,M4fWW0Oum8L982pcceHvwVZLTj4=,44WCPtXwMmiQNk3P6opPyobvhq0=
54,43,M4fWW0Oum8L982pcceHvwVZLTj4=,44WCPtXwMmiQNk3P6opPyobvhq0=
51,44,M4fWW0Oum8L982pcceHvwVZLTj4=,44WCPtXwMmiQNk3P6opPyobvhq0=
63,34,bTSj4dmA1EInqtsZltw4XI6hFUM=,3VuMpD7vQTfqVEItH+qxk+ECUAw=
63,38,rMz5mpGnVfAJ2EoLoCkZp46EwCc=,3VuMpD7vQTfqVEItH+qxk+ECUAw=
63,36,bTSj4dmA1EInqtsZltw4XI6hFUM=,3VuMpD7vQTfqVEItH+qxk+ECUAw=
63,33,bTSj4dmA1EInqtsZltw4XI6hFUM=,3VuMpD7vQTfqVEItH+qxk+ECUAw=
63,37,rMz5mpGnVfAJ2EoLoCkZp46EwCc=,3VuMpD7vQTfqVEItH+qxk+ECUAw=
51,33,bTSj4dmA1EInqtsZltw4XI6hFUM=,t4+67RoOoB3P+4gNsM29UinUJe8=
60,45,WCV0k9bmywDvw+9cOHQiqiieOLU=,xB2P8z0F9mmV8vrr2iMr+NFk4ZA=
59,45,M4fWW0Oum8L982pcceHvwVZLTj4=,xB2P8z0F9mmV8vrr2iMr+NFk4ZA=
53,38,tOFw/Ce8ToQDfmmaMknaQzg6KD4=,t4+67RoOoB3P+4gNsM29UinUJe8=
48,35,kg/lD3wVhX+GHaOxmoYotiHfMmQ=,t4+67RoOoB3P+4gNsM29UinUJe8=
48,36,kg/lD3wVhX+GHaOxmoYotiHfMmQ=,t4+67RoOoB3P+4gNsM29UinUJe8=
61,45,WCV0k9bmywDvw+9cOHQiqiieOLU=,xB2P8z0F9mmV8vrr2iMr+NFk4ZA=
53,33,GUARuh8GdmMukB+aDrC7gkAsIlM=,t4+67RoOoB3P+4gNsM29UinUJe8=
48,38,kg/lD3wVhX+GHaOxmoYotiHfMmQ=,t4+67RoOoB3P+4gNsM29UinUJe8=
52,33,GUARuh8GdmMukB+aDrC7gkAsIlM=,t4+67RoOoB3P+4gNsM29UinUJe8=
52,39,WCV0k9bmywDvw+9cOHQiqiieOLU=,t4+67RoOoB3P+4gNsM29UinUJe8=
54,33,GUARuh8GdmMukB+aDrC7gkAsIlM=,t4+67RoOoB3P+4gNsM29UinUJe8=
63,39,kg/lD3wVhX+GHaOxmoYotiHfMmQ=,3VuMpD7vQTfqVEItH+qxk+ECUAw=
62,45,WCV0k9bmywDvw+9cOHQiqiieOLU=,xB2P8z0F9mmV8vrr2iMr+NFk4ZA=
57,40,WCV0k9bmywDvw+9cOHQiqiieOLU=,xB2P8z0F9mmV8vrr2iMr+NFk4ZA=
62,39,bTSj4dmA1EInqtsZltw4XI6hFUM=,3VuMpD7vQTfqVEItH+qxk+ECUAw=
48,34,rMz5mpGnVfAJ2EoLoCkZp46EwCc=,t4+67RoOoB3P+4gNsM29UinUJe8=
48,37,kg/lD3wVhX+GHaOxmoYotiHfMmQ=,t4+67RoOoB3P+4gNsM29UinUJe8=
53,39,WCV0k9bmywDvw+9cOHQiqiieOLU=,t4+67RoOoB3P+4gNsM29UinUJe8=
48,33,kg/lD3wVhX+GHaOxmoYotiHfMmQ=,t4+67RoOoB3P+4gNsM29UinUJe8=
58,40,WCV0k9bmywDvw+9cOHQiqiieOLU=,xB2P8z0F9mmV8vrr2iMr+NFk4ZA=
61,39,GUARuh8GdmMukB+aDrC7gkAsIlM=,3VuMpD7vQTfqVEItH+qxk+ECUAw=
59,40,M4fWW0Oum8L982pcceHvwVZLTj4=,xB2P8z0F9mmV8vrr2iMr+NFk4ZA=
54,39,kg/lD3wVhX+GHaOxmoYotiHfMmQ=,t4+67RoOoB3P+4gNsM29UinUJe8=
58,45,M4fWW0Oum8L982pcceHvwVZLTj4=,xB2P8z0F9mmV8vrr2iMr+NFk4ZA=
55,39,WCV0k9bmywDvw+9cOHQiqiieOLU=,t4+67RoOoB3P+4gNsM29UinUJe8=
60,40,bTSj4dmA1EInqtsZltw4XI6hFUM=,xB2P8z0F9mmV8vrr2iMr+NFk4ZA=
49,36,bTSj4dmA1EInqtsZltw4XI6hFUM=,t4+67RoOoB3P+4gNsM29UinUJe8=
55,36,bTSj4dmA1EInqtsZltw4XI6hFUM=,t4+67RoOoB3P+4gNsM29UinUJe8=
56,35,GUARuh8GdmMukB+aDrC7gkAsIlM=,3VuMpD7vQTfqVEItH+qxk+ECUAw=
57,45,WCV0k9bmywDvw+9cOHQiqiieOLU=,xB2P8z0F9mmV8vrr2iMr+NFk4ZA=
56,45,WCV0k9bmywDvw+9cOHQiqiieOLU=,xB2P8z0F9mmV8vrr2iMr+NFk4ZA=
54,38,tOFw/Ce8ToQDfmmaMknaQzg6KD4=,t4+67RoOoB3P+4gNsM29UinUJe8=
63,45,GUARuh8GdmMukB+aDrC7gkAsIlM=,xB2P8z0F9mmV8vrr2iMr+NFk4ZA=
53,36,tOFw/Ce8ToQDfmmaMknaQzg6KD4=,t4+67RoOoB3P+4gNsM29UinUJe8=
48,40,tOFw/Ce8ToQDfmmaMknaQzg6KD4=,44WCPtXwMmiQNk3P6opPyobvhq0=
54,36,tOFw/Ce8ToQDfmmaMknaQzg6KD4=,t4+67RoOoB3P+4gNsM29UinUJe8=
51,39,WCV0k9bmywDvw+9cOHQiqiieOLU=,t4+67RoOoB3P+4gNsM29UinUJe8=
56,40,M4fWW0Oum8L982pcceHvwVZLTj4=,xB2P8z0F9mmV8vrr2iMr+NFk4ZA=
56,46,M4fWW0Oum8L982pcceHvwVZLTj4=,xB2P8z0F9mmV8vrr2iMr+NFk4ZA=
49,34,rMz5mpGnVfAJ2EoLoCkZp46EwCc=,t4+67RoOoB3P+4gNsM29UinUJe8=
50,36,rMz5mpGnVfAJ2EoLoCkZp46EwCc=,t4+67RoOoB3P+4gNsM29UinUJe8=
48,41,tOFw/Ce8ToQDfmmaMknaQzg6KD4=,44WCPtXwMmiQNk3P6opPyobvhq0=
59,39,kg/lD3wVhX+GHaOxmoYotiHfMmQ=,3VuMpD7vQTfqVEItH+qxk+ECUAw=
56,39,kg/lD3wVhX+GHaOxmoYotiHfMmQ=,3VuMpD7vQTfqVEItH+qxk+ECUAw=
57,46,M4fWW0Oum8L982pcceHvwVZLTj4=,xB2P8z0F9mmV8vrr2iMr+NFk4ZA=
49,35,rMz5mpGnVfAJ2EoLoCkZp46EwCc=,t4+67RoOoB3P+4gNsM29UinUJe8=
60,39,GUARuh8GdmMukB+aDrC7gkAsIlM=,3VuMpD7vQTfqVEItH+qxk+ECUAw=
50,34,bTSj4dmA1EInqtsZltw4XI6hFUM=,t4+67RoOoB3P+4gNsM29UinUJe8=
50,33,bTSj4dmA1EInqtsZltw4XI6hFUM=,t4+67RoOoB3P+4gNsM29UinUJe8=
58,46,M4fWW0Oum8L982pcceHvwVZLTj4=,xB2P8z0F9mmV8vrr2iMr+NFk4ZA=
63,44,bTSj4dmA1EInqtsZltw4XI6hFUM=,xB2P8z0F9mmV8vrr2iMr+NFk4ZA=
58,39,kg/lD3wVhX+GHaOxmoYotiHfMmQ=,3VuMpD7vQTfqVEItH+qxk+ECUAw=
48,46,tOFw/Ce8ToQDfmmaMknaQzg6KD4=,44WCPtXwMmiQNk3P6opPyobvhq0=
48,42,M4fWW0Oum8L982pcceHvwVZLTj4=,44WCPtXwMmiQNk3P6opPyobvhq0=
54,37,tOFw/Ce8ToQDfmmaMknaQzg6KD4=,t4+67RoOoB3P+4gNsM29UinUJe8=
50,39,WCV0k9bmywDvw+9cOHQiqiieOLU=,t4+67RoOoB3P+4gNsM29UinUJe8=
59,46,M4fWW0Oum8L982pcceHvwVZLTj4=,xB2P8z0F9mmV8vrr2iMr+NFk4ZA=
62,44,WCV0k9bmywDvw+9cOHQiqiieOLU=,xB2P8z0F9mmV8vrr2iMr+NFk4ZA=
55,34,GUARuh8GdmMukB+aDrC7gkAsIlM=,t4+67RoOoB3P+4gNsM29UinUJe8=
48,45,tOFw/Ce8ToQDfmmaMknaQzg6KD4=,44WCPtXwMmiQNk3P6opPyobvhq0=
48,43,tOFw/Ce8ToQDfmmaMknaQzg6KD4=,44WCPtXwMmiQNk3P6opPyobvhq0=
49,40,tOFw/Ce8ToQDfmmaMknaQzg6KD4=,44WCPtXwMmiQNk3P6opPyobvhq0=
55,35,GUARuh8GdmMukB+aDrC7gkAsIlM=,t4+67RoOoB3P+4gNsM29UinUJe8=
61,40,bTSj4dmA1EInqtsZltw4XI6hFUM=,xB2P8z0F9mmV8vrr2iMr+NFk4ZA=
54,35,WCV0k9bmywDvw+9cOHQiqiieOLU=,t4+67RoOoB3P+4gNsM29UinUJe8=
49,39,WCV0k9bmywDvw+9cOHQiqiieOLU=,t4+67RoOoB3P+4gNsM29UinUJe8=
52,38,M4fWW0Oum8L982pcceHvwVZLTj4=,t4+67RoOoB3P+4gNsM29UinUJe8=
48,39,kg/lD3wVhX+GHaOxmoYotiHfMmQ=,t4+67RoOoB3P+4gNsM29UinUJe8=
51,34,bTSj4dmA1EInqtsZltw4XI6hFUM=,t4+67RoOoB3P+4gNsM29UinUJe8=
60,46,WCV0k9bmywDvw+9cOHQiqiieOLU=,xB2P8z0F9mmV8vrr2iMr+NFk4ZA=
54,34,GUARuh8GdmMukB+aDrC7gkAsIlM=,t4+67RoOoB3P+4gNsM29UinUJe8=
61,44,rMz5mpGnVfAJ2EoLoCkZp46EwCc=,xB2P8z0F9mmV8vrr2iMr+NFk4ZA=
49,32,GUARuh8GdmMukB+aDrC7gkAsIlM=,t4+67RoOoB3P+4gNsM29UinUJe8=
56,34,GUARuh8GdmMukB+aDrC7gkAsIlM=,3VuMpD7vQTfqVEItH+qxk+ECUAw=
56,36,M4fWW0Oum8L982pcceHvwVZLTj4=,3VuMpD7vQTfqVEItH+qxk+ECUAw=
48,44,tOFw/Ce8ToQDfmmaMknaQzg6KD4=,44WCPtXwMmiQNk3P6opPyobvhq0=
61,46,WCV0k9bmywDvw+9cOHQiqiieOLU=,xB2P8z0F9mmV8vrr2iMr+NFk4ZA=
55,46,tOFw/Ce8ToQDfmmaMknaQzg6KD4=,44WCPtXwMmiQNk3P6opPyobvhq0=
49,33,bTSj4dmA1EInqtsZltw4XI6hFUM=,t4+67RoOoB3P+4gNsM29UinUJe8=
51,32,GUARuh8GdmMukB+aDrC7gkAsIlM=,t4+67RoOoB3P+4gNsM29UinUJe8=
50,40,tOFw/Ce8ToQDfmmaMknaQzg6KD4=,44WCPtXwMmiQNk3P6opPyobvhq0=
51,38,bTSj4dmA1EInqtsZltw4XI6hFUM=,t4+67RoOoB3P+4gNsM29UinUJe8=
53,35,WCV0k9bmywDvw+9cOHQiqiieOLU=,t4+67RoOoB3P+4gNsM29UinUJe8=
50,32,GUARuh8GdmMukB+aDrC7gkAsIlM=,t4+67RoOoB3P+4gNsM29UinUJe8=
62,40,bTSj4dmA1EInqtsZltw4XI6hFUM=,xB2P8z0F9mmV8vrr2iMr+NFk4ZA=
52,32,WCV0k9bmywDvw+9cOHQiqiieOLU=,t4+67RoOoB3P+4gNsM29UinUJe8=
51,40,tOFw/Ce8ToQDfmmaMknaQzg6KD4=,44WCPtXwMmiQNk3P6opPyobvhq0=
63,40,kg/lD3wVhX+GHaOxmoYotiHfMmQ=,xB2P8z0F9mmV8vrr2iMr+NFk4ZA=
53,32,WCV0k9bmywDvw+9cOHQiqiieOLU=,t4+67RoOoB3P+4gNsM29UinUJe8=
51,36,rMz5mpGnVfAJ2EoLoCkZp46EwCc=,t4+67RoOoB3P+4gNsM29UinUJe8=
62,46,WCV0k9bmywDvw+9cOHQiqiieOLU=,xB2P8z0F9mmV8vrr2iMr+NFk4ZA=
57,39,kg/lD3wVhX+GHaOxmoYotiHfMmQ=,3VuMpD7vQTfqVEItH+qxk+ECUAw=
56,33,GUARuh8GdmMukB+aDrC7gkAsIlM=,3VuMpD7vQTfqVEItH+qxk+ECUAw=
56,38,rMz5mpGnVfAJ2EoLoCkZp46EwCc=,3VuMpD7vQTfqVEItH+qxk+ECUAw=
54,32,WCV0k9bmywDvw+9cOHQiqiieOLU=,t4+67RoOoB3P+4gNsM29UinUJe8=
53,37,tOFw/Ce8ToQDfmmaMknaQzg6KD4=,t4+67RoOoB3P+4gNsM29UinUJe8=
52,40,M4fWW0Oum8L982pcceHvwVZLTj4=,44WCPtXwMmiQNk3P6opPyobvhq0=
56,32,WCV0k9bmywDvw+9cOHQiqiieOLU=,3VuMpD7vQTfqVEItH+qxk+ECUAw=
63,46,GUARuh8GdmMukB+aDrC7gkAsIlM=,xB2P8z0F9mmV8vrr2iMr+NFk4ZA=
52,37,tOFw/Ce8ToQDfmmaMknaQzg6KD4=,t4+67RoOoB3P+4gNsM29UinUJe8=
60,44,rMz5mpGnVfAJ2EoLoCkZp46EwCc=,xB2P8z0F9mmV8vrr2iMr+NFk4ZA=
55,32,rMz5mpGnVfAJ2EoLoCkZp46EwCc=,t4+67RoOoB3P+4gNsM29UinUJe8=
53,40,M4fWW0Oum8L982pcceHvwVZLTj4=,44WCPtXwMmiQNk3P6opPyobvhq0=
62,32,kg/lD3wVhX+GHaOxmoYotiHfMmQ=,3VuMpD7vQTfqVEItH+qxk+ECUAw=
63,32,kg/lD3wVhX+GHaOxmoYotiHfMmQ=,3VuMpD7vQTfqVEItH+qxk+ECUAw=
61,32,rMz5mpGnVfAJ2EoLoCkZp46EwCc=,3VuMpD7vQTfqVEItH+qxk+ECUAw=
57,32,rMz5mpGnVfAJ2EoLoCkZp46EwCc=,3VuMpD7vQTfqVEItH+qxk+ECUAw=
55,45,tOFw/Ce8ToQDfmmaMknaQzg6KD4=,44WCPtXwMmiQNk3P6opPyobvhq0=
56,41,M4fWW0Oum8L982pcceHvwVZLTj4=,xB2P8z0F9mmV8vrr2iMr+NFk4ZA=
60,32,rMz5mpGnVfAJ2EoLoCkZp46EwCc=,3VuMpD7vQTfqVEItH+qxk+ECUAw=
55,38,M4fWW0Oum8L982pcceHvwVZLTj4=,t4+67RoOoB3P+4gNsM29UinUJe8=
58,32,rMz5mpGnVfAJ2EoLoCkZp46EwCc=,3VuMpD7vQTfqVEItH+qxk+ECUAw=
57,41,M4fWW0Oum8L982pcceHvwVZLTj4=,xB2P8z0F9mmV8vrr2iMr+NFk4ZA=
55,37,tOFw/Ce8ToQDfmmaMknaQzg6KD4=,t4+67RoOoB3P+4gNsM29UinUJe8=
59,32,kg/lD3wVhX+GHaOxmoYotiHfMmQ=,3VuMpD7vQTfqVEItH+qxk+ECUAw=
58,41,M4fWW0Oum8L982pcceHvwVZLTj4=,xB2P8z0F9mmV8vrr2iMr+NFk4ZA=
51,37,kg/lD3wVhX+GHaOxmoYotiHfMmQ=,t4+67RoOoB3P+4gNsM29UinUJe8=
54,40,M4fWW0Oum8L982pcceHvwVZLTj4=,44WCPtXwMmiQNk3P6opPyobvhq0=
59,44,WCV0k9bmywDvw+9cOHQiqiieOLU=,xB2P8z0F9mmV8vrr2iMr+NFk4ZA=
53,34,WCV0k9bmywDvw+9cOHQiqiieOLU=,t4+67RoOoB3P+4gNsM29UinUJe8=
52,47,tOFw/Ce8ToQDfmmaMknaQzg6KD4=,44WCPtXwMmiQNk3P6opPyobvhq0=
52,34,WCV0k9bmywDvw+9cOHQiqiieOLU=,t4+67RoOoB3P+4gNsM29UinUJe8=
59,41,M4fWW0Oum8L982pcceHvwVZLTj4=,xB2P8z0F9mmV8vrr2iMr+NFk4ZA=
53,47,tOFw/Ce8ToQDfmmaMknaQzg6KD4=,44WCPtXwMmiQNk3P6opPyobvhq0=
58,44,WCV0k9bmywDvw+9cOHQiqiieOLU=,xB2P8z0F9mmV8vrr2iMr+NFk4ZA=
50,38,bTSj4dmA1EInqtsZltw4XI6hFUM=,t4+67RoOoB3P+4gNsM29UinUJe8=
55,47,tOFw/Ce8ToQDfmmaMknaQzg6KD4=,44WCPtXwMmiQNk3P6opPyobvhq0=
49,37,rMz5mpGnVfAJ2EoLoCkZp46EwCc=,t4+67RoOoB3P+4gNsM29UinUJe8=
55,33,GUARuh8GdmMukB+aDrC7gkAsIlM=,t4+67RoOoB3P+4gNsM29UinUJe8=
52,35,WCV0k9bmywDvw+9cOHQiqiieOLU=,t4+67RoOoB3P+4gNsM29UinUJe8=
60,41,bTSj4dmA1EInqtsZltw4XI6hFUM=,xB2P8z0F9mmV8vrr2iMr+NFk4ZA=
54,47,tOFw/Ce8ToQDfmmaMknaQzg6KD4=,44WCPtXwMmiQNk3P6opPyobvhq0=
55,40,M4fWW0Oum8L982pcceHvwVZLTj4=,44WCPtXwMmiQNk3P6opPyobvhq0=
51,47,tOFw/Ce8ToQDfmmaMknaQzg6KD4=,44WCPtXwMmiQNk3P6opPyobvhq0=
56,47,M4fWW0Oum8L982pcceHvwVZLTj4=,xB2P8z0F9mmV8vrr2iMr+NFk4ZA=
52,36,tOFw/Ce8ToQDfmmaMknaQzg6KD4=,t4+67RoOoB3P+4gNsM29UinUJe8=
57,44,WCV0k9bmywDvw+9cOHQiqiieOLU=,xB2P8z0F9mmV8vrr2iMr+NFk4ZA=
62,47,rMz5mpGnVfAJ2EoLoCkZp46EwCc=,xB2P8z0F9mmV8vrr2iMr+NFk4ZA=
50,37,kg/lD3wVhX+GHaOxmoYotiHfMmQ=,t4+67RoOoB3P+4gNsM29UinUJe8=
49,38,kg/lD3wVhX+GHaOxmoYotiHfMmQ=,t4+67RoOoB3P+4gNsM29UinUJe8=
49,47,tOFw/Ce8ToQDfmmaMknaQzg6KD4=,44WCPtXwMmiQNk3P6opPyobvhq0=
57,47,M4fWW0Oum8L982pcceHvwVZLTj4=,xB2P8z0F9mmV8vrr2iMr+NFk4ZA=
61,41,bTSj4dmA1EInqtsZltw4XI6hFUM=,xB2P8z0F9mmV8vrr2iMr+NFk4ZA=
60,47,bTSj4dmA1EInqtsZltw4XI6hFUM=,xB2P8z0F9mmV8vrr2iMr+NFk4ZA=
56,37,GUARuh8GdmMukB+aDrC7gkAsIlM=,3VuMpD7vQTfqVEItH+qxk+ECUAw=
61,47,bTSj4dmA1EInqtsZltw4XI6hFUM=,xB2P8z0F9mmV8vrr2iMr+NFk4ZA=
51,35,bTSj4dmA1EInqtsZltw4XI6hFUM=,t4+67RoOoB3P+4gNsM29UinUJe8=
50,35,bTSj4dmA1EInqtsZltw4XI6hFUM=,t4+67RoOoB3P+4gNsM29UinUJe8=
56,44,M4fWW0Oum8L982pcceHvwVZLTj4=,xB2P8z0F9mmV8vrr2iMr+NFk4ZA=
58,47,M4fWW0Oum8L982pcceHvwVZLTj4=,xB2P8z0F9mmV8vrr2iMr+NFk4ZA=
62,43,bTSj4dmA1EInqtsZltw4XI6hFUM=,xB2P8z0F9mmV8vrr2iMr+NFk4ZA=
63,43,rMz5mpGnVfAJ2EoLoCkZp46EwCc=,xB2P8z0F9mmV8vrr2iMr+NFk4ZA=
62,41,bTSj4dmA1EInqtsZltw4XI6hFUM=,xB2P8z0F9mmV8vrr2iMr+NFk4ZA=
59,47,M4fWW0Oum8L982pcceHvwVZLTj4=,xB2P8z0F9mmV8vrr2iMr+NFk4ZA=
50,47,tOFw/Ce8ToQDfmmaMknaQzg6KD4=,44WCPtXwMmiQNk3P6opPyobvhq0=
55,44,WCV0k9bmywDvw+9cOHQiqiieOLU=,44WCPtXwMmiQNk3P6opPyobvhq0=
63,47,bTSj4dmA1EInqtsZltw4XI6hFUM=,xB2P8z0F9mmV8vrr2iMr+NFk4ZA=
61,43,bTSj4dmA1EInqtsZltw4XI6hFUM=,xB2P8z0F9mmV8vrr2iMr+NFk4ZA=
48,47,tOFw/Ce8ToQDfmmaMknaQzg6KD4=,44WCPtXwMmiQNk3P6opPyobvhq0=
48,32,bTSj4dmA1EInqtsZltw4XI6hFUM=,t4+67RoOoB3P+4gNsM29UinUJe8=
57,43,WCV0k9bmywDvw+9cOHQiqiieOLU=,xB2P8z0F9mmV8vrr2iMr+NFk4ZA=
58,43,WCV0k9bmywDvw+9cOHQiqiieOLU=,xB2P8z0F9mmV8vrr2iMr+NFk4ZA=
63,41,rMz5mpGnVfAJ2EoLoCkZp46EwCc=,xB2P8z0F9mmV8vrr2iMr+NFk4ZA=
59,43,WCV0k9bmywDvw+9cOHQiqiieOLU=,xB2P8z0F9mmV8vrr2iMr+NFk4ZA=
55,43,M4fWW0Oum8L982pcceHvwVZLTj4=,44WCPtXwMmiQNk3P6opPyobvhq0=
56,43,M4fWW0Oum8L982pcceHvwVZLTj4=,xB2P8z0F9mmV8vrr2iMr+NFk4ZA=
63,42,bTSj4dmA1EInqtsZltw4XI6hFUM=,xB2P8z0F9mmV8vrr2iMr+NFk4ZA=
60,43,bTSj4dmA1EInqtsZltw4XI6hFUM=,xB2P8z0F9mmV8vrr2iMr+NFk4ZA=
62,42,bTSj4dmA1EInqtsZltw4XI6hFUM=,xB2P8z0F9mmV8vrr2iMr+NFk4ZA=
61,42,bTSj4dmA1EInqtsZltw4XI6hFUM=,xB2P8z0F9mmV8vrr2iMr+NFk4ZA=
60,42,bTSj4dmA1EInqtsZltw4XI6hFUM=,xB2P8z0F9mmV8vrr2iMr+NFk4ZA=
55,42,M4fWW0Oum8L982pcceHvwVZLTj4=,44WCPtXwMmiQNk3P6opPyobvhq0=
56,42,M4fWW0Oum8L982pcceHvwVZLTj4=,xB2P8z0F9mmV8vrr2iMr+NFk4ZA=
59,42,M4fWW0Oum8L982pcceHvwVZLTj4=,xB2P8z0F9mmV8vrr2iMr+NFk4ZA=
58,42,M4fWW0Oum8L982pcceHvwVZLTj4=,xB2P8z0F9mmV8vrr2iMr+NFk4ZA=
55,41,M4fWW0Oum8L982pcceHvwVZLTj4=,44WCPtXwMmiQNk3P6opPyobvhq0=
57,42,M4fWW0Oum8L982pcceHvwVZLTj4=,xB2P8z0F9mmV8vrr2iMr+NFk4ZA=
