83,-1,5Hd4+WMDS5xr/ZUcPgatTKdicdw=,47qvvlIvkKMRB+aEeiBwSB6HBGo=
82,-1,5Hd4+WMDS5xr/ZUcPgatTKdicdw=,47qvvlIvkKMRB+aEeiBwSB6HBGo=
81,-1,5Hd4+WMDS5xr/ZUcPgatTKdicdw=,47qvvlIvkKMRB+aEeiBwSB6HBGo=
87,-2,5Hd4+WMDS5xr/ZUcPgatTKdicdw=,47qvvlIvkKMRB+aEeiBwSB6HBGo=
80,-1,5Hd4+WMDS5xr/ZUcPgatTKdicdw=,47qvvlIvkKMRB+aEeiBwSB6HBGo=
85,-1,5Hd4+WMDS5xr/ZUcPgatTKdicdw=,47qvvlIvkKMRB+aEeiBwSB6HBGo=
84,-1,5Hd4+WMDS5xr/ZUcPgatTKdicdw=,47qvvlIvkKMRB+aEeiBwSB6HBGo=
84,-2,5Hd4+WMDS5xr/ZUcPgatTKdicdw=,47qvvlIvkKMRB+aEeiBwSB6HBGo=
86,-2,5Hd4+WMDS5xr/ZUcPgatTKdicdw=,47qvvlIvkKMRB+aEeiBwSB6HBGo=
83,-2,5Hd4+WMDS5xr/ZUcPgatTKdicdw=,47qvvlIvkKMRB+aEeiBwSB6HBGo=
85,-2,5Hd4+WMDS5xr/ZUcPgatTKdicdw=,47qvvlIvkKMRB+aEeiBwSB6HBGo=
86,-1,5Hd4+WMDS5xr/ZUcPgatTKdicdw=,47qvvlIvkKMRB+aEeiBwSB6HBGo=
82,-2,5Hd4+WMDS5xr/ZUcPgatTKdicdw=,47qvvlIvkKMRB+aEeiBwSB6HBGo=
87,-1,5Hd4+WMDS5xr/ZUcPgatTKdicdw=,47qvvlIvkKMRB+aEeiBwSB6HBGo=
87,-3,5Hd4+WMDS5xr/ZUcPgatTKdicdw=,47qvvlIvkKMRB+aEeiBwSB6HBGo=
81,-2,5Hd4+WMDS5xr/ZUcPgatTKdicdw=,47qvvlIvkKMRB+aEeiBwSB6HBGo=
86,-3,5Hd4+WMDS5xr/ZUcPgatTKdicdw=,47qvvlIvkKMRB+aEeiBwSB6HBGo=
80,-2,5Hd4+WMDS5xr/ZUcPgatTKdicdw=,47qvvlIvkKMRB+aEeiBwSB6HBGo=
80,-7,5Hd4+WMDS5xr/ZUcPgatTKdicdw=,47qvvlIvkKMRB+aEeiBwSB6HBGo=
85,-3,5Hd4+WMDS5xr/ZUcPgatTKdicdw=,47qvvlIvkKMRB+aEeiBwSB6HBGo=
81,-7,5Hd4+WMDS5xr/ZUcPgatTKdicdw=,47qvvlIvkKMRB+aEeiBwSB6HBGo=
82,-3,5Hd4+WMDS5xr/ZUcPgatTKdicdw=,47qvvlIvkKMRB+aEeiBwSB6HBGo=
84,-3,5Hd4+WMDS5xr/ZUcPgatTKdicdw=,47qvvlIvkKMRB+aEeiBwSB6HBGo=
82,-7,5Hd4+WMDS5xr/ZUcPgatTKdicdw=,47qvvlIvkKMRB+aEeiBwSB6HBGo=
83,-3,5Hd4+WMDS5xr/ZUcPgatTKdicdw=,47qvvlIvkKMRB+aEeiBwSB6HBGo=
86,-4,5Hd4+WMDS5xr/ZUcPgatTKdicdw=,47qvvlIvkKMRB+aEeiBwSB6HBGo=
81,-3,5Hd4+WMDS5xr/ZUcPgatTKdicdw=,47qvvlIvkKMRB+aEeiBwSB6HBGo=
85,-4,5Hd4+WMDS5xr/ZUcPgatTKdicdw=,47qvvlIvkKMRB+aEeiBwSB6HBGo=
83,-7,5Hd4+WMDS5xr/ZUcPgatTKdicdw=,47qvvlIvkKMRB+aEeiBwSB6HBGo=
80,-3,5Hd4+WMDS5xr/ZUcPgatTKdicdw=,47qvvlIvkKMRB+aEeiBwSB6HBGo=
87,-4,5Hd4+WMDS5xr/ZUcPgatTKdicdw=,47qvvlIvkKMRB+aEeiBwSB6HBGo=
84,-4,5Hd4+WMDS5xr/ZUcPgatTKdicdw=,47qvvlIvkKMRB+aEeiBwSB6HBGo=
83,-4,5Hd4+WMDS5xr/ZUcPgatTKdicdw=,47qvvlIvkKMRB+aEeiBwSB6HBGo=
82,-4,5Hd4+WMDS5xr/ZUcPgatTKdicdw=,47qvvlIvkKMRB+aEeiBwSB6HBGo=
84,-7,5Hd4+WMDS5xr/ZUcPgatTKdicdw=,47qvvlIvkKMRB+aEeiBwSB6HBGo=
86,-5,5Hd4+WMDS5xr/ZUcPgatTKdicdw=,47qvvlIvkKMRB+aEeiBwSB6HBGo=
81,-4,5Hd4+WMDS5xr/ZUcPgatTKdicdw=,47qvvlIvkKMRB+aEeiBwSB6HBGo=
80,-4,5Hd4+WMDS5xr/ZUcPgatTKdicdw=,47qvvlIvkKMRB+aEeiBwSB6HBGo=
85,-5,5Hd4+WMDS5xr/ZUcPgatTKdicdw=,47qvvlIvkKMRB+aEeiBwSB6HBGo=
84,-5,5Hd4+WMDS5xr/ZUcPgatTKdicdw=,47qvvlIvkKMRB+aEeiBwSB6HBGo=
85,-7,5Hd4+WMDS5xr/ZUcPgatTKdicdw=,47qvvlIvkKMRB+aEeiBwSB6HBGo=
83,-5,5Hd4+WMDS5xr/ZUcPgatTKdicdw=,47qvvlIvkKMRB+aEeiBwSB6HBGo=
86,-7,5Hd4+WMDS5xr/ZUcPgatTKdicdw=,47qvvlIvkKMRB+aEeiBwSB6HBGo=
82,-5,5Hd4+WMDS5xr/ZUcPgatTKdicdw=,47qvvlIvkKMRB+aEeiBwSB6HBGo=
80,-5,5Hd4+WMDS5xr/ZUcPgatTKdicdw=,47qvvlIvkKMRB+aEeiBwSB6HBGo=
81,-5,5Hd4+WMDS5xr/ZUcPgatTKdicdw=,47qvvlIvkKMRB+aEeiBwSB6HBGo=
84,-6,5Hd4+WMDS5xr/ZUcPgatTKdicdw=,47qvvlIvkKMRB+aEeiBwSB6HBGo=
87,-5,5Hd4+WMDS5xr/ZUcPgatTKdicdw=,47qvvlIvkKMRB+aEeiBwSB6HBGo=
87,-7,5Hd4+WMDS5xr/ZUcPgatTKdicdw=,47qvvlIvkKMRB+aEeiBwSB6HBGo=
86,-6,5Hd4+WMDS5xr/ZUcPgatTKdicdw=,47qvvlIvkKMRB+aEeiBwSB6HBGo=
82,-6,5Hd4+WMDS5xr/ZUcPgatTKdicdw=,47qvvlIvkKMRB+aEeiBwSB6HBGo=
81,-6,5Hd4+WMDS5xr/ZUcPgatTKdicdw=,47qvvlIvkKMRB+aEeiBwSB6HBGo=
83,-6,5Hd4+WMDS5xr/ZUcPgatTKdicdw=,47qvvlIvkKMRB+aEeiBwSB6HBGo=
85,-6,5Hd4+WMDS5xr/ZUcPgatTKdicdw=,47qvvlIvkKMRB+aEeiBwSB6HBGo=
80,-6,5Hd4+WMDS5xr/ZUcPgatTKdicdw=,47qvvlIvkKMRB+aEeiBwSB6HBGo=
83,-9,5Hd4+WMDS5xr/ZUcPgatTKdicdw=,z9DLlXOtw/Zpg10cKziwRGi2R+U=
87,-6,5Hd4+WMDS5xr/ZUcPgatTKdicdw=,47qvvlIvkKMRB+aEeiBwSB6HBGo=
81,-13,5Hd4+WMDS5xr/ZUcPgatTKdicdw=,z9DLlXOtw/Zpg10cKziwRGi2R+U=
84,-10,5Hd4+WMDS5xr/ZUcPgatTKdicdw=,z9DLlXOtw/Zpg10cKziwRGi2R+U=
85,-10,5Hd4+WMDS5xr/ZUcPgatTKdicdw=,z9DLlXOtw/Zpg10cKziwRGi2R+U=
86,-10,5Hd4+WMDS5xr/ZUcPgatTKdicdw=,z9DLlXOtw/Zpg10cKziwRGi2R+U=
80,-11,5Hd4+WMDS5xr/ZUcPgatTKdicdw=,z9DLlXOtw/Zpg10cKziwRGi2R+U=
81,-11,5Hd4+WMDS5xr/ZUcPgatTKdicdw=,z9DLlXOtw/Zpg10cKziwRGi2R+U=
80,-13,5Hd4+WMDS5xr/ZUcPgatTKdicdw=,z9DLlXOtw/Zpg10cKziwRGi2R+U=
87,-14,5Hd4+WMDS5xr/ZUcPgatTKdicdw=,z9DLlXOtw/Zpg10cKziwRGi2R+U=
82,-15,5Hd4+WMDS5xr/ZUcPgatTKdicdw=,z9DLlXOtw/Zpg10cKziwRGi2R+U=
82,-9,5Hd4+WMDS5xr/ZUcPgatTKdicdw=,z9DLlXOtw/Zpg10cKziwRGi2R+U=
83,-10,5Hd4+WMDS5xr/ZUcPgatTKdicdw=,z9DLlXOtw/Zpg10cKziwRGi2R+U=
81,-16,5Hd4+WMDS5xr/ZUcPgatTKdicdw=,z9DLlXOtw/Zpg10cKziwRGi2R+U=
80,-14,5Hd4+WMDS5xr/ZUcPgatTKdicdw=,z9DLlXOtw/Zpg10cKziwRGi2R+U=
82,-12,5Hd4+WMDS5xr/ZUcPgatTKdicdw=,z9DLlXOtw/Zpg10cKziwRGi2R+U=
86,-14,5Hd4+WMDS5xr/ZUcPgatTKdicdw=,z9DLlXOtw/Zpg10cKziwRGi2R+U=
81,-15,5Hd4+WMDS5xr/ZUcPgatTKdicdw=,z9DLlXOtw/Zpg10cKziwRGi2R+U=
84,-9,5Hd4+WMDS5xr/ZUcPgatTKdicdw=,z9DLlXOtw/Zpg10cKziwRGi2R+U=
87,-16,5Hd4+WMDS5xr/ZUcPgatTKdicdw=,z9DLlXOtw/Zpg10cKziwRGi2R+U=
85,-16,5Hd4+WMDS5xr/ZUcPgatTKdicdw=,z9DLlXOtw/Zpg10cKziwRGi2R+U=
82,-10,5Hd4+WMDS5xr/ZUcPgatTKdicdw=,z9DLlXOtw/Zpg10cKziwRGi2R+U=
80,-15,5Hd4+WMDS5xr/ZUcPgatTKdicdw=,z9DLlXOtw/Zpg10cKziwRGi2R+U=
86,-16,5Hd4+WMDS5xr/ZUcPgatTKdicdw=,z9DLlXOtw/Zpg10cKziwRGi2R+U=
81,-10,5Hd4+WMDS5xr/ZUcPgatTKdicdw=,z9DLlXOtw/Zpg10cKziwRGi2R+U=
82,-14,5Hd4+WMDS5xr/ZUcPgatTKdicdw=,z9DLlXOtw/Zpg10cKziwRGi2R+U=
85,-9,5Hd4+WMDS5xr/ZUcPgatTKdicdw=,z9DLlXOtw/Zpg10cKziwRGi2R+U=
81,-14,5Hd4+WMDS5xr/ZUcPgatTKdicdw=,z9DLlXOtw/Zpg10cKziwRGi2R+U=
84,-16,5Hd4+WMDS5xr/ZUcPgatTKdicdw=,z9DLlXOtw/Zpg10cKziwRGi2R+U=
83,-16,5Hd4+WMDS5xr/ZUcPgatTKdicdw=,z9DLlXOtw/Zpg10cKziwRGi2R+U=
81,-9,5Hd4+WMDS5xr/ZUcPgatTKdicdw=,z9DLlXOtw/Zpg10cKziwRGi2R+U=
86,-13,5Hd4+WMDS5xr/ZUcPgatTKdicdw=,z9DLlXOtw/Zpg10cKziwRGi2R+U=
86,-9,5Hd4+WMDS5xr/ZUcPgatTKdicdw=,z9DLlXOtw/Zpg10cKziwRGi2R+U=
85,-13,5Hd4+WMDS5xr/ZUcPgatTKdicdw=,z9DLlXOtw/Zpg10cKziwRGi2R+U=
80,-12,5Hd4+WMDS5xr/ZUcPgatTKdicdw=,z9DLlXOtw/Zpg10cKziwRGi2R+U=
87,-13,5Hd4+WMDS5xr/ZUcPgatTKdicdw=,z9DLlXOtw/Zpg10cKziwRGi2R+U=
84,-13,5Hd4+WMDS5xr/ZUcPgatTKdicdw=,z9DLlXOtw/Zpg10cKziwRGi2R+U=
81,-12,5Hd4+WMDS5xr/ZUcPgatTKdicdw=,z9DLlXOtw/Zpg10cKziwRGi2R+U=
87,-12,5Hd4+WMDS5xr/ZUcPgatTKdicdw=,z9DLlXOtw/Zpg10cKziwRGi2R+U=
87,-9,5Hd4+WMDS5xr/ZUcPgatTKdicdw=,z9DLlXOtw/Zpg10cKziwRGi2R+U=
83,-13,5Hd4+WMDS5xr/ZUcPgatTKdicdw=,z9DLlXOtw/Zpg10cKziwRGi2R+U=
80,-8,5Hd4+WMDS5xr/ZUcPgatTKdicdw=,47qvvlIvkKMRB+aEeiBwSB6HBGo=
84,-14,5Hd4+WMDS5xr/ZUcPgatTKdicdw=,z9DLlXOtw/Zpg10cKziwRGi2R+U=
80,-10,5Hd4+WMDS5xr/ZUcPgatTKdicdw=,z9DLlXOtw/Zpg10cKziwRGi2R+U=
86,-12,5Hd4+WMDS5xr/ZUcPgatTKdicdw=,z9DLlXOtw/Zpg10cKziwRGi2R+U=
80,-16,5Hd4+WMDS5xr/ZUcPgatTKdicdw=,z9DLlXOtw/Zpg10cKziwRGi2R+U=
85,-14,5Hd4+WMDS5xr/ZUcPgatTKdicdw=,z9DLlXOtw/Zpg10cKziwRGi2R+U=
82,-16,5Hd4+WMDS5xr/ZUcPgatTKdicdw=,z9DLlXOtw/Zpg10cKziwRGi2R+U=
85,-12,5Hd4+WMDS5xr/ZUcPgatTKdicdw=,z9DLlXOtw/Zpg10cKziwRGi2R+U=
84,-12,5Hd4+WMDS5xr/ZUcPgatTKdicdw=,z9DLlXOtw/Zpg10cKziwRGi2R+U=
80,-9,5Hd4+WMDS5xr/ZUcPgatTKdicdw=,z9DLlXOtw/Zpg10cKziwRGi2R+U=
82,-13,5Hd4+WMDS5xr/ZUcPgatTKdicdw=,z9DLlXOtw/Zpg10cKziwRGi2R+U=
87,-8,5Hd4+WMDS5xr/ZUcPgatTKdicdw=,47qvvlIvkKMRB+aEeiBwSB6HBGo=
83,-15,5Hd4+WMDS5xr/ZUcPgatTKdicdw=,z9DLlXOtw/Zpg10cKziwRGi2R+U=
87,-15,5Hd4+WMDS5xr/ZUcPgatTKdicdw=,z9DLlXOtw/Zpg10cKziwRGi2R+U=
86,-8,5Hd4+WMDS5xr/ZUcPgatTKdicdw=,47qvvlIvkKMRB+aEeiBwSB6HBGo=
83,-14,5Hd4+WMDS5xr/ZUcPgatTKdicdw=,z9DLlXOtw/Zpg10cKziwRGi2R+U=
87,-11,5Hd4+WMDS5xr/ZUcPgatTKdicdw=,z9DLlXOtw/Zpg10cKziwRGi2R+U=
85,-11,5Hd4+WMDS5xr/ZUcPgatTKdicdw=,z9DLlXOtw/Zpg10cKziwRGi2R+U=
86,-15,5Hd4+WMDS5xr/ZUcPgatTKdicdw=,z9DLlXOtw/Zpg10cKziwRGi2R+U=
84,-15,5Hd4+WMDS5xr/ZUcPgatTKdicdw=,z9DLlXOtw/Zpg10cKziwRGi2R+U=
86,-11,5Hd4+WMDS5xr/ZUcPgatTKdicdw=,z9DLlXOtw/Zpg10cKziwRGi2R+U=
84,-11,5Hd4+WMDS5xr/ZUcPgatTKdicdw=,z9DLlXOtw/Zpg10cKziwRGi2R+U=
83,-11,5Hd4+WMDS5xr/ZUcPgatTKdicdw=,z9DLlXOtw/Zpg10cKziwRGi2R+U=
83,-12,5Hd4+WMDS5xr/ZUcPgatTKdicdw=,z9DLlXOtw/Zpg10cKziwRGi2R+U=
82,-11,5Hd4+WMDS5xr/ZUcPgatTKdicdw=,z9DLlXOtw/Zpg10cKziwRGi2R+U=
87,-10,5Hd4+WMDS5xr/ZUcPgatTKdicdw=,z9DLlXOtw/Zpg10cKziwRGi2R+U=
82,-8,5Hd4+WMDS5xr/ZUcPgatTKdicdw=,47qvvlIvkKMRB+aEeiBwSB6HBGo=
84,-8,5Hd4+WMDS5xr/ZUcPgatTKdicdw=,47qvvlIvkKMRB+aEeiBwSB6HBGo=
81,-8,5Hd4+WMDS5xr/ZUcPgatTKdicdw=,47qvvlIvkKMRB+aEeiBwSB6HBGo=
85,-15,5Hd4+WMDS5xr/ZUcPgatTKdicdw=,z9DLlXOtw/Zpg10cKziwRGi2R+U=
83,-8,5Hd4+WMDS5xr/ZUcPgatTKdicdw=,47qvvlIvkKMRB+aEeiBwSB6HBGo=
85,-8,5Hd4+WMDS5xr/ZUcPgatTKdicdw=,47qvvlIvkKMRB+aEeiBwSB6HBGo=
82,-30,R45nh6/c/lFyPzGFtyChl0itt/Q=,xmWgOpODVTesFF74qY6sIFOMPfg=
85,-26,R45nh6/c/lFyPzGFtyChl0itt/Q=,xmWgOpODVTesFF74qY6sIFOMPfg=
81,-30,R45nh6/c/lFyPzGFtyChl0itt/Q=,xmWgOpODVTesFF74qY6sIFOMPfg=
87,-29,R45nh6/c/lFyPzGFtyChl0itt/Q=,xmWgOpODVTesFF74qY6sIFOMPfg=
87,-28,R45nh6/c/lFyPzGFtyChl0itt/Q=,xmWgOpODVTesFF74qY6sIFOMPfg=
85,-27,R45nh6/c/lFyPzGFtyChl0itt/Q=,xmWgOpODVTesFF74qY6sIFOMPfg=
86,-28,R45nh6/c/lFyPzGFtyChl0itt/Q=,xmWgOpODVTesFF74qY6sIFOMPfg=
84,-27,R45nh6/c/lFyPzGFtyChl0itt/Q=,xmWgOpODVTesFF74qY6sIFOMPfg=
84,-28,R45nh6/c/lFyPzGFtyChl0itt/Q=,xmWgOpODVTesFF74qY6sIFOMPfg=
86,-29,R45nh6/c/lFyPzGFtyChl0itt/Q=,xmWgOpODVTesFF74qY6sIFOMPfg=
85,-29,R45nh6/c/lFyPzGFtyChl0itt/Q=,xmWgOpODVTesFF74qY6sIFOMPfg=
85,-28,R45nh6/c/lFyPzGFtyChl0itt/Q=,xmWgOpODVTesFF74qY6sIFOMPfg=
83,-32,R45nh6/c/lFyPzGFtyChl0itt/Q=,xmWgOpODVTesFF74qY6sIFOMPfg=
83,-31,R45nh6/c/lFyPzGFtyChl0itt/Q=,xmWgOpODVTesFF74qY6sIFOMPfg=
82,-31,R45nh6/c/lFyPzGFtyChl0itt/Q=,xmWgOpODVTesFF74qY6sIFOMPfg=
86,-26,R45nh6/c/lFyPzGFtyChl0itt/Q=,xmWgOpODVTesFF74qY6sIFOMPfg=
87,-26,R45nh6/c/lFyPzGFtyChl0itt/Q=,xmWgOpODVTesFF74qY6sIFOMPfg=
81,-32,R45nh6/c/lFyPzGFtyChl0itt/Q=,xmWgOpODVTesFF74qY6sIFOMPfg=
83,-28,R45nh6/c/lFyPzGFtyChl0itt/Q=,xmWgOpODVTesFF74qY6sIFOMPfg=
81,-31,R45nh6/c/lFyPzGFtyChl0itt/Q=,xmWgOpODVTesFF74qY6sIFOMPfg=
80,-31,R45nh6/c/lFyPzGFtyChl0itt/Q=,xmWgOpODVTesFF74qY6sIFOMPfg=
81,-29,R45nh6/c/lFyPzGFtyChl0itt/Q=,xmWgOpODVTesFF74qY6sIFOMPfg=
86,-32,R45nh6/c/lFyPzGFtyChl0itt/Q=,xmWgOpODVTesFF74qY6sIFOMPfg=
87,-32,R45nh6/c/lFyPzGFtyChl0itt/Q=,xmWgOpODVTesFF74qY6sIFOMPfg=
80,-30,R45nh6/c/lFyPzGFtyChl0itt/Q=,xmWgOpODVTesFF74qY6sIFOMPfg=
80,-29,R45nh6/c/lFyPzGFtyChl0itt/Q=,xmWgOpODVTesFF74qY6sIFOMPfg=
85,-32,R45nh6/c/lFyPzGFtyChl0itt/Q=,xmWgOpODVTesFF74qY6sIFOMPfg=
87,-31,R45nh6/c/lFyPzGFtyChl0itt/Q=,xmWgOpODVTesFF74qY6sIFOMPfg=
86,-31,R45nh6/c/lFyPzGFtyChl0itt/Q=,xmWgOpODVTesFF74qY6sIFOMPfg=
84,-32,R45nh6/c/lFyPzGFtyChl0itt/Q=,xmWgOpODVTesFF74qY6sIFOMPfg=
83,-27,R45nh6/c/lFyPzGFtyChl0itt/Q=,xmWgOpODVTesFF74qY6sIFOMPfg=
84,-29,R45nh6/c/lFyPzGFtyChl0itt/Q=,xmWgOpODVTesFF74qY6sIFOMPfg=
84,-26,R45nh6/c/lFyPzGFtyChl0itt/Q=,xmWgOpODVTesFF74qY6sIFOMPfg=
80,-32,R45nh6/c/lFyPzGFtyChl0itt/Q=,xmWgOpODVTesFF74qY6sIFOMPfg=
82,-27,R45nh6/c/lFyPzGFtyChl0itt/Q=,xmWgOpODVTesFF74qY6sIFOMPfg=
87,-30,R45nh6/c/lFyPzGFtyChl0itt/Q=,xmWgOpODVTesFF74qY6sIFOMPfg=
83,-26,R45nh6/c/lFyPzGFtyChl0itt/Q=,xmWgOpODVTesFF74qY6sIFOMPfg=
82,-26,R45nh6/c/lFyPzGFtyChl0itt/Q=,xmWgOpODVTesFF74qY6sIFOMPfg=
80,-26,R45nh6/c/lFyPzGFtyChl0itt/Q=,xmWgOpODVTesFF74qY6sIFOMPfg=
81,-26,R45nh6/c/lFyPzGFtyChl0itt/Q=,xmWgOpODVTesFF74qY6sIFOMPfg=
86,-30,R45nh6/c/lFyPzGFtyChl0itt/Q=,xmWgOpODVTesFF74qY6sIFOMPfg=
81,-27,R45nh6/c/lFyPzGFtyChl0itt/Q=,xmWgOpODVTesFF74qY6sIFOMPfg=
86,-27,R45nh6/c/lFyPzGFtyChl0itt/Q=,xmWgOpODVTesFF74qY6sIFOMPfg=
82,-28,R45nh6/c/lFyPzGFtyChl0itt/Q=,xmWgOpODVTesFF74qY6sIFOMPfg=
87,-27,R45nh6/c/lFyPzGFtyChl0itt/Q=,xmWgOpODVTesFF74qY6sIFOMPfg=
85,-31,R45nh6/c/lFyPzGFtyChl0itt/Q=,xmWgOpODVTesFF74qY6sIFOMPfg=
85,-30,R45nh6/c/lFyPzGFtyChl0itt/Q=,xmWgOpODVTesFF74qY6sIFOMPfg=
80,-27,R45nh6/c/lFyPzGFtyChl0itt/Q=,xmWgOpODVTesFF74qY6sIFOMPfg=
81,-28,R45nh6/c/lFyPzGFtyChl0itt/Q=,xmWgOpODVTesFF74qY6sIFOMPfg=
83,-29,R45nh6/c/lFyPzGFtyChl0itt/Q=,xmWgOpODVTesFF74qY6sIFOMPfg=
84,-30,R45nh6/c/lFyPzGFtyChl0itt/Q=,xmWgOpODVTesFF74qY6sIFOMPfg=
84,-31,R45nh6/c/lFyPzGFtyChl0itt/Q=,xmWgOpODVTesFF74qY6sIFOMPfg=
82,-32,R45nh6/c/lFyPzGFtyChl0itt/Q=,xmWgOpODVTesFF74qY6sIFOMPfg=
80,-28,R45nh6/c/lFyPzGFtyChl0itt/Q=,xmWgOpODVTesFF74qY6sIFOMPfg=
82,-29,R45nh6/c/lFyPzGFtyChl0itt/Q=,xmWgOpODVTesFF74qY6sIFOMPfg=
83,-30,R45nh6/c/lFyPzGFtyChl0itt/Q=,xmWgOpODVTesFF74qY6sIFOMPfg=
83,-17,R45nh6/c/lFyPzGFtyChl0itt/Q=,ikeksCTPAj6+quk3AXfq2LzV+5g=
82,-17,R45nh6/c/lFyPzGFtyChl0itt/Q=,ikeksCTPAj6+quk3AXfq2LzV+5g=
84,-25,R45nh6/c/lFyPzGFtyChl0itt/Q=,xmWgOpODVTesFF74qY6sIFOMPfg=
83,-25,R45nh6/c/lFyPzGFtyChl0itt/Q=,xmWgOpODVTesFF74qY6sIFOMPfg=
80,-17,R45nh6/c/lFyPzGFtyChl0itt/Q=,ikeksCTPAj6+quk3AXfq2LzV+5g=
84,-17,R45nh6/c/lFyPzGFtyChl0itt/Q=,ikeksCTPAj6+quk3AXfq2LzV+5g=
87,-18,R45nh6/c/lFyPzGFtyChl0itt/Q=,ikeksCTPAj6+quk3AXfq2LzV+5g=
81,-17,R45nh6/c/lFyPzGFtyChl0itt/Q=,ikeksCTPAj6+quk3AXfq2LzV+5g=
85,-17,R45nh6/c/lFyPzGFtyChl0itt/Q=,ikeksCTPAj6+quk3AXfq2LzV+5g=
82,-25,R45nh6/c/lFyPzGFtyChl0itt/Q=,xmWgOpODVTesFF74qY6sIFOMPfg=
84,-18,R45nh6/c/lFyPzGFtyChl0itt/Q=,ikeksCTPAj6+quk3AXfq2LzV+5g=
86,-17,R45nh6/c/lFyPzGFtyChl0itt/Q=,ikeksCTPAj6+quk3AXfq2LzV+5g=
86,-18,R45nh6/c/lFyPzGFtyChl0itt/Q=,ikeksCTPAj6+quk3AXfq2LzV+5g=
83,-18,R45nh6/c/lFyPzGFtyChl0itt/Q=,ikeksCTPAj6+quk3AXfq2LzV+5g=
85,-25,R45nh6/c/lFyPzGFtyChl0itt/Q=,xmWgOpODVTesFF74qY6sIFOMPfg=
82,-18,R45nh6/c/lFyPzGFtyChl0itt/Q=,ikeksCTPAj6+quk3AXfq2LzV+5g=
85,-18,R45nh6/c/lFyPzGFtyChl0itt/Q=,ikeksCTPAj6+quk3AXfq2LzV+5g=
81,-18,R45nh6/c/lFyPzGFtyChl0itt/Q=,ikeksCTPAj6+quk3AXfq2LzV+5g=
80,-18,R45nh6/c/lFyPzGFtyChl0itt/Q=,ikeksCTPAj6+quk3AXfq2LzV+5g=
87,-17,R45nh6/c/lFyPzGFtyChl0itt/Q=,ikeksCTPAj6+quk3AXfq2LzV+5g=
81,-25,R45nh6/c/lFyPzGFtyChl0itt/Q=,xmWgOpODVTesFF74qY6sIFOMPfg=
87,-19,R45nh6/c/lFyPzGFtyChl0itt/Q=,ikeksCTPAj6+quk3AXfq2LzV+5g=
86,-25,R45nh6/c/lFyPzGFtyChl0itt/Q=,xmWgOpODVTesFF74qY6sIFOMPfg=
84,-19,R45nh6/c/lFyPzGFtyChl0itt/Q=,ikeksCTPAj6+quk3AXfq2LzV+5g=
86,-19,R45nh6/c/lFyPzGFtyChl0itt/Q=,ikeksCTPAj6+quk3AXfq2LzV+5g=
80,-25,R45nh6/c/lFyPzGFtyChl0itt/Q=,xmWgOpODVTesFF74qY6sIFOMPfg=
87,-25,R45nh6/c/lFyPzGFtyChl0itt/Q=,xmWgOpODVTesFF74qY6sIFOMPfg=
85,-19,R45nh6/c/lFyPzGFtyChl0itt/Q=,ikeksCTPAj6+quk3AXfq2LzV+5g=
83,-19,R45nh6/c/lFyPzGFtyChl0itt/Q=,ikeksCTPAj6+quk3AXfq2LzV+5g=
80,-24,R45nh6/c/lFyPzGFtyChl0itt/Q=,ikeksCTPAj6+quk3AXfq2LzV+5g=
87,-20,R45nh6/c/lFyPzGFtyChl0itt/Q=,ikeksCTPAj6+quk3AXfq2LzV+5g=
82,-19,R45nh6/c/lFyPzGFtyChl0itt/Q=,ikeksCTPAj6+quk3AXfq2LzV+5g=
86,-20,R45nh6/c/lFyPzGFtyChl0itt/Q=,ikeksCTPAj6+quk3AXfq2LzV+5g=
81,-19,R45nh6/c/lFyPzGFtyChl0itt/Q=,ikeksCTPAj6+quk3AXfq2LzV+5g=
80,-19,R45nh6/c/lFyPzGFtyChl0itt/Q=,ikeksCTPAj6+quk3AXfq2LzV+5g=
81,-24,R45nh6/c/lFyPzGFtyChl0itt/Q=,ikeksCTPAj6+quk3AXfq2LzV+5g=
83,-20,R45nh6/c/lFyPzGFtyChl0itt/Q=,ikeksCTPAj6+quk3AXfq2LzV+5g=
81,-20,R45nh6/c/lFyPzGFtyChl0itt/Q=,ikeksCTPAj6+quk3AXfq2LzV+5g=
84,-20,R45nh6/c/lFyPzGFtyChl0itt/Q=,ikeksCTPAj6+quk3AXfq2LzV+5g=
82,-20,R45nh6/c/lFyPzGFtyChl0itt/Q=,ikeksCTPAj6+quk3AXfq2LzV+5g=
82,-24,R45nh6/c/lFyPzGFtyChl0itt/Q=,ikeksCTPAj6+quk3AXfq2LzV+5g=
85,-20,R45nh6/c/lFyPzGFtyChl0itt/Q=,ikeksCTPAj6+quk3AXfq2LzV+5g=
80,-20,R45nh6/c/lFyPzGFtyChl0itt/Q=,ikeksCTPAj6+quk3AXfq2LzV+5g=
87,-21,R45nh6/c/lFyPzGFtyChl0itt/Q=,ikeksCTPAj6+quk3AXfq2LzV+5g=
86,-21,R45nh6/c/lFyPzGFtyChl0itt/Q=,ikeksCTPAj6+quk3AXfq2LzV+5g=
83,-24,R45nh6/c/lFyPzGFtyChl0itt/Q=,ikeksCTPAj6+quk3AXfq2LzV+5g=
84,-21,R45nh6/c/lFyPzGFtyChl0itt/Q=,ikeksCTPAj6+quk3AXfq2LzV+5g=
85,-21,R45nh6/c/lFyPzGFtyChl0itt/Q=,ikeksCTPAj6+quk3AXfq2LzV+5g=
82,-21,R45nh6/c/lFyPzGFtyChl0itt/Q=,ikeksCTPAj6+quk3AXfq2LzV+5g=
83,-21,R45nh6/c/lFyPzGFtyChl0itt/Q=,ikeksCTPAj6+quk3AXfq2LzV+5g=
81,-21,R45nh6/c/lFyPzGFtyChl0itt/Q=,ikeksCTPAj6+quk3AXfq2LzV+5g=
84,-24,R45nh6/c/lFyPzGFtyChl0itt/Q=,ikeksCTPAj6+quk3AXfq2LzV+5g=
86,-22,R45nh6/c/lFyPzGFtyChl0itt/Q=,ikeksCTPAj6+quk3AXfq2LzV+5g=
84,-22,R45nh6/c/lFyPzGFtyChl0itt/Q=,ikeksCTPAj6+quk3AXfq2LzV+5g=
87,-22,R45nh6/c/lFyPzGFtyChl0itt/Q=,ikeksCTPAj6+quk3AXfq2LzV+5g=
83,-22,R45nh6/c/lFyPzGFtyChl0itt/Q=,ikeksCTPAj6+quk3AXfq2LzV+5g=
82,-22,R45nh6/c/lFyPzGFtyChl0itt/Q=,ikeksCTPAj6+quk3AXfq2LzV+5g=
85,-22,R45nh6/c/lFyPzGFtyChl0itt/Q=,ikeksCTPAj6+quk3AXfq2LzV+5g=
85,-24,R45nh6/c/lFyPzGFtyChl0itt/Q=,ikeksCTPAj6+quk3AXfq2LzV+5g=
81,-22,R45nh6/c/lFyPzGFtyChl0itt/Q=,ikeksCTPAj6+quk3AXfq2LzV+5g=
80,-22,R45nh6/c/lFyPzGFtyChl0itt/Q=,ikeksCTPAj6+quk3AXfq2LzV+5g=
87,-23,R45nh6/c/lFyPzGFtyChl0itt/Q=,ikeksCTPAj6+quk3AXfq2LzV+5g=
80,-21,R45nh6/c/lFyPzGFtyChl0itt/Q=,ikeksCTPAj6+quk3AXfq2LzV+5g=
85,-23,R45nh6/c/lFyPzGFtyChl0itt/Q=,ikeksCTPAj6+quk3AXfq2LzV+5g=
86,-24,R45nh6/c/lFyPzGFtyChl0itt/Q=,ikeksCTPAj6+quk3AXfq2LzV+5g=
84,-23,R45nh6/c/lFyPzGFtyChl0itt/Q=,ikeksCTPAj6+quk3AXfq2LzV+5g=
86,-23,R45nh6/c/lFyPzGFtyChl0itt/Q=,ikeksCTPAj6+quk3AXfq2LzV+5g=
82,-23,R45nh6/c/lFyPzGFtyChl0itt/Q=,ikeksCTPAj6+quk3AXfq2LzV+5g=
80,-23,R45nh6/c/lFyPzGFtyChl0itt/Q=,ikeksCTPAj6+quk3AXfq2LzV+5g=
81,-23,R45nh6/c/lFyPzGFtyChl0itt/Q=,ikeksCTPAj6+quk3AXfq2LzV+5g=
87,-24,R45nh6/c/lFyPzGFtyChl0itt/Q=,ikeksCTPAj6+quk3AXfq2LzV+5g=
83,-23,R45nh6/c/lFyPzGFtyChl0itt/Q=,ikeksCTPAj6+quk3AXfq2LzV+5g=
76,-23,fnTevFIPK+EDqnhMdlul80R+Asc=,IVsfqMB+Fu10eiAXYH7Rdz0JF/Q=
77,-23,fnTevFIPK+EDqnhMdlul80R+Asc=,IVsfqMB+Fu10eiAXYH7Rdz0JF/Q=
68,-21,Gk0E33mTO4yqu5VzEVAS2p85COE=,QChyFURS+axeFmbr9FNebiPJ6K4=
74,-22,2ZQO7bkMjiaq37JRdqZ/zK3/kpY=,IVsfqMB+Fu10eiAXYH7Rdz0JF/Q=
78,-23,fnTevFIPK+EDqnhMdlul80R+Asc=,IVsfqMB+Fu10eiAXYH7Rdz0JF/Q=
68,-27,Gk0E33mTO4yqu5VzEVAS2p85COE=,w0SfMZeLSPFns/CRFsIfN2RJcl4=
67,-27,ka25mEzivfeaag3hrSzRDVebMPM=,w0SfMZeLSPFns/CRFsIfN2RJcl4=
73,-19,2ZQO7bkMjiaq37JRdqZ/zK3/kpY=,IVsfqMB+Fu10eiAXYH7Rdz0JF/Q=
67,-21,g6HbLd74y1iFLjwiz3fsoPACNjc=,QChyFURS+axeFmbr9FNebiPJ6K4=
69,-27,Gk0E33mTO4yqu5VzEVAS2p85COE=,w0SfMZeLSPFns/CRFsIfN2RJcl4=
74,-19,fnTevFIPK+EDqnhMdlul80R+Asc=,IVsfqMB+Fu10eiAXYH7Rdz0JF/Q=
70,-27,Gk0E33mTO4yqu5VzEVAS2p85COE=,w0SfMZeLSPFns/CRFsIfN2RJcl4=
73,-21,Gk0E33mTO4yqu5VzEVAS2p85COE=,IVsfqMB+Fu10eiAXYH7Rdz0JF/Q=
73,-20,fnTevFIPK+EDqnhMdlul80R+Asc=,IVsfqMB+Fu10eiAXYH7Rdz0JF/Q=
66,-21,g6HbLd74y1iFLjwiz3fsoPACNjc=,QChyFURS+axeFmbr9FNebiPJ6K4=
65,-26,ka25mEzivfeaag3hrSzRDVebMPM=,w0SfMZeLSPFns/CRFsIfN2RJcl4=
75,-19,fnTevFIPK+EDqnhMdlul80R+Asc=,IVsfqMB+Fu10eiAXYH7Rdz0JF/Q=
66,-26,ka25mEzivfeaag3hrSzRDVebMPM=,w0SfMZeLSPFns/CRFsIfN2RJcl4=
66,-27,ka25mEzivfeaag3hrSzRDVebMPM=,w0SfMZeLSPFns/CRFsIfN2RJcl4=
76,-19,fnTevFIPK+EDqnhMdlul80R+Asc=,IVsfqMB+Fu10eiAXYH7Rdz0JF/Q=
67,-26,ka25mEzivfeaag3hrSzRDVebMPM=,w0SfMZeLSPFns/CRFsIfN2RJcl4=
77,-19,fnTevFIPK+EDqnhMdlul80R+Asc=,IVsfqMB+Fu10eiAXYH7Rdz0JF/Q=
65,-31,g6HbLd74y1iFLjwiz3fsoPACNjc=,w0SfMZeLSPFns/CRFsIfN2RJcl4=
78,-18,fnTevFIPK+EDqnhMdlul80R+Asc=,IVsfqMB+Fu10eiAXYH7Rdz0JF/Q=
66,-31,g6HbLd74y1iFLjwiz3fsoPACNjc=,w0SfMZeLSPFns/CRFsIfN2RJcl4=
74,-20,fnTevFIPK+EDqnhMdlul80R+Asc=,IVsfqMB+Fu10eiAXYH7Rdz0JF/Q=
68,-26,5HuWOx0fN3QNNP6hZH0ToTp7evk=,w0SfMZeLSPFns/CRFsIfN2RJcl4=
75,-20,fnTevFIPK+EDqnhMdlul80R+Asc=,IVsfqMB+Fu10eiAXYH7Rdz0JF/Q=
69,-26,5HuWOx0fN3QNNP6hZH0ToTp7evk=,w0SfMZeLSPFns/CRFsIfN2RJcl4=
76,-20,fnTevFIPK+EDqnhMdlul80R+Asc=,IVsfqMB+Fu10eiAXYH7Rdz0JF/Q=
65,-21,g6HbLd74y1iFLjwiz3fsoPACNjc=,QChyFURS+axeFmbr9FNebiPJ6K4=
70,-26,g6HbLd74y1iFLjwiz3fsoPACNjc=,w0SfMZeLSPFns/CRFsIfN2RJcl4=
78,-19,fnTevFIPK+EDqnhMdlul80R+Asc=,IVsfqMB+Fu10eiAXYH7Rdz0JF/Q=
69,-22,Gk0E33mTO4yqu5VzEVAS2p85COE=,QChyFURS+axeFmbr9FNebiPJ6K4=
70,-22,Gk0E33mTO4yqu5VzEVAS2p85COE=,QChyFURS+axeFmbr9FNebiPJ6K4=
71,-22,fnTevFIPK+EDqnhMdlul80R+Asc=,QChyFURS+axeFmbr9FNebiPJ6K4=
75,-23,fnTevFIPK+EDqnhMdlul80R+Asc=,IVsfqMB+Fu10eiAXYH7Rdz0JF/Q=
67,-31,5HuWOx0fN3QNNP6hZH0ToTp7evk=,w0SfMZeLSPFns/CRFsIfN2RJcl4=
67,-22,g6HbLd74y1iFLjwiz3fsoPACNjc=,QChyFURS+axeFmbr9FNebiPJ6K4=
65,-27,ka25mEzivfeaag3hrSzRDVebMPM=,w0SfMZeLSPFns/CRFsIfN2RJcl4=
68,-22,Gk0E33mTO4yqu5VzEVAS2p85COE=,QChyFURS+axeFmbr9FNebiPJ6K4=
77,-20,fnTevFIPK+EDqnhMdlul80R+Asc=,IVsfqMB+Fu10eiAXYH7Rdz0JF/Q=
68,-31,5HuWOx0fN3QNNP6hZH0ToTp7evk=,w0SfMZeLSPFns/CRFsIfN2RJcl4=
78,-20,2ZQO7bkMjiaq37JRdqZ/zK3/kpY=,IVsfqMB+Fu10eiAXYH7Rdz0JF/Q=
66,-22,ka25mEzivfeaag3hrSzRDVebMPM=,QChyFURS+axeFmbr9FNebiPJ6K4=
69,-31,5HuWOx0fN3QNNP6hZH0ToTp7evk=,w0SfMZeLSPFns/CRFsIfN2RJcl4=
75,-22,2ZQO7bkMjiaq37JRdqZ/zK3/kpY=,IVsfqMB+Fu10eiAXYH7Rdz0JF/Q=
70,-24,fnTevFIPK+EDqnhMdlul80R+Asc=,QChyFURS+axeFmbr9FNebiPJ6K4=
70,-31,5HuWOx0fN3QNNP6hZH0ToTp7evk=,w0SfMZeLSPFns/CRFsIfN2RJcl4=
73,-23,2ZQO7bkMjiaq37JRdqZ/zK3/kpY=,IVsfqMB+Fu10eiAXYH7Rdz0JF/Q=
74,-21,Gk0E33mTO4yqu5VzEVAS2p85COE=,IVsfqMB+Fu10eiAXYH7Rdz0JF/Q=
65,-30,5HuWOx0fN3QNNP6hZH0ToTp7evk=,w0SfMZeLSPFns/CRFsIfN2RJcl4=
73,-18,fnTevFIPK+EDqnhMdlul80R+Asc=,IVsfqMB+Fu10eiAXYH7Rdz0JF/Q=
66,-30,5HuWOx0fN3QNNP6hZH0ToTp7evk=,w0SfMZeLSPFns/CRFsIfN2RJcl4=
76,-22,fnTevFIPK+EDqnhMdlul80R+Asc=,IVsfqMB+Fu10eiAXYH7Rdz0JF/Q=
67,-30,5HuWOx0fN3QNNP6hZH0ToTp7evk=,w0SfMZeLSPFns/CRFsIfN2RJcl4=
75,-21,2ZQO7bkMjiaq37JRdqZ/zK3/kpY=,IVsfqMB+Fu10eiAXYH7Rdz0JF/Q=
74,-23,fnTevFIPK+EDqnhMdlul80R+Asc=,IVsfqMB+Fu10eiAXYH7Rdz0JF/Q=
68,-30,g6HbLd74y1iFLjwiz3fsoPACNjc=,w0SfMZeLSPFns/CRFsIfN2RJcl4=
74,-18,fnTevFIPK+EDqnhMdlul80R+Asc=,IVsfqMB+Fu10eiAXYH7Rdz0JF/Q=
69,-24,fnTevFIPK+EDqnhMdlul80R+Asc=,QChyFURS+axeFmbr9FNebiPJ6K4=
69,-30,g6HbLd74y1iFLjwiz3fsoPACNjc=,w0SfMZeLSPFns/CRFsIfN2RJcl4=
70,-30,g6HbLd74y1iFLjwiz3fsoPACNjc=,w0SfMZeLSPFns/CRFsIfN2RJcl4=
77,-22,fnTevFIPK+EDqnhMdlul80R+Asc=,IVsfqMB+Fu10eiAXYH7Rdz0JF/Q=
75,-18,2ZQO7bkMjiaq37JRdqZ/zK3/kpY=,IVsfqMB+Fu10eiAXYH7Rdz0JF/Q=
65,-29,g6HbLd74y1iFLjwiz3fsoPACNjc=,w0SfMZeLSPFns/CRFsIfN2RJcl4=
78,-22,fnTevFIPK+EDqnhMdlul80R+Asc=,IVsfqMB+Fu10eiAXYH7Rdz0JF/Q=
66,-29,g6HbLd74y1iFLjwiz3fsoPACNjc=,w0SfMZeLSPFns/CRFsIfN2RJcl4=
77,-18,fnTevFIPK+EDqnhMdlul80R+Asc=,IVsfqMB+Fu10eiAXYH7Rdz0JF/Q=
76,-21,2ZQO7bkMjiaq37JRdqZ/zK3/kpY=,IVsfqMB+Fu10eiAXYH7Rdz0JF/Q=
76,-18,2ZQO7bkMjiaq37JRdqZ/zK3/kpY=,IVsfqMB+Fu10eiAXYH7Rdz0JF/Q=
65,-25,ka25mEzivfeaag3hrSzRDVebMPM=,w0SfMZeLSPFns/CRFsIfN2RJcl4=
67,-29,g6HbLd74y1iFLjwiz3fsoPACNjc=,w0SfMZeLSPFns/CRFsIfN2RJcl4=
77,-21,2ZQO7bkMjiaq37JRdqZ/zK3/kpY=,IVsfqMB+Fu10eiAXYH7Rdz0JF/Q=
65,-22,ka25mEzivfeaag3hrSzRDVebMPM=,QChyFURS+axeFmbr9FNebiPJ6K4=
78,-21,fnTevFIPK+EDqnhMdlul80R+Asc=,IVsfqMB+Fu10eiAXYH7Rdz0JF/Q=
68,-29,g6HbLd74y1iFLjwiz3fsoPACNjc=,w0SfMZeLSPFns/CRFsIfN2RJcl4=
69,-29,g6HbLd74y1iFLjwiz3fsoPACNjc=,w0SfMZeLSPFns/CRFsIfN2RJcl4=
68,-24,fnTevFIPK+EDqnhMdlul80R+Asc=,QChyFURS+axeFmbr9FNebiPJ6K4=
70,-23,Gk0E33mTO4yqu5VzEVAS2p85COE=,QChyFURS+axeFmbr9FNebiPJ6K4=
72,-23,2ZQO7bkMjiaq37JRdqZ/zK3/kpY=,IVsfqMB+Fu10eiAXYH7Rdz0JF/Q=
71,-23,fnTevFIPK+EDqnhMdlul80R+Asc=,QChyFURS+axeFmbr9FNebiPJ6K4=
67,-24,5HuWOx0fN3QNNP6hZH0ToTp7evk=,QChyFURS+axeFmbr9FNebiPJ6K4=
73,-22,2ZQO7bkMjiaq37JRdqZ/zK3/kpY=,IVsfqMB+Fu10eiAXYH7Rdz0JF/Q=
70,-29,g6HbLd74y1iFLjwiz3fsoPACNjc=,w0SfMZeLSPFns/CRFsIfN2RJcl4=
76,-25,Gk0E33mTO4yqu5VzEVAS2p85COE=,CEwihW6P/LN2qpZK0OBI0vwv5Es=
71,-18,2ZQO7bkMjiaq37JRdqZ/zK3/kpY=,QChyFURS+axeFmbr9FNebiPJ6K4=
72,-22,2ZQO7bkMjiaq37JRdqZ/zK3/kpY=,IVsfqMB+Fu10eiAXYH7Rdz0JF/Q=
75,-25,Gk0E33mTO4yqu5VzEVAS2p85COE=,CEwihW6P/LN2qpZK0OBI0vwv5Es=
66,-25,ka25mEzivfeaag3hrSzRDVebMPM=,w0SfMZeLSPFns/CRFsIfN2RJcl4=
74,-25,Gk0E33mTO4yqu5VzEVAS2p85COE=,CEwihW6P/LN2qpZK0OBI0vwv5Es=
66,-24,5HuWOx0fN3QNNP6hZH0ToTp7evk=,QChyFURS+axeFmbr9FNebiPJ6K4=
69,-23,Gk0E33mTO4yqu5VzEVAS2p85COE=,QChyFURS+axeFmbr9FNebiPJ6K4=
72,-21,fnTevFIPK+EDqnhMdlul80R+Asc=,IVsfqMB+Fu10eiAXYH7Rdz0JF/Q=
77,-25,Gk0E33mTO4yqu5VzEVAS2p85COE=,CEwihW6P/LN2qpZK0OBI0vwv5Es=
73,-25,5HuWOx0fN3QNNP6hZH0ToTp7evk=,CEwihW6P/LN2qpZK0OBI0vwv5Es=
65,-17,g6HbLd74y1iFLjwiz3fsoPACNjc=,QChyFURS+axeFmbr9FNebiPJ6K4=
70,-28,Gk0E33mTO4yqu5VzEVAS2p85COE=,w0SfMZeLSPFns/CRFsIfN2RJcl4=
78,-26,Gk0E33mTO4yqu5VzEVAS2p85COE=,CEwihW6P/LN2qpZK0OBI0vwv5Es=
72,-25,5HuWOx0fN3QNNP6hZH0ToTp7evk=,CEwihW6P/LN2qpZK0OBI0vwv5Es=
67,-25,ka25mEzivfeaag3hrSzRDVebMPM=,w0SfMZeLSPFns/CRFsIfN2RJcl4=
69,-28,Gk0E33mTO4yqu5VzEVAS2p85COE=,w0SfMZeLSPFns/CRFsIfN2RJcl4=
76,-26,5HuWOx0fN3QNNP6hZH0ToTp7evk=,CEwihW6P/LN2qpZK0OBI0vwv5Es=
77,-26,Gk0E33mTO4yqu5VzEVAS2p85COE=,CEwihW6P/LN2qpZK0OBI0vwv5Es=
68,-28,Gk0E33mTO4yqu5VzEVAS2p85COE=,w0SfMZeLSPFns/CRFsIfN2RJcl4=
74,-24,Gk0E33mTO4yqu5VzEVAS2p85COE=,IVsfqMB+Fu10eiAXYH7Rdz0JF/Q=
66,-17,g6HbLd74y1iFLjwiz3fsoPACNjc=,QChyFURS+axeFmbr9FNebiPJ6K4=
68,-23,Gk0E33mTO4yqu5VzEVAS2p85COE=,QChyFURS+axeFmbr9FNebiPJ6K4=
75,-26,Gk0E33mTO4yqu5VzEVAS2p85COE=,CEwihW6P/LN2qpZK0OBI0vwv5Es=
67,-23,ka25mEzivfeaag3hrSzRDVebMPM=,QChyFURS+axeFmbr9FNebiPJ6K4=
68,-25,g6HbLd74y1iFLjwiz3fsoPACNjc=,w0SfMZeLSPFns/CRFsIfN2RJcl4=
67,-28,ka25mEzivfeaag3hrSzRDVebMPM=,w0SfMZeLSPFns/CRFsIfN2RJcl4=
66,-23,ka25mEzivfeaag3hrSzRDVebMPM=,QChyFURS+axeFmbr9FNebiPJ6K4=
70,-18,fnTevFIPK+EDqnhMdlul80R+Asc=,QChyFURS+axeFmbr9FNebiPJ6K4=
65,-23,ka25mEzivfeaag3hrSzRDVebMPM=,QChyFURS+axeFmbr9FNebiPJ6K4=
69,-18,fnTevFIPK+EDqnhMdlul80R+Asc=,QChyFURS+axeFmbr9FNebiPJ6K4=
67,-17,g6HbLd74y1iFLjwiz3fsoPACNjc=,QChyFURS+axeFmbr9FNebiPJ6K4=
68,-18,fnTevFIPK+EDqnhMdlul80R+Asc=,QChyFURS+axeFmbr9FNebiPJ6K4=
78,-25,Gk0E33mTO4yqu5VzEVAS2p85COE=,CEwihW6P/LN2qpZK0OBI0vwv5Es=
67,-18,5HuWOx0fN3QNNP6hZH0ToTp7evk=,QChyFURS+axeFmbr9FNebiPJ6K4=
65,-24,5HuWOx0fN3QNNP6hZH0ToTp7evk=,QChyFURS+axeFmbr9FNebiPJ6K4=
66,-18,5HuWOx0fN3QNNP6hZH0ToTp7evk=,QChyFURS+axeFmbr9FNebiPJ6K4=
70,-25,ka25mEzivfeaag3hrSzRDVebMPM=,w0SfMZeLSPFns/CRFsIfN2RJcl4=
66,-28,ka25mEzivfeaag3hrSzRDVebMPM=,w0SfMZeLSPFns/CRFsIfN2RJcl4=
69,-25,ka25mEzivfeaag3hrSzRDVebMPM=,w0SfMZeLSPFns/CRFsIfN2RJcl4=
71,-19,2ZQO7bkMjiaq37JRdqZ/zK3/kpY=,QChyFURS+axeFmbr9FNebiPJ6K4=
65,-18,5HuWOx0fN3QNNP6hZH0ToTp7evk=,QChyFURS+axeFmbr9FNebiPJ6K4=
72,-24,2ZQO7bkMjiaq37JRdqZ/zK3/kpY=,IVsfqMB+Fu10eiAXYH7Rdz0JF/Q=
68,-17,fnTevFIPK+EDqnhMdlul80R+Asc=,QChyFURS+axeFmbr9FNebiPJ6K4=
65,-28,ka25mEzivfeaag3hrSzRDVebMPM=,w0SfMZeLSPFns/CRFsIfN2RJcl4=
79,-30,EKbjTs9kyV+G1zQnvlKwHkUYDJI=,CEwihW6P/LN2qpZK0OBI0vwv5Es=
79,-31,EKbjTs9kyV+G1zQnvlKwHkUYDJI=,CEwihW6P/LN2qpZK0OBI0vwv5Es=
79,-28,EKbjTs9kyV+G1zQnvlKwHkUYDJI=,CEwihW6P/LN2qpZK0OBI0vwv5Es=
79,-29,EKbjTs9kyV+G1zQnvlKwHkUYDJI=,CEwihW6P/LN2qpZK0OBI0vwv5Es=
79,-27,EKbjTs9kyV+G1zQnvlKwHkUYDJI=,CEwihW6P/LN2qpZK0OBI0vwv5Es=
79,-26,EKbjTs9kyV+G1zQnvlKwHkUYDJI=,CEwihW6P/LN2qpZK0OBI0vwv5Es=
78,-24,fnTevFIPK+EDqnhMdlul80R+Asc=,IVsfqMB+Fu10eiAXYH7Rdz0JF/Q=
70,-17,fnTevFIPK+EDqnhMdlul80R+Asc=,QChyFURS+axeFmbr9FNebiPJ6K4=
73,-26,Gk0E33mTO4yqu5VzEVAS2p85COE=,CEwihW6P/LN2qpZK0OBI0vwv5Es=
70,-19,fnTevFIPK+EDqnhMdlul80R+Asc=,QChyFURS+axeFmbr9FNebiPJ6K4=
71,-27,Gk0E33mTO4yqu5VzEVAS2p85COE=,w0SfMZeLSPFns/CRFsIfN2RJcl4=
69,-17,fnTevFIPK+EDqnhMdlul80R+Asc=,QChyFURS+axeFmbr9FNebiPJ6K4=
74,-26,Gk0E33mTO4yqu5VzEVAS2p85COE=,CEwihW6P/LN2qpZK0OBI0vwv5Es=
69,-19,fnTevFIPK+EDqnhMdlul80R+Asc=,QChyFURS+axeFmbr9FNebiPJ6K4=
67,-19,5HuWOx0fN3QNNP6hZH0ToTp7evk=,QChyFURS+axeFmbr9FNebiPJ6K4=
68,-19,Gk0E33mTO4yqu5VzEVAS2p85COE=,QChyFURS+axeFmbr9FNebiPJ6K4=
77,-24,fnTevFIPK+EDqnhMdlul80R+Asc=,IVsfqMB+Fu10eiAXYH7Rdz0JF/Q=
73,-24,2ZQO7bkMjiaq37JRdqZ/zK3/kpY=,IVsfqMB+Fu10eiAXYH7Rdz0JF/Q=
66,-19,5HuWOx0fN3QNNP6hZH0ToTp7evk=,QChyFURS+axeFmbr9FNebiPJ6K4=
72,-26,Gk0E33mTO4yqu5VzEVAS2p85COE=,CEwihW6P/LN2qpZK0OBI0vwv5Es=
79,-25,EKbjTs9kyV+G1zQnvlKwHkUYDJI=,CEwihW6P/LN2qpZK0OBI0vwv5Es=
75,-24,2ZQO7bkMjiaq37JRdqZ/zK3/kpY=,IVsfqMB+Fu10eiAXYH7Rdz0JF/Q=
79,-20,EKbjTs9kyV+G1zQnvlKwHkUYDJI=,IVsfqMB+Fu10eiAXYH7Rdz0JF/Q=
79,-19,EKbjTs9kyV+G1zQnvlKwHkUYDJI=,IVsfqMB+Fu10eiAXYH7Rdz0JF/Q=
79,-18,ka25mEzivfeaag3hrSzRDVebMPM=,IVsfqMB+Fu10eiAXYH7Rdz0JF/Q=
79,-23,EKbjTs9kyV+G1zQnvlKwHkUYDJI=,IVsfqMB+Fu10eiAXYH7Rdz0JF/Q=
79,-22,EKbjTs9kyV+G1zQnvlKwHkUYDJI=,IVsfqMB+Fu10eiAXYH7Rdz0JF/Q=
79,-24,EKbjTs9kyV+G1zQnvlKwHkUYDJI=,IVsfqMB+Fu10eiAXYH7Rdz0JF/Q=
79,-21,EKbjTs9kyV+G1zQnvlKwHkUYDJI=,IVsfqMB+Fu10eiAXYH7Rdz0JF/Q=
65,-19,g6HbLd74y1iFLjwiz3fsoPACNjc=,QChyFURS+axeFmbr9FNebiPJ6K4=
72,-31,g6HbLd74y1iFLjwiz3fsoPACNjc=,CEwihW6P/LN2qpZK0OBI0vwv5Es=
77,-27,Gk0E33mTO4yqu5VzEVAS2p85COE=,CEwihW6P/LN2qpZK0OBI0vwv5Es=
78,-27,Gk0E33mTO4yqu5VzEVAS2p85COE=,CEwihW6P/LN2qpZK0OBI0vwv5Es=
75,-27,5HuWOx0fN3QNNP6hZH0ToTp7evk=,CEwihW6P/LN2qpZK0OBI0vwv5Es=
76,-27,Gk0E33mTO4yqu5VzEVAS2p85COE=,CEwihW6P/LN2qpZK0OBI0vwv5Es=
71,-20,2ZQO7bkMjiaq37JRdqZ/zK3/kpY=,QChyFURS+axeFmbr9FNebiPJ6K4=
74,-27,5HuWOx0fN3QNNP6hZH0ToTp7evk=,CEwihW6P/LN2qpZK0OBI0vwv5Es=
73,-27,Gk0E33mTO4yqu5VzEVAS2p85COE=,CEwihW6P/LN2qpZK0OBI0vwv5Es=
70,-20,Gk0E33mTO4yqu5VzEVAS2p85COE=,QChyFURS+axeFmbr9FNebiPJ6K4=
76,-17,fnTevFIPK+EDqnhMdlul80R+Asc=,IVsfqMB+Fu10eiAXYH7Rdz0JF/Q=
69,-20,Gk0E33mTO4yqu5VzEVAS2p85COE=,QChyFURS+axeFmbr9FNebiPJ6K4=
73,-31,g6HbLd74y1iFLjwiz3fsoPACNjc=,CEwihW6P/LN2qpZK0OBI0vwv5Es=
72,-18,Gk0E33mTO4yqu5VzEVAS2p85COE=,IVsfqMB+Fu10eiAXYH7Rdz0JF/Q=
72,-27,Gk0E33mTO4yqu5VzEVAS2p85COE=,CEwihW6P/LN2qpZK0OBI0vwv5Es=
77,-17,fnTevFIPK+EDqnhMdlul80R+Asc=,IVsfqMB+Fu10eiAXYH7Rdz0JF/Q=
68,-20,Gk0E33mTO4yqu5VzEVAS2p85COE=,QChyFURS+axeFmbr9FNebiPJ6K4=
67,-20,5HuWOx0fN3QNNP6hZH0ToTp7evk=,QChyFURS+axeFmbr9FNebiPJ6K4=
74,-31,g6HbLd74y1iFLjwiz3fsoPACNjc=,CEwihW6P/LN2qpZK0OBI0vwv5Es=
66,-20,g6HbLd74y1iFLjwiz3fsoPACNjc=,QChyFURS+axeFmbr9FNebiPJ6K4=
65,-20,g6HbLd74y1iFLjwiz3fsoPACNjc=,QChyFURS+axeFmbr9FNebiPJ6K4=
72,-19,2ZQO7bkMjiaq37JRdqZ/zK3/kpY=,IVsfqMB+Fu10eiAXYH7Rdz0JF/Q=
78,-17,fnTevFIPK+EDqnhMdlul80R+Asc=,IVsfqMB+Fu10eiAXYH7Rdz0JF/Q=
79,-17,ka25mEzivfeaag3hrSzRDVebMPM=,IVsfqMB+Fu10eiAXYH7Rdz0JF/Q=
75,-31,g6HbLd74y1iFLjwiz3fsoPACNjc=,CEwihW6P/LN2qpZK0OBI0vwv5Es=
71,-21,2ZQO7bkMjiaq37JRdqZ/zK3/kpY=,QChyFURS+axeFmbr9FNebiPJ6K4=
70,-21,Gk0E33mTO4yqu5VzEVAS2p85COE=,QChyFURS+axeFmbr9FNebiPJ6K4=
69,-21,Gk0E33mTO4yqu5VzEVAS2p85COE=,QChyFURS+axeFmbr9FNebiPJ6K4=
64,-20,ka25mEzivfeaag3hrSzRDVebMPM=,QChyFURS+axeFmbr9FNebiPJ6K4=
71,-24,fnTevFIPK+EDqnhMdlul80R+Asc=,QChyFURS+axeFmbr9FNebiPJ6K4=
72,-20,fnTevFIPK+EDqnhMdlul80R+Asc=,IVsfqMB+Fu10eiAXYH7Rdz0JF/Q=
78,-28,5HuWOx0fN3QNNP6hZH0ToTp7evk=,CEwihW6P/LN2qpZK0OBI0vwv5Es=
76,-31,g6HbLd74y1iFLjwiz3fsoPACNjc=,CEwihW6P/LN2qpZK0OBI0vwv5Es=
71,-17,fnTevFIPK+EDqnhMdlul80R+Asc=,QChyFURS+axeFmbr9FNebiPJ6K4=
72,-17,fnTevFIPK+EDqnhMdlul80R+Asc=,IVsfqMB+Fu10eiAXYH7Rdz0JF/Q=
77,-28,5HuWOx0fN3QNNP6hZH0ToTp7evk=,CEwihW6P/LN2qpZK0OBI0vwv5Es=
75,-17,fnTevFIPK+EDqnhMdlul80R+Asc=,IVsfqMB+Fu10eiAXYH7Rdz0JF/Q=
71,-28,Gk0E33mTO4yqu5VzEVAS2p85COE=,w0SfMZeLSPFns/CRFsIfN2RJcl4=
74,-17,fnTevFIPK+EDqnhMdlul80R+Asc=,IVsfqMB+Fu10eiAXYH7Rdz0JF/Q=
64,-19,ka25mEzivfeaag3hrSzRDVebMPM=,QChyFURS+axeFmbr9FNebiPJ6K4=
73,-17,fnTevFIPK+EDqnhMdlul80R+Asc=,IVsfqMB+Fu10eiAXYH7Rdz0JF/Q=
77,-31,ka25mEzivfeaag3hrSzRDVebMPM=,CEwihW6P/LN2qpZK0OBI0vwv5Es=
64,-18,ka25mEzivfeaag3hrSzRDVebMPM=,QChyFURS+axeFmbr9FNebiPJ6K4=
71,-26,g6HbLd74y1iFLjwiz3fsoPACNjc=,w0SfMZeLSPFns/CRFsIfN2RJcl4=
64,-21,ka25mEzivfeaag3hrSzRDVebMPM=,QChyFURS+axeFmbr9FNebiPJ6K4=
64,-23,g6HbLd74y1iFLjwiz3fsoPACNjc=,QChyFURS+axeFmbr9FNebiPJ6K4=
75,-28,5HuWOx0fN3QNNP6hZH0ToTp7evk=,CEwihW6P/LN2qpZK0OBI0vwv5Es=
76,-28,5HuWOx0fN3QNNP6hZH0ToTp7evk=,CEwihW6P/LN2qpZK0OBI0vwv5Es=
64,-22,ka25mEzivfeaag3hrSzRDVebMPM=,QChyFURS+axeFmbr9FNebiPJ6K4=
74,-28,5HuWOx0fN3QNNP6hZH0ToTp7evk=,CEwihW6P/LN2qpZK0OBI0vwv5Es=
78,-31,ka25mEzivfeaag3hrSzRDVebMPM=,CEwihW6P/LN2qpZK0OBI0vwv5Es=
72,-28,Gk0E33mTO4yqu5VzEVAS2p85COE=,CEwihW6P/LN2qpZK0OBI0vwv5Es=
73,-28,5HuWOx0fN3QNNP6hZH0ToTp7evk=,CEwihW6P/LN2qpZK0OBI0vwv5Es=
65,-32,g6HbLd74y1iFLjwiz3fsoPACNjc=,w0SfMZeLSPFns/CRFsIfN2RJcl4=
71,-25,g6HbLd74y1iFLjwiz3fsoPACNjc=,w0SfMZeLSPFns/CRFsIfN2RJcl4=
78,-29,g6HbLd74y1iFLjwiz3fsoPACNjc=,CEwihW6P/LN2qpZK0OBI0vwv5Es=
71,-31,5HuWOx0fN3QNNP6hZH0ToTp7evk=,w0SfMZeLSPFns/CRFsIfN2RJcl4=
66,-32,g6HbLd74y1iFLjwiz3fsoPACNjc=,w0SfMZeLSPFns/CRFsIfN2RJcl4=
77,-29,g6HbLd74y1iFLjwiz3fsoPACNjc=,CEwihW6P/LN2qpZK0OBI0vwv5Es=
76,-29,ka25mEzivfeaag3hrSzRDVebMPM=,CEwihW6P/LN2qpZK0OBI0vwv5Es=
70,-32,5HuWOx0fN3QNNP6hZH0ToTp7evk=,w0SfMZeLSPFns/CRFsIfN2RJcl4=
75,-29,g6HbLd74y1iFLjwiz3fsoPACNjc=,CEwihW6P/LN2qpZK0OBI0vwv5Es=
73,-29,g6HbLd74y1iFLjwiz3fsoPACNjc=,CEwihW6P/LN2qpZK0OBI0vwv5Es=
74,-29,g6HbLd74y1iFLjwiz3fsoPACNjc=,CEwihW6P/LN2qpZK0OBI0vwv5Es=
69,-32,5HuWOx0fN3QNNP6hZH0ToTp7evk=,w0SfMZeLSPFns/CRFsIfN2RJcl4=
79,-32,ka25mEzivfeaag3hrSzRDVebMPM=,CEwihW6P/LN2qpZK0OBI0vwv5Es=
72,-30,g6HbLd74y1iFLjwiz3fsoPACNjc=,CEwihW6P/LN2qpZK0OBI0vwv5Es=
72,-32,ka25mEzivfeaag3hrSzRDVebMPM=,CEwihW6P/LN2qpZK0OBI0vwv5Es=
67,-32,g6HbLd74y1iFLjwiz3fsoPACNjc=,w0SfMZeLSPFns/CRFsIfN2RJcl4=
68,-32,5HuWOx0fN3QNNP6hZH0ToTp7evk=,w0SfMZeLSPFns/CRFsIfN2RJcl4=
71,-29,g6HbLd74y1iFLjwiz3fsoPACNjc=,w0SfMZeLSPFns/CRFsIfN2RJcl4=
71,-32,5HuWOx0fN3QNNP6hZH0ToTp7evk=,w0SfMZeLSPFns/CRFsIfN2RJcl4=
78,-32,ka25mEzivfeaag3hrSzRDVebMPM=,CEwihW6P/LN2qpZK0OBI0vwv5Es=
77,-32,ka25mEzivfeaag3hrSzRDVebMPM=,CEwihW6P/LN2qpZK0OBI0vwv5Es=
76,-32,ka25mEzivfeaag3hrSzRDVebMPM=,CEwihW6P/LN2qpZK0OBI0vwv5Es=
73,-30,g6HbLd74y1iFLjwiz3fsoPACNjc=,CEwihW6P/LN2qpZK0OBI0vwv5Es=
73,-32,ka25mEzivfeaag3hrSzRDVebMPM=,CEwihW6P/LN2qpZK0OBI0vwv5Es=
75,-32,ka25mEzivfeaag3hrSzRDVebMPM=,CEwihW6P/LN2qpZK0OBI0vwv5Es=
74,-32,ka25mEzivfeaag3hrSzRDVebMPM=,CEwihW6P/LN2qpZK0OBI0vwv5Es=
76,-24,fnTevFIPK+EDqnhMdlul80R+Asc=,IVsfqMB+Fu10eiAXYH7Rdz0JF/Q=
78,-30,ka25mEzivfeaag3hrSzRDVebMPM=,CEwihW6P/LN2qpZK0OBI0vwv5Es=
71,-30,g6HbLd74y1iFLjwiz3fsoPACNjc=,w0SfMZeLSPFns/CRFsIfN2RJcl4=
77,-30,ka25mEzivfeaag3hrSzRDVebMPM=,CEwihW6P/LN2qpZK0OBI0vwv5Es=
64,-17,ka25mEzivfeaag3hrSzRDVebMPM=,QChyFURS+axeFmbr9FNebiPJ6K4=
74,-30,g6HbLd74y1iFLjwiz3fsoPACNjc=,CEwihW6P/LN2qpZK0OBI0vwv5Es=
76,-30,ka25mEzivfeaag3hrSzRDVebMPM=,CEwihW6P/LN2qpZK0OBI0vwv5Es=
75,-30,g6HbLd74y1iFLjwiz3fsoPACNjc=,CEwihW6P/LN2qpZK0OBI0vwv5Es=
72,-29,g6HbLd74y1iFLjwiz3fsoPACNjc=,CEwihW6P/LN2qpZK0OBI0vwv5Es=
64,-28,ka25mEzivfeaag3hrSzRDVebMPM=,w0SfMZeLSPFns/CRFsIfN2RJcl4=
64,-27,ka25mEzivfeaag3hrSzRDVebMPM=,w0SfMZeLSPFns/CRFsIfN2RJcl4=
64,-24,ka25mEzivfeaag3hrSzRDVebMPM=,QChyFURS+axeFmbr9FNebiPJ6K4=
64,-26,ka25mEzivfeaag3hrSzRDVebMPM=,w0SfMZeLSPFns/CRFsIfN2RJcl4=
64,-29,5HuWOx0fN3QNNP6hZH0ToTp7evk=,w0SfMZeLSPFns/CRFsIfN2RJcl4=
64,-25,ka25mEzivfeaag3hrSzRDVebMPM=,w0SfMZeLSPFns/CRFsIfN2RJcl4=
64,-30,5HuWOx0fN3QNNP6hZH0ToTp7evk=,w0SfMZeLSPFns/CRFsIfN2RJcl4=
64,-32,5HuWOx0fN3QNNP6hZH0ToTp7evk=,w0SfMZeLSPFns/CRFsIfN2RJcl4=
64,-31,5HuWOx0fN3QNNP6hZH0ToTp7evk=,w0SfMZeLSPFns/CRFsIfN2RJcl4=
73,-4,wtLc4pJcLT89aUpOCf3cK8ap5dI=,kx2pUyEjSlU9+2M6l3mstFI12X4=
74,-4,wtLc4pJcLT89aUpOCf3cK8ap5dI=,kx2pUyEjSlU9+2M6l3mstFI12X4=
73,-6,Kv/SalsiSJoSsSPjC/DdfG0pEB4=,kx2pUyEjSlU9+2M6l3mstFI12X4=
76,-9,jQ2Z83oGS+gqPI92DXMzsHkn0WI=,1vwLtwo64ZsZ8S5t5REVYyTz7Dk=
78,-4,nE/fDPVp28vZFVBPAhsvYS+wMyI=,kx2pUyEjSlU9+2M6l3mstFI12X4=
78,-5,nE/fDPVp28vZFVBPAhsvYS+wMyI=,kx2pUyEjSlU9+2M6l3mstFI12X4=
77,-9,2ZQO7bkMjiaq37JRdqZ/zK3/kpY=,1vwLtwo64ZsZ8S5t5REVYyTz7Dk=
78,-9,2ZQO7bkMjiaq37JRdqZ/zK3/kpY=,1vwLtwo64ZsZ8S5t5REVYyTz7Dk=
73,-8,wtLc4pJcLT89aUpOCf3cK8ap5dI=,kx2pUyEjSlU9+2M6l3mstFI12X4=
75,-8,jQ2Z83oGS+gqPI92DXMzsHkn0WI=,kx2pUyEjSlU9+2M6l3mstFI12X4=
76,-8,jQ2Z83oGS+gqPI92DXMzsHkn0WI=,kx2pUyEjSlU9+2M6l3mstFI12X4=
77,-8,jQ2Z83oGS+gqPI92DXMzsHkn0WI=,kx2pUyEjSlU9+2M6l3mstFI12X4=
78,-8,jQ2Z83oGS+gqPI92DXMzsHkn0WI=,kx2pUyEjSlU9+2M6l3mstFI12X4=
75,-9,Kv/SalsiSJoSsSPjC/DdfG0pEB4=,1vwLtwo64ZsZ8S5t5REVYyTz7Dk=
77,-4,nE/fDPVp28vZFVBPAhsvYS+wMyI=,kx2pUyEjSlU9+2M6l3mstFI12X4=
74,-8,Kv/SalsiSJoSsSPjC/DdfG0pEB4=,kx2pUyEjSlU9+2M6l3mstFI12X4=
73,-9,Kv/SalsiSJoSsSPjC/DdfG0pEB4=,1vwLtwo64ZsZ8S5t5REVYyTz7Dk=
74,-9,Kv/SalsiSJoSsSPjC/DdfG0pEB4=,1vwLtwo64ZsZ8S5t5REVYyTz7Dk=
77,-5,jQ2Z83oGS+gqPI92DXMzsHkn0WI=,kx2pUyEjSlU9+2M6l3mstFI12X4=
73,-15,Kv/SalsiSJoSsSPjC/DdfG0pEB4=,1vwLtwo64ZsZ8S5t5REVYyTz7Dk=
78,-10,jQ2Z83oGS+gqPI92DXMzsHkn0WI=,1vwLtwo64ZsZ8S5t5REVYyTz7Dk=
74,-15,Kv/SalsiSJoSsSPjC/DdfG0pEB4=,1vwLtwo64ZsZ8S5t5REVYyTz7Dk=
78,-2,nE/fDPVp28vZFVBPAhsvYS+wMyI=,kx2pUyEjSlU9+2M6l3mstFI12X4=
77,-2,wtLc4pJcLT89aUpOCf3cK8ap5dI=,kx2pUyEjSlU9+2M6l3mstFI12X4=
78,-3,nE/fDPVp28vZFVBPAhsvYS+wMyI=,kx2pUyEjSlU9+2M6l3mstFI12X4=
75,-15,Kv/SalsiSJoSsSPjC/DdfG0pEB4=,1vwLtwo64ZsZ8S5t5REVYyTz7Dk=
77,-10,jQ2Z83oGS+gqPI92DXMzsHkn0WI=,1vwLtwo64ZsZ8S5t5REVYyTz7Dk=
76,-2,wtLc4pJcLT89aUpOCf3cK8ap5dI=,kx2pUyEjSlU9+2M6l3mstFI12X4=
77,-3,wtLc4pJcLT89aUpOCf3cK8ap5dI=,kx2pUyEjSlU9+2M6l3mstFI12X4=
76,-15,jQ2Z83oGS+gqPI92DXMzsHkn0WI=,1vwLtwo64ZsZ8S5t5REVYyTz7Dk=
76,-5,jQ2Z83oGS+gqPI92DXMzsHkn0WI=,kx2pUyEjSlU9+2M6l3mstFI12X4=
76,-10,jQ2Z83oGS+gqPI92DXMzsHkn0WI=,1vwLtwo64ZsZ8S5t5REVYyTz7Dk=
75,-2,nE/fDPVp28vZFVBPAhsvYS+wMyI=,kx2pUyEjSlU9+2M6l3mstFI12X4=
77,-15,jQ2Z83oGS+gqPI92DXMzsHkn0WI=,1vwLtwo64ZsZ8S5t5REVYyTz7Dk=
76,-4,nE/fDPVp28vZFVBPAhsvYS+wMyI=,kx2pUyEjSlU9+2M6l3mstFI12X4=
74,-2,nE/fDPVp28vZFVBPAhsvYS+wMyI=,kx2pUyEjSlU9+2M6l3mstFI12X4=
78,-15,jQ2Z83oGS+gqPI92DXMzsHkn0WI=,1vwLtwo64ZsZ8S5t5REVYyTz7Dk=
75,-10,Kv/SalsiSJoSsSPjC/DdfG0pEB4=,1vwLtwo64ZsZ8S5t5REVYyTz7Dk=
74,-10,Kv/SalsiSJoSsSPjC/DdfG0pEB4=,1vwLtwo64ZsZ8S5t5REVYyTz7Dk=
73,-10,Kv/SalsiSJoSsSPjC/DdfG0pEB4=,1vwLtwo64ZsZ8S5t5REVYyTz7Dk=
73,-14,wtLc4pJcLT89aUpOCf3cK8ap5dI=,1vwLtwo64ZsZ8S5t5REVYyTz7Dk=
76,-3,wtLc4pJcLT89aUpOCf3cK8ap5dI=,kx2pUyEjSlU9+2M6l3mstFI12X4=
74,-14,wtLc4pJcLT89aUpOCf3cK8ap5dI=,1vwLtwo64ZsZ8S5t5REVYyTz7Dk=
78,-6,jQ2Z83oGS+gqPI92DXMzsHkn0WI=,kx2pUyEjSlU9+2M6l3mstFI12X4=
73,-2,nE/fDPVp28vZFVBPAhsvYS+wMyI=,kx2pUyEjSlU9+2M6l3mstFI12X4=
75,-14,wtLc4pJcLT89aUpOCf3cK8ap5dI=,1vwLtwo64ZsZ8S5t5REVYyTz7Dk=
78,-11,jQ2Z83oGS+gqPI92DXMzsHkn0WI=,1vwLtwo64ZsZ8S5t5REVYyTz7Dk=
77,-6,jQ2Z83oGS+gqPI92DXMzsHkn0WI=,kx2pUyEjSlU9+2M6l3mstFI12X4=
76,-14,jQ2Z83oGS+gqPI92DXMzsHkn0WI=,1vwLtwo64ZsZ8S5t5REVYyTz7Dk=
75,-5,Kv/SalsiSJoSsSPjC/DdfG0pEB4=,kx2pUyEjSlU9+2M6l3mstFI12X4=
76,-6,jQ2Z83oGS+gqPI92DXMzsHkn0WI=,kx2pUyEjSlU9+2M6l3mstFI12X4=
77,-11,jQ2Z83oGS+gqPI92DXMzsHkn0WI=,1vwLtwo64ZsZ8S5t5REVYyTz7Dk=
75,-4,wtLc4pJcLT89aUpOCf3cK8ap5dI=,kx2pUyEjSlU9+2M6l3mstFI12X4=
75,-3,nE/fDPVp28vZFVBPAhsvYS+wMyI=,kx2pUyEjSlU9+2M6l3mstFI12X4=
76,-11,jQ2Z83oGS+gqPI92DXMzsHkn0WI=,1vwLtwo64ZsZ8S5t5REVYyTz7Dk=
75,-11,Kv/SalsiSJoSsSPjC/DdfG0pEB4=,1vwLtwo64ZsZ8S5t5REVYyTz7Dk=
75,-6,nE/fDPVp28vZFVBPAhsvYS+wMyI=,kx2pUyEjSlU9+2M6l3mstFI12X4=
74,-11,Kv/SalsiSJoSsSPjC/DdfG0pEB4=,1vwLtwo64ZsZ8S5t5REVYyTz7Dk=
74,-6,Kv/SalsiSJoSsSPjC/DdfG0pEB4=,kx2pUyEjSlU9+2M6l3mstFI12X4=
74,-5,AcLHUPCYChlFVKa2mqbS8DuA2/Y=,kx2pUyEjSlU9+2M6l3mstFI12X4=
74,-7,nE/fDPVp28vZFVBPAhsvYS+wMyI=,kx2pUyEjSlU9+2M6l3mstFI12X4=
74,-3,nE/fDPVp28vZFVBPAhsvYS+wMyI=,kx2pUyEjSlU9+2M6l3mstFI12X4=
78,-7,jQ2Z83oGS+gqPI92DXMzsHkn0WI=,kx2pUyEjSlU9+2M6l3mstFI12X4=
73,-7,wtLc4pJcLT89aUpOCf3cK8ap5dI=,kx2pUyEjSlU9+2M6l3mstFI12X4=
77,-7,jQ2Z83oGS+gqPI92DXMzsHkn0WI=,kx2pUyEjSlU9+2M6l3mstFI12X4=
76,-7,jQ2Z83oGS+gqPI92DXMzsHkn0WI=,kx2pUyEjSlU9+2M6l3mstFI12X4=
73,-11,Kv/SalsiSJoSsSPjC/DdfG0pEB4=,1vwLtwo64ZsZ8S5t5REVYyTz7Dk=
75,-7,nE/fDPVp28vZFVBPAhsvYS+wMyI=,kx2pUyEjSlU9+2M6l3mstFI12X4=
73,-5,nE/fDPVp28vZFVBPAhsvYS+wMyI=,kx2pUyEjSlU9+2M6l3mstFI12X4=
73,-3,nE/fDPVp28vZFVBPAhsvYS+wMyI=,kx2pUyEjSlU9+2M6l3mstFI12X4=
79,-5,jQ2Z83oGS+gqPI92DXMzsHkn0WI=,kx2pUyEjSlU9+2M6l3mstFI12X4=
79,-7,2ZQO7bkMjiaq37JRdqZ/zK3/kpY=,kx2pUyEjSlU9+2M6l3mstFI12X4=
79,-6,2ZQO7bkMjiaq37JRdqZ/zK3/kpY=,kx2pUyEjSlU9+2M6l3mstFI12X4=
79,-2,jQ2Z83oGS+gqPI92DXMzsHkn0WI=,kx2pUyEjSlU9+2M6l3mstFI12X4=
79,-3,2ZQO7bkMjiaq37JRdqZ/zK3/kpY=,kx2pUyEjSlU9+2M6l3mstFI12X4=
78,-12,jQ2Z83oGS+gqPI92DXMzsHkn0WI=,1vwLtwo64ZsZ8S5t5REVYyTz7Dk=
77,-12,jQ2Z83oGS+gqPI92DXMzsHkn0WI=,1vwLtwo64ZsZ8S5t5REVYyTz7Dk=
79,-4,jQ2Z83oGS+gqPI92DXMzsHkn0WI=,kx2pUyEjSlU9+2M6l3mstFI12X4=
76,-12,jQ2Z83oGS+gqPI92DXMzsHkn0WI=,1vwLtwo64ZsZ8S5t5REVYyTz7Dk=
75,-12,Kv/SalsiSJoSsSPjC/DdfG0pEB4=,1vwLtwo64ZsZ8S5t5REVYyTz7Dk=
74,-12,Kv/SalsiSJoSsSPjC/DdfG0pEB4=,1vwLtwo64ZsZ8S5t5REVYyTz7Dk=
73,-12,Kv/SalsiSJoSsSPjC/DdfG0pEB4=,1vwLtwo64ZsZ8S5t5REVYyTz7Dk=
78,-13,nE/fDPVp28vZFVBPAhsvYS+wMyI=,1vwLtwo64ZsZ8S5t5REVYyTz7Dk=
77,-13,nE/fDPVp28vZFVBPAhsvYS+wMyI=,1vwLtwo64ZsZ8S5t5REVYyTz7Dk=
76,-13,nE/fDPVp28vZFVBPAhsvYS+wMyI=,1vwLtwo64ZsZ8S5t5REVYyTz7Dk=
75,-13,wtLc4pJcLT89aUpOCf3cK8ap5dI=,1vwLtwo64ZsZ8S5t5REVYyTz7Dk=
74,-13,Kv/SalsiSJoSsSPjC/DdfG0pEB4=,1vwLtwo64ZsZ8S5t5REVYyTz7Dk=
73,-13,wtLc4pJcLT89aUpOCf3cK8ap5dI=,1vwLtwo64ZsZ8S5t5REVYyTz7Dk=
78,-14,nE/fDPVp28vZFVBPAhsvYS+wMyI=,1vwLtwo64ZsZ8S5t5REVYyTz7Dk=
76,-1,nE/fDPVp28vZFVBPAhsvYS+wMyI=,kx2pUyEjSlU9+2M6l3mstFI12X4=
75,-1,nE/fDPVp28vZFVBPAhsvYS+wMyI=,kx2pUyEjSlU9+2M6l3mstFI12X4=
77,-1,nE/fDPVp28vZFVBPAhsvYS+wMyI=,kx2pUyEjSlU9+2M6l3mstFI12X4=
78,-1,wtLc4pJcLT89aUpOCf3cK8ap5dI=,kx2pUyEjSlU9+2M6l3mstFI12X4=
74,-1,nE/fDPVp28vZFVBPAhsvYS+wMyI=,kx2pUyEjSlU9+2M6l3mstFI12X4=
73,-1,nE/fDPVp28vZFVBPAhsvYS+wMyI=,kx2pUyEjSlU9+2M6l3mstFI12X4=
77,-14,jQ2Z83oGS+gqPI92DXMzsHkn0WI=,1vwLtwo64ZsZ8S5t5REVYyTz7Dk=
73,-16,AcLHUPCYChlFVKa2mqbS8DuA2/Y=,1vwLtwo64ZsZ8S5t5REVYyTz7Dk=
75,-16,h+fCfKTeZ7zgbHFkpPIgt19hRts=,1vwLtwo64ZsZ8S5t5REVYyTz7Dk=
78,-16,jQ2Z83oGS+gqPI92DXMzsHkn0WI=,1vwLtwo64ZsZ8S5t5REVYyTz7Dk=
76,-16,jQ2Z83oGS+gqPI92DXMzsHkn0WI=,1vwLtwo64ZsZ8S5t5REVYyTz7Dk=
74,-16,AcLHUPCYChlFVKa2mqbS8DuA2/Y=,1vwLtwo64ZsZ8S5t5REVYyTz7Dk=
68,-11,wtLc4pJcLT89aUpOCf3cK8ap5dI=,+cMwcrrEcf6ziMCOzoixDZl7KhM=
77,-16,jQ2Z83oGS+gqPI92DXMzsHkn0WI=,1vwLtwo64ZsZ8S5t5REVYyTz7Dk=
67,-11,Kv/SalsiSJoSsSPjC/DdfG0pEB4=,+cMwcrrEcf6ziMCOzoixDZl7KhM=
69,-11,Kv/SalsiSJoSsSPjC/DdfG0pEB4=,+cMwcrrEcf6ziMCOzoixDZl7KhM=
72,-10,h+fCfKTeZ7zgbHFkpPIgt19hRts=,1vwLtwo64ZsZ8S5t5REVYyTz7Dk=
66,-11,Kv/SalsiSJoSsSPjC/DdfG0pEB4=,+cMwcrrEcf6ziMCOzoixDZl7KhM=
64,-11,AcLHUPCYChlFVKa2mqbS8DuA2/Y=,+cMwcrrEcf6ziMCOzoixDZl7KhM=
65,-11,Kv/SalsiSJoSsSPjC/DdfG0pEB4=,+cMwcrrEcf6ziMCOzoixDZl7KhM=
72,-11,AcLHUPCYChlFVKa2mqbS8DuA2/Y=,1vwLtwo64ZsZ8S5t5REVYyTz7Dk=
71,-12,Kv/SalsiSJoSsSPjC/DdfG0pEB4=,+cMwcrrEcf6ziMCOzoixDZl7KhM=
79,-1,jQ2Z83oGS+gqPI92DXMzsHkn0WI=,kx2pUyEjSlU9+2M6l3mstFI12X4=
70,-12,Kv/SalsiSJoSsSPjC/DdfG0pEB4=,+cMwcrrEcf6ziMCOzoixDZl7KhM=
64,-16,AcLHUPCYChlFVKa2mqbS8DuA2/Y=,+cMwcrrEcf6ziMCOzoixDZl7KhM=
70,-11,Kv/SalsiSJoSsSPjC/DdfG0pEB4=,+cMwcrrEcf6ziMCOzoixDZl7KhM=
69,-12,Kv/SalsiSJoSsSPjC/DdfG0pEB4=,+cMwcrrEcf6ziMCOzoixDZl7KhM=
68,-12,Kv/SalsiSJoSsSPjC/DdfG0pEB4=,+cMwcrrEcf6ziMCOzoixDZl7KhM=
66,-12,AcLHUPCYChlFVKa2mqbS8DuA2/Y=,+cMwcrrEcf6ziMCOzoixDZl7KhM=
72,-12,AcLHUPCYChlFVKa2mqbS8DuA2/Y=,1vwLtwo64ZsZ8S5t5REVYyTz7Dk=
67,-12,AcLHUPCYChlFVKa2mqbS8DuA2/Y=,+cMwcrrEcf6ziMCOzoixDZl7KhM=
65,-12,AcLHUPCYChlFVKa2mqbS8DuA2/Y=,+cMwcrrEcf6ziMCOzoixDZl7KhM=
64,-12,AcLHUPCYChlFVKa2mqbS8DuA2/Y=,+cMwcrrEcf6ziMCOzoixDZl7KhM=
71,-13,AcLHUPCYChlFVKa2mqbS8DuA2/Y=,+cMwcrrEcf6ziMCOzoixDZl7KhM=
70,-13,h+fCfKTeZ7zgbHFkpPIgt19hRts=,+cMwcrrEcf6ziMCOzoixDZl7KhM=
71,-11,AcLHUPCYChlFVKa2mqbS8DuA2/Y=,+cMwcrrEcf6ziMCOzoixDZl7KhM=
67,-13,h+fCfKTeZ7zgbHFkpPIgt19hRts=,+cMwcrrEcf6ziMCOzoixDZl7KhM=
69,-13,h+fCfKTeZ7zgbHFkpPIgt19hRts=,+cMwcrrEcf6ziMCOzoixDZl7KhM=
68,-13,h+fCfKTeZ7zgbHFkpPIgt19hRts=,+cMwcrrEcf6ziMCOzoixDZl7KhM=
66,-13,AcLHUPCYChlFVKa2mqbS8DuA2/Y=,+cMwcrrEcf6ziMCOzoixDZl7KhM=
72,-13,h+fCfKTeZ7zgbHFkpPIgt19hRts=,1vwLtwo64ZsZ8S5t5REVYyTz7Dk=
64,-13,AcLHUPCYChlFVKa2mqbS8DuA2/Y=,+cMwcrrEcf6ziMCOzoixDZl7KhM=
65,-13,AcLHUPCYChlFVKa2mqbS8DuA2/Y=,+cMwcrrEcf6ziMCOzoixDZl7KhM=
71,-14,AcLHUPCYChlFVKa2mqbS8DuA2/Y=,+cMwcrrEcf6ziMCOzoixDZl7KhM=
70,-14,AcLHUPCYChlFVKa2mqbS8DuA2/Y=,+cMwcrrEcf6ziMCOzoixDZl7KhM=
64,-10,AcLHUPCYChlFVKa2mqbS8DuA2/Y=,+cMwcrrEcf6ziMCOzoixDZl7KhM=
69,-14,AcLHUPCYChlFVKa2mqbS8DuA2/Y=,+cMwcrrEcf6ziMCOzoixDZl7KhM=
68,-14,Kv/SalsiSJoSsSPjC/DdfG0pEB4=,+cMwcrrEcf6ziMCOzoixDZl7KhM=
65,-14,AcLHUPCYChlFVKa2mqbS8DuA2/Y=,+cMwcrrEcf6ziMCOzoixDZl7KhM=
67,-14,AcLHUPCYChlFVKa2mqbS8DuA2/Y=,+cMwcrrEcf6ziMCOzoixDZl7KhM=
64,-14,AcLHUPCYChlFVKa2mqbS8DuA2/Y=,+cMwcrrEcf6ziMCOzoixDZl7KhM=
72,-14,Kv/SalsiSJoSsSPjC/DdfG0pEB4=,1vwLtwo64ZsZ8S5t5REVYyTz7Dk=
66,-14,AcLHUPCYChlFVKa2mqbS8DuA2/Y=,+cMwcrrEcf6ziMCOzoixDZl7KhM=
70,-15,h+fCfKTeZ7zgbHFkpPIgt19hRts=,+cMwcrrEcf6ziMCOzoixDZl7KhM=
71,-15,AcLHUPCYChlFVKa2mqbS8DuA2/Y=,+cMwcrrEcf6ziMCOzoixDZl7KhM=
72,-16,AcLHUPCYChlFVKa2mqbS8DuA2/Y=,1vwLtwo64ZsZ8S5t5REVYyTz7Dk=
68,-15,h+fCfKTeZ7zgbHFkpPIgt19hRts=,+cMwcrrEcf6ziMCOzoixDZl7KhM=
67,-15,h+fCfKTeZ7zgbHFkpPIgt19hRts=,+cMwcrrEcf6ziMCOzoixDZl7KhM=
66,-15,h+fCfKTeZ7zgbHFkpPIgt19hRts=,+cMwcrrEcf6ziMCOzoixDZl7KhM=
69,-15,h+fCfKTeZ7zgbHFkpPIgt19hRts=,+cMwcrrEcf6ziMCOzoixDZl7KhM=
65,-15,h+fCfKTeZ7zgbHFkpPIgt19hRts=,+cMwcrrEcf6ziMCOzoixDZl7KhM=
71,-16,h+fCfKTeZ7zgbHFkpPIgt19hRts=,+cMwcrrEcf6ziMCOzoixDZl7KhM=
64,-15,AcLHUPCYChlFVKa2mqbS8DuA2/Y=,+cMwcrrEcf6ziMCOzoixDZl7KhM=
70,-16,AcLHUPCYChlFVKa2mqbS8DuA2/Y=,+cMwcrrEcf6ziMCOzoixDZl7KhM=
69,-16,AcLHUPCYChlFVKa2mqbS8DuA2/Y=,+cMwcrrEcf6ziMCOzoixDZl7KhM=
65,-10,h+fCfKTeZ7zgbHFkpPIgt19hRts=,+cMwcrrEcf6ziMCOzoixDZl7KhM=
68,-16,AcLHUPCYChlFVKa2mqbS8DuA2/Y=,+cMwcrrEcf6ziMCOzoixDZl7KhM=
67,-16,AcLHUPCYChlFVKa2mqbS8DuA2/Y=,+cMwcrrEcf6ziMCOzoixDZl7KhM=
71,-10,h+fCfKTeZ7zgbHFkpPIgt19hRts=,+cMwcrrEcf6ziMCOzoixDZl7KhM=
72,-15,h+fCfKTeZ7zgbHFkpPIgt19hRts=,1vwLtwo64ZsZ8S5t5REVYyTz7Dk=
66,-16,AcLHUPCYChlFVKa2mqbS8DuA2/Y=,+cMwcrrEcf6ziMCOzoixDZl7KhM=
70,-10,h+fCfKTeZ7zgbHFkpPIgt19hRts=,+cMwcrrEcf6ziMCOzoixDZl7KhM=
65,-16,AcLHUPCYChlFVKa2mqbS8DuA2/Y=,+cMwcrrEcf6ziMCOzoixDZl7KhM=
69,-10,h+fCfKTeZ7zgbHFkpPIgt19hRts=,+cMwcrrEcf6ziMCOzoixDZl7KhM=
68,-10,h+fCfKTeZ7zgbHFkpPIgt19hRts=,+cMwcrrEcf6ziMCOzoixDZl7KhM=
66,-10,h+fCfKTeZ7zgbHFkpPIgt19hRts=,+cMwcrrEcf6ziMCOzoixDZl7KhM=
67,-10,h+fCfKTeZ7zgbHFkpPIgt19hRts=,+cMwcrrEcf6ziMCOzoixDZl7KhM=
71,-1,jQ2Z83oGS+gqPI92DXMzsHkn0WI=,5mUFt+uMoupPKen378F7HEa+KrQ=
70,-1,jQ2Z83oGS+gqPI92DXMzsHkn0WI=,5mUFt+uMoupPKen378F7HEa+KrQ=
67,-5,wtLc4pJcLT89aUpOCf3cK8ap5dI=,5mUFt+uMoupPKen378F7HEa+KrQ=
68,-1,jQ2Z83oGS+gqPI92DXMzsHkn0WI=,5mUFt+uMoupPKen378F7HEa+KrQ=
69,-1,jQ2Z83oGS+gqPI92DXMzsHkn0WI=,5mUFt+uMoupPKen378F7HEa+KrQ=
67,-1,nE/fDPVp28vZFVBPAhsvYS+wMyI=,5mUFt+uMoupPKen378F7HEa+KrQ=
66,-1,nE/fDPVp28vZFVBPAhsvYS+wMyI=,5mUFt+uMoupPKen378F7HEa+KrQ=
65,-1,wtLc4pJcLT89aUpOCf3cK8ap5dI=,5mUFt+uMoupPKen378F7HEa+KrQ=
66,-5,wtLc4pJcLT89aUpOCf3cK8ap5dI=,5mUFt+uMoupPKen378F7HEa+KrQ=
72,-9,h+fCfKTeZ7zgbHFkpPIgt19hRts=,1vwLtwo64ZsZ8S5t5REVYyTz7Dk=
64,-1,wtLc4pJcLT89aUpOCf3cK8ap5dI=,5mUFt+uMoupPKen378F7HEa+KrQ=
72,-1,wtLc4pJcLT89aUpOCf3cK8ap5dI=,kx2pUyEjSlU9+2M6l3mstFI12X4=
65,-5,wtLc4pJcLT89aUpOCf3cK8ap5dI=,5mUFt+uMoupPKen378F7HEa+KrQ=
71,-2,nE/fDPVp28vZFVBPAhsvYS+wMyI=,5mUFt+uMoupPKen378F7HEa+KrQ=
64,-5,wtLc4pJcLT89aUpOCf3cK8ap5dI=,5mUFt+uMoupPKen378F7HEa+KrQ=
71,-6,wtLc4pJcLT89aUpOCf3cK8ap5dI=,5mUFt+uMoupPKen378F7HEa+KrQ=
69,-6,nE/fDPVp28vZFVBPAhsvYS+wMyI=,5mUFt+uMoupPKen378F7HEa+KrQ=
70,-6,nE/fDPVp28vZFVBPAhsvYS+wMyI=,5mUFt+uMoupPKen378F7HEa+KrQ=
68,-6,wtLc4pJcLT89aUpOCf3cK8ap5dI=,5mUFt+uMoupPKen378F7HEa+KrQ=
70,-2,nE/fDPVp28vZFVBPAhsvYS+wMyI=,5mUFt+uMoupPKen378F7HEa+KrQ=
72,-8,nE/fDPVp28vZFVBPAhsvYS+wMyI=,kx2pUyEjSlU9+2M6l3mstFI12X4=
67,-6,wtLc4pJcLT89aUpOCf3cK8ap5dI=,5mUFt+uMoupPKen378F7HEa+KrQ=
65,-6,nE/fDPVp28vZFVBPAhsvYS+wMyI=,5mUFt+uMoupPKen378F7HEa+KrQ=
66,-6,nE/fDPVp28vZFVBPAhsvYS+wMyI=,5mUFt+uMoupPKen378F7HEa+KrQ=
64,-6,wtLc4pJcLT89aUpOCf3cK8ap5dI=,5mUFt+uMoupPKen378F7HEa+KrQ=
69,-2,nE/fDPVp28vZFVBPAhsvYS+wMyI=,5mUFt+uMoupPKen378F7HEa+KrQ=
71,-7,nE/fDPVp28vZFVBPAhsvYS+wMyI=,5mUFt+uMoupPKen378F7HEa+KrQ=
68,-2,nE/fDPVp28vZFVBPAhsvYS+wMyI=,5mUFt+uMoupPKen378F7HEa+KrQ=
67,-2,wtLc4pJcLT89aUpOCf3cK8ap5dI=,5mUFt+uMoupPKen378F7HEa+KrQ=
66,-2,Kv/SalsiSJoSsSPjC/DdfG0pEB4=,5mUFt+uMoupPKen378F7HEa+KrQ=
65,-2,Kv/SalsiSJoSsSPjC/DdfG0pEB4=,5mUFt+uMoupPKen378F7HEa+KrQ=
70,-7,nE/fDPVp28vZFVBPAhsvYS+wMyI=,5mUFt+uMoupPKen378F7HEa+KrQ=
72,-5,jQ2Z83oGS+gqPI92DXMzsHkn0WI=,kx2pUyEjSlU9+2M6l3mstFI12X4=
64,-2,jQ2Z83oGS+gqPI92DXMzsHkn0WI=,5mUFt+uMoupPKen378F7HEa+KrQ=
71,-3,nE/fDPVp28vZFVBPAhsvYS+wMyI=,5mUFt+uMoupPKen378F7HEa+KrQ=
70,-3,nE/fDPVp28vZFVBPAhsvYS+wMyI=,5mUFt+uMoupPKen378F7HEa+KrQ=
69,-7,jQ2Z83oGS+gqPI92DXMzsHkn0WI=,5mUFt+uMoupPKen378F7HEa+KrQ=
69,-3,nE/fDPVp28vZFVBPAhsvYS+wMyI=,5mUFt+uMoupPKen378F7HEa+KrQ=
68,-7,jQ2Z83oGS+gqPI92DXMzsHkn0WI=,5mUFt+uMoupPKen378F7HEa+KrQ=
68,-3,nE/fDPVp28vZFVBPAhsvYS+wMyI=,5mUFt+uMoupPKen378F7HEa+KrQ=
67,-7,jQ2Z83oGS+gqPI92DXMzsHkn0WI=,5mUFt+uMoupPKen378F7HEa+KrQ=
66,-7,jQ2Z83oGS+gqPI92DXMzsHkn0WI=,5mUFt+uMoupPKen378F7HEa+KrQ=
67,-3,AcLHUPCYChlFVKa2mqbS8DuA2/Y=,5mUFt+uMoupPKen378F7HEa+KrQ=
65,-7,jQ2Z83oGS+gqPI92DXMzsHkn0WI=,5mUFt+uMoupPKen378F7HEa+KrQ=
66,-3,AcLHUPCYChlFVKa2mqbS8DuA2/Y=,5mUFt+uMoupPKen378F7HEa+KrQ=
64,-7,wtLc4pJcLT89aUpOCf3cK8ap5dI=,5mUFt+uMoupPKen378F7HEa+KrQ=
65,-3,h+fCfKTeZ7zgbHFkpPIgt19hRts=,5mUFt+uMoupPKen378F7HEa+KrQ=
71,-8,wtLc4pJcLT89aUpOCf3cK8ap5dI=,5mUFt+uMoupPKen378F7HEa+KrQ=
64,-3,jQ2Z83oGS+gqPI92DXMzsHkn0WI=,5mUFt+uMoupPKen378F7HEa+KrQ=
71,-4,nE/fDPVp28vZFVBPAhsvYS+wMyI=,5mUFt+uMoupPKen378F7HEa+KrQ=
70,-8,nE/fDPVp28vZFVBPAhsvYS+wMyI=,5mUFt+uMoupPKen378F7HEa+KrQ=
70,-4,nE/fDPVp28vZFVBPAhsvYS+wMyI=,5mUFt+uMoupPKen378F7HEa+KrQ=
72,-2,wtLc4pJcLT89aUpOCf3cK8ap5dI=,kx2pUyEjSlU9+2M6l3mstFI12X4=
69,-4,nE/fDPVp28vZFVBPAhsvYS+wMyI=,5mUFt+uMoupPKen378F7HEa+KrQ=
68,-8,nE/fDPVp28vZFVBPAhsvYS+wMyI=,5mUFt+uMoupPKen378F7HEa+KrQ=
67,-8,nE/fDPVp28vZFVBPAhsvYS+wMyI=,5mUFt+uMoupPKen378F7HEa+KrQ=
68,-4,nE/fDPVp28vZFVBPAhsvYS+wMyI=,5mUFt+uMoupPKen378F7HEa+KrQ=
69,-8,nE/fDPVp28vZFVBPAhsvYS+wMyI=,5mUFt+uMoupPKen378F7HEa+KrQ=
67,-4,AcLHUPCYChlFVKa2mqbS8DuA2/Y=,5mUFt+uMoupPKen378F7HEa+KrQ=
66,-8,jQ2Z83oGS+gqPI92DXMzsHkn0WI=,5mUFt+uMoupPKen378F7HEa+KrQ=
72,-6,jQ2Z83oGS+gqPI92DXMzsHkn0WI=,kx2pUyEjSlU9+2M6l3mstFI12X4=
66,-4,AcLHUPCYChlFVKa2mqbS8DuA2/Y=,5mUFt+uMoupPKen378F7HEa+KrQ=
65,-8,jQ2Z83oGS+gqPI92DXMzsHkn0WI=,5mUFt+uMoupPKen378F7HEa+KrQ=
65,-4,wtLc4pJcLT89aUpOCf3cK8ap5dI=,5mUFt+uMoupPKen378F7HEa+KrQ=
64,-4,jQ2Z83oGS+gqPI92DXMzsHkn0WI=,5mUFt+uMoupPKen378F7HEa+KrQ=
64,-8,wtLc4pJcLT89aUpOCf3cK8ap5dI=,5mUFt+uMoupPKen378F7HEa+KrQ=
71,-5,wtLc4pJcLT89aUpOCf3cK8ap5dI=,5mUFt+uMoupPKen378F7HEa+KrQ=
72,-7,2ZQO7bkMjiaq37JRdqZ/zK3/kpY=,kx2pUyEjSlU9+2M6l3mstFI12X4=
71,-9,h+fCfKTeZ7zgbHFkpPIgt19hRts=,+cMwcrrEcf6ziMCOzoixDZl7KhM=
72,-3,wtLc4pJcLT89aUpOCf3cK8ap5dI=,kx2pUyEjSlU9+2M6l3mstFI12X4=
70,-9,h+fCfKTeZ7zgbHFkpPIgt19hRts=,+cMwcrrEcf6ziMCOzoixDZl7KhM=
69,-9,h+fCfKTeZ7zgbHFkpPIgt19hRts=,+cMwcrrEcf6ziMCOzoixDZl7KhM=
68,-9,h+fCfKTeZ7zgbHFkpPIgt19hRts=,+cMwcrrEcf6ziMCOzoixDZl7KhM=
67,-9,h+fCfKTeZ7zgbHFkpPIgt19hRts=,+cMwcrrEcf6ziMCOzoixDZl7KhM=
79,-9,2ZQO7bkMjiaq37JRdqZ/zK3/kpY=,1vwLtwo64ZsZ8S5t5REVYyTz7Dk=
79,-8,2ZQO7bkMjiaq37JRdqZ/zK3/kpY=,kx2pUyEjSlU9+2M6l3mstFI12X4=
79,-16,2ZQO7bkMjiaq37JRdqZ/zK3/kpY=,1vwLtwo64ZsZ8S5t5REVYyTz7Dk=
79,-15,2ZQO7bkMjiaq37JRdqZ/zK3/kpY=,1vwLtwo64ZsZ8S5t5REVYyTz7Dk=
79,-14,2ZQO7bkMjiaq37JRdqZ/zK3/kpY=,1vwLtwo64ZsZ8S5t5REVYyTz7Dk=
79,-13,2ZQO7bkMjiaq37JRdqZ/zK3/kpY=,1vwLtwo64ZsZ8S5t5REVYyTz7Dk=
79,-12,2ZQO7bkMjiaq37JRdqZ/zK3/kpY=,1vwLtwo64ZsZ8S5t5REVYyTz7Dk=
79,-11,2ZQO7bkMjiaq37JRdqZ/zK3/kpY=,1vwLtwo64ZsZ8S5t5REVYyTz7Dk=
79,-10,2ZQO7bkMjiaq37JRdqZ/zK3/kpY=,1vwLtwo64ZsZ8S5t5REVYyTz7Dk=
72,-4,wtLc4pJcLT89aUpOCf3cK8ap5dI=,kx2pUyEjSlU9+2M6l3mstFI12X4=
66,-9,h+fCfKTeZ7zgbHFkpPIgt19hRts=,+cMwcrrEcf6ziMCOzoixDZl7KhM=
65,-9,h+fCfKTeZ7zgbHFkpPIgt19hRts=,+cMwcrrEcf6ziMCOzoixDZl7KhM=
64,-9,h+fCfKTeZ7zgbHFkpPIgt19hRts=,+cMwcrrEcf6ziMCOzoixDZl7KhM=
69,-5,wtLc4pJcLT89aUpOCf3cK8ap5dI=,5mUFt+uMoupPKen378F7HEa+KrQ=
68,-5,wtLc4pJcLT89aUpOCf3cK8ap5dI=,5mUFt+uMoupPKen378F7HEa+KrQ=
70,-5,wtLc4pJcLT89aUpOCf3cK8ap5dI=,5mUFt+uMoupPKen378F7HEa+KrQ=
